CustomerID,Age,Tenure,CreditScore,Balance,MonthlyCharges,NumProducts,HasCreditCard,IsActiveMember,Country,Gender,CustomerType,Churn
1,56,56,699,25.527449571832904,444.35468962717346,4,1,1,France,Male,Regular,0
2,69,38,586,12.216508834199633,383.85280772428945,4,0,0,France,Female,Regular,0
3,46,32,485,18.165241479653154,430.16221762839666,2,1,1,France,Female,Premium,0
4,32,58,583,250.0,123.72648924724082,4,0,1,France,Female,Regular,0
5,60,17,815,53.74215591837795,606.279735172203,2,1,0,Spain,Male,Premium,0
6,25,55,536,127.69200621124011,259.14078157014274,1,1,1,France,Male,Regular,0
7,78,56,317,28.617179998793375,403.95583601286404,3,0,1,Germany,Female,Regular,0
8,38,47,713,61.94241124265234,205.6138641392856,2,0,1,France,Male,Regular,0
9,56,41,308,30.780638539818916,746.9378604713814,3,1,1,Spain,Female,Premium,0
10,75,26,719,19.891556772494557,572.6049865515599,3,1,1,Germany,Female,Regular,0
11,36,51,328,36.612402280874676,771.7799446487684,4,1,0,Spain,Male,Regular,0
12,40,41,647,27.870626999889115,1195.6741231781077,4,1,1,Spain,Male,Premium,0
13,28,39,749,196.97137684170082,229.18669039139095,2,1,0,Germany,Male,Regular,1
14,28,25,679,34.275461725437,139.63913330720058,2,0,1,France,Female,Premium,0
15,41,24,665,83.33035149565956,190.7540210782787,4,1,1,France,Female,Regular,0
16,70,22,526,54.953539932764784,399.3589313527366,3,1,1,Germany,Male,Regular,0
17,53,66,417,32.66049363585112,1139.6212756574892,4,1,0,Germany,Male,Regular,1
18,57,51,711,32.136970791205385,169.09866861778806,3,1,1,France,Male,Regular,0
19,41,30,655,20.91916831262716,273.2016095278747,1,0,1,France,Male,Regular,0
20,20,63,553,5.657416306030098,398.1031346196416,2,1,1,Germany,Female,Regular,0
21,39,70,842,71.66286885392283,296.9641616473395,4,0,1,France,Female,Regular,0
22,70,45,743,125.10963575294647,845.8787151440563,3,1,0,Germany,Male,Regular,1
23,19,1,380,12.292140474475671,87.9534976859341,1,1,1,France,Male,Regular,0
24,41,17,345,129.96438234947072,1290.9853001133001,3,1,1,France,Female,Premium,0
25,61,59,348,13.218087078650766,933.1247587050257,2,1,0,France,Female,Regular,1
26,47,32,748,37.7595450267779,622.9254148446336,4,1,1,Germany,Female,Regular,0
27,55,34,706,21.050921528810818,509.1950315628545,3,0,1,France,Male,Premium,0
28,19,50,582,6.080637189365339,60.22255958263726,2,1,1,Germany,Male,Regular,0
29,77,17,772,2.7142764886571493,212.82838901111867,4,1,1,France,Female,Premium,0
30,38,71,715,22.733807448046083,538.672157901565,1,1,1,Spain,Male,Regular,0
31,50,43,420,2.42506318410544,447.0411860643023,3,0,0,Germany,Male,Regular,1
32,29,49,302,5.502264579546144,567.5613379295013,4,1,0,France,Male,Regular,1
33,75,52,615,7.674903404447303,185.02867826761627,4,1,1,Spain,Male,Regular,0
34,39,9,759,0.09587717454780392,115.93268761642224,4,0,1,France,Male,Regular,0
35,78,51,526,8.317620208414318,322.4462903394188,2,0,0,France,Female,Premium,0
36,61,48,378,43.052106795688815,127.02088084726175,1,0,1,France,Male,Regular,0
37,42,10,843,85.60763048346178,2000.0,1,1,1,Germany,Male,Regular,0
38,66,65,370,10.748227003220345,915.5067441031983,2,0,1,France,Female,Premium,0
39,44,57,496,4.216527073804258,274.3028362681977,3,1,1,Spain,Female,Premium,0
40,76,35,357,65.3767835834899,220.06743338188014,2,1,1,Germany,Male,Regular,0
41,80,32,723,0.40981043985004034,401.86014491596455,1,1,1,France,Female,Premium,0
42,59,46,768,66.2434281057825,1080.2120710213235,2,0,1,France,Male,Regular,0
43,45,20,347,7.027353587774865,828.1852171373027,1,0,1,Germany,Female,Premium,1
44,77,51,734,12.957002429873437,655.4632416357533,1,0,0,Germany,Female,Regular,1
45,33,67,484,6.395640942834222,207.51095597942006,1,0,1,Germany,Female,Regular,0
46,32,41,464,14.206961589914064,1022.4325601613265,1,0,1,France,Male,Premium,0
47,79,18,630,80.01794717953494,1857.6388284529478,3,0,1,France,Female,Regular,0
48,79,19,629,7.109530504817077,1098.5523973900274,1,1,1,France,Female,Regular,1
49,64,70,420,250.0,1030.4610276042429,4,0,0,France,Female,Regular,1
50,79,22,512,19.807762192065763,541.0998256373749,4,1,1,France,Female,Regular,0
51,68,60,806,127.53189442185038,1772.8678021045116,1,0,0,Spain,Male,Regular,1
52,61,62,467,10.538093572637182,192.24521443390594,1,0,0,Germany,Female,Premium,1
53,72,11,845,10.40643699094328,1293.9255120595383,2,1,0,Germany,Male,Regular,0
54,69,23,726,41.65906154761013,226.13725845048558,3,1,1,France,Male,Regular,0
55,74,29,520,2.5962581147375285,974.9269240125359,1,0,0,Germany,Female,Regular,1
56,20,52,309,80.72325076732677,1178.815220326595,2,1,0,France,Female,Premium,0
57,54,7,419,28.956583939345116,403.8958162368205,1,1,1,France,Female,Regular,0
58,68,28,546,60.064898137464894,299.8607698933694,3,1,1,Germany,Female,Premium,1
59,24,60,659,9.596308902437412,1490.3782145986286,3,1,0,France,Female,Premium,1
60,38,4,520,51.411048882750535,424.96377985835113,4,0,1,France,Female,Regular,0
61,26,25,805,45.07880800106902,344.7784512356111,3,1,1,Germany,Female,Premium,0
62,56,29,357,70.45998523455258,393.2165491077781,4,1,1,Spain,Female,Regular,0
63,35,53,759,17.648468948138206,661.6373885436471,3,0,1,France,Female,Regular,0
64,21,12,427,135.2768493223073,1816.0124278787266,2,1,1,Germany,Male,Premium,0
65,42,28,385,162.59716561464234,1135.7011303504917,3,1,0,Spain,Male,Regular,0
66,77,2,403,101.29451218921773,629.4174606525437,2,1,1,France,Male,Premium,0
67,31,70,442,42.43554897055054,441.4505319183976,4,0,0,Spain,Female,Premium,1
68,67,14,504,27.261215868894382,521.2052295473338,2,1,1,France,Male,Regular,1
69,75,27,337,2.9870978105468327,301.22173707341744,4,0,0,France,Male,Premium,0
70,26,1,662,147.0885384882023,241.17188614389053,3,1,1,France,Male,Regular,0
71,43,6,608,151.60046363071004,744.5417533457675,2,1,1,France,Female,Regular,0
72,70,25,351,0.9432645406294203,257.6038301182184,2,0,1,Germany,Male,Premium,0
73,19,15,300,22.071784072605208,758.6828524907402,4,1,1,France,Female,Regular,0
74,37,22,310,106.02833254767876,1788.3852872963746,3,1,1,Germany,Female,Regular,0
75,45,39,513,4.215408046247473,481.9010954945654,1,1,1,Germany,Female,Regular,0
76,64,59,817,10.943035334412114,736.9464239328465,1,0,0,France,Male,Premium,0
77,77,72,714,192.3991917431821,534.6435814645479,2,0,1,France,Male,Regular,0
78,24,31,307,93.96034011920695,420.77746971848444,4,0,1,Germany,Male,Regular,0
79,61,14,304,121.55701243032739,559.9851515250953,4,1,1,France,Female,Regular,0
80,78,12,661,7.666558540719397,120.3758973187036,4,0,0,Germany,Male,Premium,0
81,25,4,411,11.869474665204011,1062.2570884726024,3,1,1,Germany,Male,Regular,0
82,64,51,572,46.49623572688644,632.8759435240114,3,1,1,Germany,Female,Regular,0
83,52,40,721,34.83148397157444,506.69699318662987,3,1,1,France,Male,Regular,0
84,31,52,564,17.72696063664555,491.4188778645779,1,1,0,France,Male,Regular,0
85,34,49,757,107.64204813257605,416.8432977846094,2,1,0,France,Female,Regular,0
86,53,14,511,115.82842814695012,289.7734784767521,3,1,1,France,Female,Regular,0
87,67,6,377,17.24324857521764,253.32615103632165,2,1,1,Spain,Male,Premium,0
88,57,39,520,8.465516985099354,648.8124429789556,4,0,1,Germany,Male,Regular,0
89,21,27,668,8.072587942837824,104.31461699774869,3,0,1,Spain,Male,Regular,0
90,19,31,646,33.1236437635395,167.61887883340074,3,0,1,France,Female,Regular,0
91,79,14,324,7.1311149504568725,300.6872463073173,3,1,1,Spain,Male,Regular,0
92,23,69,719,32.06002608212101,882.8073312393981,2,0,1,Germany,Female,Premium,0
93,71,64,653,30.988709258761247,1684.2836894537584,1,0,1,France,Female,Regular,0
94,59,3,716,107.75578266809491,85.00537186442465,1,1,1,France,Male,Regular,0
95,21,10,814,17.563794384007057,922.439608888358,4,0,1,Spain,Male,Regular,0
96,71,25,514,41.12322565716468,212.01730264341458,2,0,1,France,Male,Premium,0
97,46,63,411,68.03130426323081,1522.1906150267441,3,0,1,Spain,Male,Premium,1
98,80,36,727,45.30647599580772,2000.0,1,0,1,Germany,Female,Regular,0
99,35,22,515,154.02949310438785,109.49027058003115,4,1,1,Germany,Male,Regular,0
100,43,40,712,46.10003520155283,873.7199272980016,1,0,0,France,Female,Regular,1
101,61,22,679,116.06912230713911,794.1829015763008,2,1,1,France,Female,Regular,0
102,51,15,531,14.05561101378417,172.8453147905805,4,1,1,Spain,Male,Regular,0
103,27,60,557,41.13464322331488,177.53188657400062,2,1,1,France,Female,Premium,0
104,79,67,555,39.18707679056741,554.8881395538033,4,1,1,France,Female,Regular,0
105,53,30,702,227.5914726171721,619.6199140300422,2,1,0,France,Male,Regular,0
106,31,52,723,11.439618381344657,678.7174081602857,3,1,1,France,Female,Premium,0
107,48,26,364,7.598933588621963,548.1379971837669,3,0,0,Spain,Male,Regular,1
108,65,42,489,47.295256777988186,771.4461805435664,2,1,1,France,Male,Regular,1
109,32,11,472,12.660305748112933,243.43796553098045,2,0,1,France,Male,Regular,0
110,25,8,526,50.96538668122733,510.9006166390663,1,0,1,Germany,Male,Regular,0
111,31,11,687,179.65862859495886,275.20167376211646,1,1,0,France,Female,Regular,0
112,40,72,700,146.409284743182,160.47299202930012,4,0,0,France,Male,Regular,1
113,77,53,512,13.13991453402199,337.93988410767565,2,1,1,France,Male,Regular,0
114,74,53,352,9.370504967463953,596.571782663972,2,1,1,Spain,Male,Regular,0
115,79,27,438,41.13310816412227,1370.4721283178778,2,1,1,France,Female,Regular,0
116,57,55,717,44.188428883457824,1011.3057629539906,1,1,1,France,Female,Premium,0
117,38,68,442,54.27247567417625,272.8375988473295,1,1,0,Germany,Female,Regular,0
118,33,66,808,67.6412241542098,724.4300039262957,3,0,1,Germany,Male,Premium,1
119,62,41,785,45.93434385091994,343.38586790217585,4,0,0,France,Female,Regular,0
120,35,37,736,5.925271285093739,50.86953687157549,1,1,1,Germany,Male,Premium,0
121,64,67,842,78.07001360733238,557.5668446005358,4,1,1,Germany,Female,Premium,0
122,70,52,592,4.142847358417863,963.6665526638637,4,0,0,France,Male,Regular,0
123,41,32,583,1.0097622150843133,1619.9390634056608,1,1,1,France,Male,Regular,0
124,43,70,313,73.40954857638806,379.7757661812399,2,1,1,Germany,Male,Premium,0
125,42,55,571,39.74320869964741,365.17041766214237,2,1,1,Germany,Female,Premium,0
126,77,71,324,59.96442606760344,519.4603922730511,3,1,1,France,Male,Regular,0
127,77,56,621,24.1238407872064,329.80800841241734,2,1,0,France,Female,Regular,1
128,77,53,402,0.5577237001180785,827.4880717430613,2,1,0,France,Female,Premium,1
129,62,14,339,20.099708125588453,263.3317385088498,1,1,0,Spain,Female,Regular,0
130,58,37,534,46.8419240329214,79.16006358621287,4,0,1,France,Female,Regular,0
131,46,14,388,12.789992453798007,1084.9380749539635,2,1,1,France,Female,Regular,0
132,32,4,399,58.206257597412005,529.6702239152955,1,0,1,Spain,Female,Premium,0
133,62,53,443,79.09138286694964,336.14139853577035,4,0,0,Spain,Male,Regular,0
134,18,50,381,30.28127154180822,195.77259626610234,1,1,1,Germany,Female,Regular,0
135,42,9,528,104.26143196133675,1164.6956033148763,2,1,0,France,Female,Regular,0
136,24,11,694,96.48786320768554,290.37952410764785,2,1,1,France,Female,Regular,0
137,26,3,812,105.21046849959377,700.8257708997093,1,1,0,Spain,Male,Premium,0
138,41,17,496,54.09322092222626,1478.75402984258,3,1,1,France,Male,Regular,0
139,18,35,573,18.176994095089842,623.8089709506547,4,0,1,Germany,Male,Regular,0
140,61,24,671,32.816783974093454,720.1428350372556,4,1,1,France,Male,Regular,0
141,25,34,379,61.98183842953772,647.4396500485666,2,1,1,France,Female,Regular,1
142,41,72,534,11.821803665761266,949.7315322945203,1,1,0,Germany,Male,Regular,1
143,80,11,586,67.13177349681361,376.0747497329154,1,1,1,France,Male,Regular,1
144,28,60,844,39.71345869434383,674.542292997044,2,1,1,Germany,Male,Regular,0
145,68,52,736,5.047260556256738,276.77458804256725,1,1,1,France,Male,Regular,0
146,34,17,426,40.74160271229373,1603.8027486813003,2,0,1,France,Female,Regular,0
147,25,42,716,3.455508465400914,689.8711225051701,3,0,1,Spain,Male,Regular,0
148,52,34,340,0.7205310536087666,306.20721069213323,4,1,1,France,Female,Premium,0
149,52,62,768,110.19479048855263,364.67365566523193,3,0,0,Spain,Male,Regular,0
150,50,3,596,33.659003987013335,515.7336210649687,1,0,1,Spain,Male,Premium,0
151,76,46,341,39.185295375237715,1378.8788625487953,4,1,1,France,Female,Regular,1
152,22,44,578,16.420882120772482,311.47640342018184,2,0,0,Germany,Female,Regular,0
153,59,49,758,39.12567216488936,274.6678366551903,2,1,1,France,Male,Premium,0
154,56,27,332,9.24837423778682,708.1506523529772,4,1,1,Germany,Male,Premium,0
155,75,42,575,68.45137424437556,778.9197587010426,3,1,1,Germany,Female,Premium,1
156,58,68,389,86.67900761545285,85.89084040810206,3,1,1,Germany,Male,Regular,0
157,45,0,823,96.85398559080635,583.4322963915506,2,1,1,France,Female,Regular,0
158,24,38,459,5.638993972388655,129.29229234344803,1,0,1,France,Male,Regular,0
159,26,16,757,40.794494794758755,520.0219346287352,2,1,1,Spain,Female,Premium,0
160,25,34,698,82.708943868413,502.16677382854704,1,1,1,Germany,Female,Premium,0
161,29,45,390,6.860707609747352,282.1366383889433,1,0,0,Spain,Male,Regular,0
162,51,38,765,5.241499941120607,149.91220521201723,4,1,0,France,Female,Regular,1
163,50,38,519,84.89761145997502,147.2107119610109,4,1,0,France,Female,Premium,0
164,65,48,718,79.66249217855722,870.7944412836288,2,0,1,Germany,Male,Regular,0
165,72,61,678,29.773185232011873,53.96873555716688,4,1,1,Spain,Male,Premium,0
166,40,37,746,5.810466976675189,1150.4315822429896,2,1,0,Germany,Female,Premium,0
167,79,19,445,36.29624309558388,1455.7472354979761,4,0,1,France,Female,Regular,1
168,41,21,532,25.11007922989435,325.10903713808904,3,0,1,France,Female,Regular,0
169,54,3,670,36.5473779718611,639.8035726952347,3,1,0,France,Male,Regular,0
170,52,48,533,28.981568676063716,391.4401993005391,3,1,1,Spain,Female,Regular,0
171,61,58,666,42.02605860040893,666.3515030309889,4,0,1,France,Female,Regular,0
172,57,72,780,64.93793780552637,188.32228117584037,1,1,0,Germany,Male,Regular,1
173,39,67,662,74.55162100517228,189.18128146147583,4,1,1,France,Female,Regular,0
174,44,70,810,52.34591697656246,684.4595029368044,3,1,1,Germany,Female,Regular,0
175,52,1,394,11.091009807152073,601.3487187919816,2,1,1,France,Female,Regular,0
176,18,48,515,25.302106281638626,668.8157592658526,1,1,0,France,Female,Regular,0
177,52,39,842,3.6943859832468124,86.74541549609731,3,0,0,Germany,Male,Regular,1
178,54,39,434,30.04423912411685,606.6654069457245,4,0,1,Germany,Male,Regular,0
179,64,59,382,175.8968071113673,308.6518332672454,2,0,0,France,Male,Regular,1
180,31,50,690,51.323518095961816,1320.1295132649338,4,1,1,France,Male,Regular,0
181,20,42,346,8.398009710211117,360.11090619961396,2,1,1,Germany,Female,Premium,0
182,18,54,691,15.638211463220495,382.5178019934683,3,1,1,France,Female,Regular,0
183,22,48,684,3.337643018373701,428.01616920235864,2,1,1,France,Male,Regular,0
184,43,52,680,10.069952430521639,1708.7708274426705,2,1,0,France,Female,Regular,1
185,72,14,376,33.45607058402408,292.2619974019751,2,0,1,Spain,Female,Regular,0
186,80,26,558,21.145040119374343,293.7767388596408,3,1,0,France,Female,Regular,0
187,31,67,698,11.405437709694803,156.21428571610753,2,0,1,Germany,Male,Premium,0
188,56,72,399,7.926252463458431,383.7709293074773,4,1,0,Germany,Male,Regular,1
189,44,29,800,53.366018919015076,1288.0177836693815,1,0,0,Spain,Female,Regular,0
190,26,35,682,40.83385228086045,528.3193536277937,4,1,1,Spain,Male,Regular,0
191,32,66,491,92.46105444917751,1085.2309919840259,2,1,0,Spain,Male,Regular,0
192,32,48,644,10.121288084542908,745.0520113177486,2,1,1,France,Female,Premium,0
193,43,54,309,94.18895521720144,544.7457634966222,3,0,0,France,Male,Premium,0
194,59,55,563,43.12697477660222,165.4167428876419,4,1,0,Spain,Male,Premium,0
195,77,67,567,15.47751878002252,135.5309499423028,2,1,1,France,Male,Regular,0
196,30,43,494,15.979497232321286,352.3892353093355,3,1,1,France,Male,Regular,0
197,68,30,706,24.746005336395008,285.2492727773724,3,0,0,Spain,Female,Regular,0
198,80,57,595,30.821087679932308,1362.0416153917974,3,1,1,France,Male,Regular,0
199,49,52,396,4.305412050816221,53.12882368862694,3,1,1,France,Female,Regular,0
200,56,22,761,92.25774826881256,816.5266064328931,2,1,1,France,Male,Regular,0
201,66,27,386,6.47930609103933,1051.393609690576,2,0,1,Spain,Female,Premium,0
202,69,15,376,33.03011225983156,595.7429341276694,3,1,0,Germany,Female,Regular,0
203,78,36,782,24.14173852439381,360.81182540866365,3,1,1,Spain,Female,Premium,0
204,49,20,445,35.90141668812319,740.8424809909516,4,0,1,France,Male,Premium,0
205,21,16,410,109.23233327865587,94.44643616781919,3,1,1,France,Female,Regular,0
206,47,38,596,225.89616617685385,911.5616488525602,3,0,0,France,Male,Regular,1
207,54,17,725,1.0239828282598025,1114.039606645638,2,1,0,France,Male,Premium,1
208,40,29,633,24.98105083432396,1198.5364727707833,1,0,1,France,Female,Premium,0
209,56,44,822,85.08054691502788,804.7050636035675,4,1,1,Germany,Male,Premium,0
210,62,17,837,19.771002472881165,507.5522402333046,2,1,1,Germany,Male,Regular,0
211,32,61,461,52.353606306139866,393.17757551495407,3,1,1,Spain,Female,Premium,0
212,60,35,729,243.06253620605972,273.96491966458274,3,0,1,Germany,Female,Regular,0
213,46,51,368,52.0319762406501,77.37286828858852,3,1,1,France,Female,Regular,0
214,53,18,432,5.893666977991787,771.1858899751359,4,0,1,France,Male,Regular,0
215,30,43,488,92.55380861624288,188.38318294097135,3,0,1,France,Female,Regular,0
216,49,6,578,170.0460269381288,459.51507112041037,1,1,1,Germany,Female,Regular,0
217,24,43,729,62.32808553240288,199.00754258047698,4,1,1,France,Male,Regular,0
218,76,67,841,27.15608702169393,344.0818298450014,4,0,0,France,Male,Regular,0
219,68,33,460,148.21185023337668,520.6821543792122,3,1,1,Spain,Male,Regular,0
220,39,65,752,173.00282712577558,2000.0,4,1,0,Germany,Female,Regular,0
221,45,68,469,136.75828388791123,1562.5172506516456,4,1,0,Germany,Male,Regular,0
222,19,63,356,26.536027962478855,873.5898004203001,1,0,0,France,Male,Premium,1
223,59,9,539,77.9628343759338,2000.0,2,1,1,Germany,Female,Regular,0
224,62,41,657,53.09175085201316,805.3928652801224,1,0,1,France,Female,Regular,0
225,79,40,500,9.90466390811154,1219.2379673773175,2,0,1,Germany,Female,Premium,0
226,74,68,743,38.3412901178105,298.11215347388054,1,0,1,France,Male,Premium,0
227,70,9,601,68.85503941662364,750.2886594599394,3,1,1,Germany,Male,Premium,0
228,23,9,405,113.1260617526843,730.9801102701866,1,0,1,Germany,Male,Premium,0
229,45,59,400,99.24235195249538,1250.1925969905953,4,0,0,Spain,Female,Premium,0
230,45,50,396,8.400729573796612,424.70041080608,4,0,0,France,Male,Regular,0
231,61,27,328,33.47477952961977,1122.9007436379131,4,1,0,France,Female,Regular,1
232,61,7,805,32.53012196924633,788.0249404994552,3,1,1,Spain,Male,Regular,0
233,37,64,737,114.50173987174541,890.914082916562,1,1,1,Germany,Female,Regular,0
234,47,29,678,0.09695940737105749,526.897149195171,2,1,1,Germany,Male,Premium,0
235,79,48,372,67.10689582749025,486.6090338419513,1,1,1,France,Female,Regular,0
236,28,8,553,48.2007722386187,1319.6674507727482,1,1,0,France,Female,Regular,0
237,75,16,815,127.27837776319491,164.652184033958,2,1,1,France,Male,Regular,0
238,72,68,849,30.52468806485255,1450.2992431978128,1,1,0,France,Male,Regular,0
239,45,57,319,53.59933335653674,112.24234879576889,4,0,0,Germany,Male,Regular,0
240,42,56,834,180.12963942270105,375.91672008531935,2,0,1,France,Female,Premium,0
241,56,72,720,68.11009895176797,408.70300650009676,1,1,0,Germany,Male,Regular,1
242,79,51,745,3.4880855339268537,628.5405617222984,2,1,0,Spain,Female,Premium,0
243,50,72,435,9.168117970417114,161.4122263032615,2,0,0,France,Female,Regular,1
244,18,36,804,86.1446391138313,2295.6498012696834,3,1,1,Germany,Female,Regular,1
245,74,37,600,20.38304141995445,268.3666522756812,2,0,1,Germany,Male,Regular,0
246,44,42,332,61.19485075236077,297.6916777062568,2,1,1,Spain,Male,Regular,0
247,79,62,577,60.169271067426244,227.29563544132262,3,1,1,France,Male,Regular,0
248,74,18,432,250.0,1054.8402334904436,3,1,1,Spain,Female,Regular,0
249,69,49,826,31.73190785917842,462.39238193446283,4,1,1,Germany,Male,Premium,0
250,30,32,425,66.93855672187952,627.8635379277464,4,1,1,France,Male,Regular,0
251,58,12,644,2.4990697276552463,1227.8715671478897,2,0,1,France,Male,Premium,0
252,20,61,316,31.04979370722231,563.7786604111636,3,1,1,Spain,Male,Regular,0
253,56,42,677,10.331627116913127,387.3932754983886,2,1,0,France,Male,Regular,0
254,23,48,359,91.80800287454855,766.3565351048386,2,1,0,France,Female,Premium,0
255,25,35,766,91.60043514537823,226.34694211708168,1,1,0,Germany,Female,Regular,0
256,44,20,690,13.483229703211554,475.0069528967217,2,1,0,France,Male,Regular,1
257,26,5,486,19.157191082315943,410.67888757701184,3,1,1,France,Female,Premium,0
258,79,56,797,60.613319135078655,278.197707635909,1,1,1,Germany,Female,Regular,0
259,54,12,660,67.02131327563997,1421.2806480950542,1,1,0,Spain,Male,Premium,1
260,50,70,748,53.593396743443066,55.20748149266821,3,1,1,France,Female,Regular,0
261,68,57,480,250.0,1185.8730125162765,4,1,1,France,Male,Premium,0
262,59,20,429,101.50713229352391,182.26419436704197,3,1,1,Germany,Male,Regular,0
263,61,55,448,26.983454693853865,2000.0,1,0,1,Germany,Male,Regular,0
264,41,19,771,19.79876804223931,1494.4583734356477,3,1,1,France,Male,Regular,0
265,32,53,799,45.42229763820323,553.0531692032571,3,0,1,France,Male,Regular,0
266,76,26,654,85.08762154001423,2473.794696369578,4,0,0,Spain,Female,Regular,1
267,71,27,510,32.25057330923711,617.9801544387092,2,1,1,France,Female,Regular,0
268,49,4,329,66.91191032903183,372.91420586977034,3,0,0,Germany,Male,Regular,0
269,49,15,323,0.9672985937651426,294.9675901860948,2,0,0,France,Male,Regular,1
270,41,17,521,130.0765909028013,907.1014619213698,3,0,1,Germany,Male,Regular,0
271,58,46,700,74.32446263978669,409.26270915421696,3,1,1,Spain,Female,Regular,0
272,69,69,811,25.059450832361986,574.9336156054728,4,1,0,France,Male,Regular,0
273,66,56,387,24.22641623043445,1149.9922188163064,3,1,1,Spain,Male,Regular,0
274,79,18,764,5.428661754180337,2000.0,4,1,1,Germany,Male,Regular,0
275,66,64,349,84.68276632221125,1178.0881246460274,3,1,0,France,Female,Regular,0
276,75,2,402,73.1867498617172,1119.4573122762201,1,1,1,France,Female,Premium,0
277,69,47,667,49.74636932064076,1319.9657152404434,1,1,0,Germany,Female,Regular,1
278,29,20,791,5.3490064452914705,658.6399473190362,4,0,1,Germany,Female,Regular,0
279,79,39,567,15.213705822852003,50.0,3,0,1,Spain,Male,Regular,0
280,56,72,696,30.708896127334555,706.5986105071795,1,1,0,Germany,Male,Regular,1
281,19,24,619,15.460401367183499,494.42941904756697,3,1,1,Spain,Male,Regular,0
282,20,54,819,28.45575648361145,1022.2635807879044,4,1,1,France,Male,Regular,0
283,66,51,748,12.806427491985323,441.211602709201,3,1,1,Germany,Female,Regular,0
284,54,43,775,21.50842476791665,322.94930575403373,2,1,1,France,Male,Regular,0
285,66,55,539,52.8203138549869,466.92464674759395,4,1,0,Spain,Male,Regular,0
286,73,54,557,111.44864969311001,165.22068528286235,4,1,1,France,Female,Premium,0
287,34,69,689,24.309145030176584,1162.2971509345396,2,1,1,France,Female,Premium,0
288,76,72,642,58.86787948051595,998.7041875185165,3,0,1,France,Male,Premium,0
289,66,65,686,7.239329708068667,749.6279717207069,1,1,0,France,Female,Regular,0
290,19,18,693,38.915429256296626,1051.5342325071936,4,1,0,France,Female,Premium,0
291,19,6,569,127.3630821827532,334.80816259831016,4,0,1,France,Male,Regular,0
292,45,62,448,1.4166715952814457,233.69398229174988,1,0,0,Germany,Male,Regular,0
293,71,41,679,15.568512534095946,887.0548927445589,3,1,1,France,Male,Premium,0
294,40,37,327,7.106615660894413,1762.2567887040689,1,1,0,Germany,Male,Regular,1
295,54,58,448,38.08430912767785,418.6602890302226,3,1,1,Germany,Female,Regular,0
296,49,19,719,56.91588035630557,507.5948961885012,2,0,1,Spain,Male,Premium,0
297,50,72,579,2.975781427195483,473.2899907129309,1,0,0,Spain,Female,Premium,1
298,18,29,481,3.643828412785341,457.963549388633,4,1,1,France,Male,Regular,1
299,36,22,465,101.86862626631006,652.2555570757679,1,1,0,Germany,Male,Regular,1
300,79,46,316,30.4617352959622,358.512740890901,4,1,1,Germany,Male,Regular,0
301,19,1,449,31.08335287540514,288.52584578816936,2,0,0,France,Female,Regular,0
302,70,62,638,144.6410933103896,1011.4322138840469,3,0,1,France,Male,Regular,0
303,61,63,344,19.29853893602535,645.0986824267395,4,0,0,France,Male,Regular,1
304,43,18,801,113.66279499766507,617.9428376327054,1,1,1,France,Female,Premium,0
305,49,16,488,182.97524621191897,667.5855977887973,2,1,1,France,Female,Premium,0
306,23,66,360,13.833427075909885,384.4426349801897,4,1,0,Germany,Female,Regular,1
307,49,38,593,36.081329746403526,429.61531231199297,1,1,1,Germany,Male,Premium,0
308,72,70,332,38.216710683737546,838.9555897480457,2,1,1,Spain,Male,Regular,0
309,21,38,598,100.55854161349511,688.9876767400168,1,1,1,France,Male,Premium,0
310,72,35,714,18.113681970010425,1030.4194704269532,3,0,1,France,Male,Regular,0
311,28,39,848,79.9848859634637,430.6909062764726,4,1,1,France,Male,Regular,0
312,73,44,730,177.035717656827,740.4339431092301,1,1,1,Germany,Female,Premium,0
313,76,3,794,91.73438800428528,1501.0814801064628,2,1,1,France,Female,Premium,0
314,34,24,399,119.92192691821406,1010.9033863061293,3,1,1,Spain,Male,Premium,0
315,80,68,322,61.610802334342,111.63152073269342,1,1,1,France,Male,Regular,0
316,55,29,719,117.14731816089663,213.07253029161956,4,1,1,Germany,Male,Premium,0
317,41,67,723,9.007234515539823,1398.6251184584085,2,0,1,France,Male,Regular,0
318,22,28,786,62.3025250124142,163.4598327823277,2,1,1,France,Female,Regular,0
319,69,72,388,65.81553862244138,143.0577740128224,3,0,0,France,Male,Premium,1
320,51,67,508,28.917848413363345,589.8736361679552,1,1,1,France,Male,Regular,0
321,23,51,570,4.154868736322862,1945.7773158638556,3,1,0,Germany,Male,Regular,1
322,39,23,705,48.70178524336538,744.3134197307345,2,1,0,Germany,Female,Regular,0
323,28,13,577,2.6637526582457904,734.0629784670879,4,1,1,France,Female,Regular,0
324,80,68,505,24.0959160991998,96.86844266586772,2,0,0,France,Male,Regular,0
325,65,17,627,25.01656321577744,263.08430328641754,1,1,1,Spain,Female,Regular,0
326,33,41,635,250.0,1358.579550163767,2,1,1,France,Male,Regular,0
327,50,56,337,17.81960874816171,586.9605739933849,4,0,1,France,Male,Regular,0
328,26,11,527,85.86617453674226,462.03260852547754,4,1,0,France,Male,Regular,0
329,77,16,782,2.731874801047233,706.1069177637296,3,1,1,France,Female,Regular,0
330,76,29,433,37.72624023782182,1455.4757501557815,2,0,1,France,Female,Regular,0
331,23,24,689,38.46812627388034,447.8365303402109,1,1,0,France,Male,Regular,1
332,33,0,724,49.543959671475704,244.34801470007983,4,0,1,France,Female,Premium,0
333,46,31,809,83.03792967297473,692.9384025525815,4,1,1,Spain,Female,Regular,0
334,20,8,726,71.75813657922883,335.5491335185973,1,1,1,Germany,Male,Regular,0
335,37,14,773,71.56628686939302,657.8650260405761,2,0,1,France,Female,Regular,0
336,77,25,660,28.30757421063494,498.2364665515692,4,0,0,Germany,Female,Regular,1
337,76,23,510,65.00060094277194,117.9302784784158,3,1,0,Spain,Female,Regular,0
338,53,59,478,33.796386275299064,287.4932012486502,4,1,0,France,Female,Regular,0
339,36,34,357,3.4648875949667652,200.54311666532044,1,1,1,France,Female,Regular,0
340,43,26,372,110.44644246929813,521.8960252360852,2,1,1,Spain,Female,Regular,0
341,20,19,514,110.43803087817774,143.61683111669254,4,1,1,Germany,Male,Regular,0
342,80,64,372,19.495247239172112,574.2339245880597,4,1,0,Germany,Female,Regular,0
343,36,48,766,122.61381446963054,466.93036027257705,2,0,1,Germany,Female,Regular,0
344,37,6,570,70.93757992049592,358.0581329662999,2,1,0,France,Female,Regular,1
345,49,9,798,25.608095047842163,443.51921885589394,3,1,1,Spain,Male,Regular,0
346,24,46,653,20.136362854145773,1540.1509149958097,4,1,1,France,Male,Premium,0
347,69,58,533,184.73018911534467,326.95040432753063,3,1,0,France,Female,Regular,0
348,58,61,618,62.34870635527295,686.7320075532277,3,1,1,France,Male,Regular,0
349,50,16,318,23.805910645116565,654.3681912184031,1,1,0,Germany,Male,Regular,1
350,57,45,671,51.358864397697545,812.9707844198005,4,0,1,Spain,Female,Regular,0
351,56,40,483,42.376284204545684,1001.3431457324507,2,1,1,Germany,Male,Premium,1
352,35,26,576,37.173628513179004,599.7789431980846,3,1,1,France,Male,Premium,0
353,57,17,444,51.739906010946314,335.58192829016866,1,1,1,Germany,Male,Regular,0
354,18,38,380,38.56909441874032,549.5344434453822,1,1,1,Germany,Female,Premium,0
355,28,48,621,53.1801688016729,478.20986913595465,4,0,1,Spain,Male,Regular,0
356,45,43,734,119.0644061263314,937.6665241148859,1,1,0,France,Male,Regular,0
357,74,70,342,250.0,358.8253299228718,1,0,0,France,Male,Regular,1
358,42,53,612,61.7709158557593,638.3654967854573,4,0,0,France,Male,Regular,0
359,67,33,592,131.43016937413637,206.9372223166338,3,1,1,France,Female,Regular,0
360,40,70,368,97.74107573861055,597.9802814134439,1,1,1,Germany,Male,Regular,0
361,48,35,355,17.480526217942746,962.8775877069285,3,1,1,Germany,Female,Premium,0
362,47,17,503,135.0845107203844,1158.3064807155804,3,1,1,France,Female,Regular,0
363,59,37,719,3.672048197030273,330.02849721091667,3,1,1,Germany,Male,Premium,0
364,52,58,849,20.018044419732846,341.45537881903147,2,1,0,France,Male,Premium,0
365,24,8,542,51.07491505933238,756.2622597371874,4,1,1,France,Male,Regular,0
366,77,72,500,37.42405725725262,66.18367431348801,4,1,0,France,Male,Regular,1
367,33,71,773,39.08934607576389,340.6782753717943,3,1,1,France,Male,Regular,0
368,43,50,826,79.21003577399381,686.247370837674,1,1,0,Spain,Male,Premium,0
369,65,34,376,10.827248637779629,1408.1517860054016,2,1,1,Germany,Male,Premium,0
370,74,4,777,201.07936714842953,306.6272772737183,2,0,1,Germany,Female,Regular,0
371,69,16,739,28.76449425390415,288.5380807019745,4,1,0,Germany,Female,Regular,1
372,77,29,562,149.63012363033113,746.8988379693928,2,1,0,Germany,Male,Regular,0
373,66,3,484,24.153702978886912,855.0937293521932,3,1,1,France,Male,Regular,0
374,19,38,354,46.03837046940822,784.1150840530352,3,0,1,France,Female,Regular,0
375,18,63,607,29.92017363335766,366.6756128805149,4,1,0,Spain,Female,Regular,0
376,65,24,815,56.34058358207319,1502.9169217943042,4,1,1,France,Male,Regular,0
377,79,27,598,10.144056963734057,623.6216422169065,2,1,1,France,Female,Regular,0
378,29,65,529,25.593686378453974,543.9992676893748,1,1,0,France,Female,Regular,0
379,22,21,676,3.541573861537613,672.9010551951085,2,1,1,France,Female,Regular,0
380,54,30,585,45.57777516305118,336.6466525331517,4,1,1,France,Male,Premium,0
381,49,22,437,164.41357091083955,576.8058110807185,3,1,1,Germany,Male,Regular,0
382,76,47,777,2.349680991865123,807.1916554855375,3,0,1,France,Female,Regular,0
383,72,19,306,53.886104488085195,426.0615708700709,1,0,1,France,Female,Regular,0
384,26,38,718,74.6045182767168,328.66160430476515,1,1,1,France,Female,Regular,1
385,58,54,771,11.9832404511756,1517.1299582133097,2,1,1,France,Female,Premium,0
386,52,67,719,15.946549918709332,373.58443308283904,3,0,1,Spain,Male,Regular,0
387,36,0,575,11.256093234318122,145.6394848976671,2,0,1,France,Male,Premium,0
388,65,6,389,17.649276245162696,268.9862119907999,1,1,1,Germany,Female,Premium,0
389,33,56,581,5.831329184867012,658.219784866027,4,1,1,Germany,Male,Regular,0
390,20,11,847,23.129389437287585,872.4699991464149,2,0,1,France,Male,Regular,0
391,37,4,470,23.016860622886483,667.8654535137539,2,1,1,Spain,Male,Premium,0
392,41,49,654,82.32259183431351,1593.590395915298,3,0,1,Germany,Female,Regular,0
393,71,41,503,80.71205034250804,653.5826638615943,3,0,1,Germany,Female,Premium,0
394,73,11,588,79.65937426562782,1623.9699331488657,3,1,1,France,Male,Regular,0
395,50,17,761,41.85502474394103,776.2185649929742,2,1,1,France,Male,Regular,0
396,41,65,472,19.717408064147303,225.37239183285348,3,0,1,France,Female,Premium,0
397,69,16,600,26.463442667140786,492.827038759693,3,1,1,Germany,Male,Regular,0
398,28,67,828,19.117479955979803,238.81551376090505,1,0,1,Spain,Female,Regular,0
399,66,70,439,43.60506926035004,888.8663411896174,3,0,1,Spain,Male,Regular,0
400,25,61,577,139.01420988101145,516.0120364509486,4,1,0,Spain,Male,Regular,0
401,53,40,810,16.73845926573451,1305.3181877917325,1,0,0,France,Male,Regular,0
402,55,45,645,30.703106655242497,1221.8358481726268,2,1,0,Germany,Female,Regular,1
403,57,72,439,53.22749236699745,154.07345393105038,2,0,1,France,Female,Premium,1
404,37,44,413,93.11818928262886,330.4690373797099,3,0,1,France,Female,Regular,0
405,79,57,806,14.606860468709565,685.1342803566591,4,0,1,France,Female,Premium,0
406,52,50,665,16.44534288881743,238.10886464354127,1,1,1,France,Female,Regular,0
407,65,46,696,108.21317992435763,1354.3932825092043,3,1,1,Germany,Male,Regular,1
408,79,51,410,4.18311067533952,933.4843835638087,1,1,0,Spain,Female,Regular,1
409,42,14,657,46.50016681391848,345.00254233092693,3,1,1,Spain,Male,Premium,0
410,52,69,537,98.46855654515055,312.30507160658544,1,1,1,Germany,Female,Regular,0
411,42,49,302,127.38769032943085,406.94483191433375,1,1,1,Germany,Male,Regular,0
412,46,31,703,0.6384212363740097,69.89230159174458,2,1,1,France,Male,Regular,0
413,35,66,324,23.075270282315085,657.0482621051784,1,1,1,Germany,Female,Regular,0
414,63,15,808,14.87078360512645,704.2099141847705,4,1,1,Germany,Female,Regular,1
415,35,58,764,41.97025652810323,656.0207918497413,2,1,1,France,Male,Regular,1
416,19,66,360,50.100911689251184,208.3022266976546,3,1,1,France,Male,Regular,0
417,71,47,807,250.0,406.65661370088094,3,0,1,France,Female,Premium,0
418,52,29,422,35.95017943702837,775.0757859826506,1,0,0,Germany,Male,Regular,1
419,33,6,796,40.08863756203445,1197.9789256642193,2,1,1,Germany,Female,Regular,0
420,78,15,354,26.74853144110228,408.9763501667659,2,1,1,Germany,Female,Premium,1
421,58,65,462,7.9894997531191,552.0787714981639,3,1,1,France,Male,Regular,0
422,53,3,338,18.071787235155693,284.69757093207045,4,1,1,Spain,Male,Premium,0
423,50,9,382,14.183501089130493,741.2502380139648,4,1,1,Spain,Male,Regular,0
424,21,16,845,80.77775203567703,143.37780564316864,2,0,1,France,Female,Premium,0
425,50,51,412,39.46269024285443,713.8508676982332,2,1,1,France,Female,Premium,0
426,31,5,724,17.56260017874277,336.4713297881827,3,0,1,France,Female,Premium,0
427,38,72,529,33.578375568048955,672.621816396574,2,1,0,Spain,Male,Regular,1
428,65,7,582,12.35035695533111,415.12082043365314,3,1,1,Germany,Female,Regular,1
429,37,20,586,10.236159544291887,294.8026668809196,4,0,1,Germany,Female,Regular,0
430,73,23,454,98.28501751678807,225.7224654536484,2,1,0,France,Male,Regular,0
431,25,3,464,144.8494491957187,179.70353017765518,4,1,0,Spain,Male,Premium,0
432,24,23,481,4.169874356896095,502.10212900377275,4,0,1,France,Female,Regular,0
433,20,72,538,72.38353855002279,318.8676824559596,1,1,1,France,Male,Regular,1
434,34,2,638,30.19380876188909,1049.9372190982995,3,0,1,France,Male,Regular,0
435,50,67,811,24.630595365841902,366.48654200554677,3,1,1,Germany,Female,Regular,0
436,65,39,565,58.46428904340445,937.5435890027267,3,1,1,Germany,Male,Premium,0
437,29,47,486,15.479596522732303,347.3766945066792,1,0,1,France,Female,Regular,0
438,76,50,339,1.039798565414091,428.9007409479407,3,1,1,Spain,Female,Regular,1
439,68,34,792,12.040105487008745,502.2672756874079,1,1,1,France,Female,Premium,0
440,39,55,690,10.223761977420931,1698.2146110344513,2,1,1,France,Male,Premium,0
441,72,39,559,1.7321282848468265,420.8421233994638,1,1,1,France,Female,Premium,0
442,39,67,475,19.37993947906281,275.6785093406912,4,1,0,Spain,Male,Regular,0
443,63,40,628,32.172017881493545,344.77334381182897,3,1,0,France,Female,Premium,1
444,47,12,499,66.55787557278208,477.443354114519,1,1,1,France,Female,Regular,0
445,55,26,495,19.70114049202543,831.2376613494537,1,1,0,Germany,Male,Regular,0
446,55,5,830,10.817103300824293,294.23128769330737,1,0,0,Spain,Female,Regular,0
447,62,16,361,13.108499168548626,1080.2790232809575,1,1,0,Germany,Male,Premium,0
448,68,46,626,110.90166486392279,103.20145594254745,2,1,1,Germany,Male,Regular,1
449,71,1,580,11.45307680576031,293.21087195364413,2,0,1,Germany,Male,Regular,0
450,25,51,526,105.69778508940217,283.3946791109315,2,1,0,Germany,Female,Premium,0
451,44,65,357,29.62881544167989,511.3667084872672,3,1,0,France,Male,Regular,0
452,44,51,776,136.20930868662845,315.75964346895586,1,1,1,Germany,Female,Regular,0
453,51,42,675,26.220214593022234,492.09626761575566,2,1,1,Germany,Female,Premium,0
454,38,18,542,9.781461650088797,255.85276579989483,3,1,0,Germany,Male,Premium,1
455,47,54,666,39.81771517845864,118.02084385429352,4,0,1,Germany,Male,Regular,0
456,50,69,799,44.30100270345195,603.7138351196647,4,1,0,France,Male,Regular,1
457,45,70,551,50.459969083148756,149.14087627968902,3,0,1,Spain,Male,Regular,1
458,64,57,621,26.508638810239493,1127.7532164060751,1,1,1,Spain,Male,Regular,0
459,50,11,675,2.4911052135366645,61.6593528695793,1,1,1,Germany,Male,Regular,0
460,22,68,708,49.27131321471575,66.57135906242985,4,1,0,France,Female,Premium,0
461,77,38,787,135.17564122931879,423.1298252800833,1,1,1,France,Female,Regular,0
462,78,26,642,157.98158248412034,2418.887105954141,1,1,1,Germany,Male,Regular,1
463,65,40,539,45.42671552439149,332.2177304618602,1,1,1,France,Male,Premium,0
464,36,56,438,1.0043713080523566,1006.2679501124892,1,1,0,Germany,Female,Regular,0
465,21,52,421,5.6046274095033155,409.50373881838897,2,0,0,France,Male,Premium,0
466,52,11,719,89.78552092880892,228.7435629171022,2,1,1,Spain,Female,Regular,0
467,66,12,603,88.5227331423264,662.7770127101385,1,1,1,Spain,Female,Regular,0
468,34,56,414,145.95301303168213,286.89702214921573,3,1,1,Spain,Male,Regular,0
469,61,39,642,41.47978953407492,349.6465250240031,2,1,1,Germany,Male,Regular,0
470,45,44,550,99.6875264377937,725.8003545135907,1,1,0,France,Male,Regular,0
471,47,34,306,87.11616873779118,302.92023853750715,2,1,1,France,Male,Premium,0
472,46,7,478,44.50932241863178,73.26904089989517,3,1,0,Germany,Male,Regular,1
473,63,5,444,76.54001419426977,279.411080650224,3,0,0,Germany,Female,Regular,1
474,70,10,715,6.717188669391609,911.1940010762261,2,0,1,Germany,Male,Regular,0
475,23,72,420,50.97195659215751,853.5623872359606,1,1,0,Germany,Female,Regular,1
476,52,55,423,153.36244098853606,215.8812424081617,1,1,0,Germany,Female,Regular,0
477,77,9,449,8.834323096671273,1274.4738765014254,4,1,1,France,Male,Regular,0
478,58,33,696,68.13722870920586,300.2102227673964,1,1,1,Spain,Female,Regular,0
479,54,66,680,19.34093666714437,897.7774783330266,3,0,1,France,Female,Premium,0
480,41,71,300,84.94185883096569,2000.0,3,1,1,France,Male,Premium,0
481,46,30,543,59.735943337103514,680.0036356748104,3,1,0,Germany,Female,Premium,0
482,66,70,697,130.30238976392056,1175.3408490385361,4,1,1,France,Female,Premium,0
483,63,65,550,62.22852934048069,2000.0,4,1,1,Spain,Male,Premium,0
484,70,72,598,26.407965641843195,899.3717675930172,4,0,0,France,Male,Premium,1
485,48,40,596,0.5476146242172442,1405.7003280096642,3,0,1,France,Male,Regular,0
486,52,62,799,78.73175507035015,438.73837339188833,2,1,0,France,Female,Regular,0
487,77,31,414,26.251718467351438,151.03521944202976,1,1,1,Germany,Female,Regular,0
488,50,19,300,55.52929862347954,210.11483719212183,1,1,1,France,Female,Regular,0
489,69,56,781,5.550292209536078,597.1824483783828,2,0,1,France,Male,Regular,0
490,80,49,809,110.80598470425824,150.49019905571805,2,0,1,France,Female,Regular,0
491,78,24,634,28.604723464532526,650.6385003977196,1,0,1,France,Male,Regular,0
492,38,11,764,126.0941360983074,304.80984793542495,1,1,0,Spain,Male,Regular,0
493,49,70,440,61.38210863702067,122.95722358817684,4,0,1,Germany,Male,Premium,0
494,40,39,436,6.4748207537815485,915.7702324431589,4,1,1,Germany,Female,Premium,1
495,50,16,466,43.279478480275806,116.80557541946769,2,1,1,Germany,Female,Premium,0
496,20,44,642,120.36087587860793,1888.7706925317832,2,0,1,Germany,Female,Regular,0
497,35,10,709,80.46453613421,1467.3860087564588,3,1,1,France,Female,Premium,0
498,42,69,364,27.06255839294921,166.75324099460826,2,1,0,Spain,Male,Regular,0
499,59,22,366,155.1262432114375,320.1850763260667,2,0,1,Germany,Male,Regular,0
500,48,72,732,15.638110360729558,357.6139032430274,3,1,0,Germany,Female,Regular,1
501,71,37,349,23.508798470237647,1889.0550070966428,1,1,1,Spain,Male,Regular,0
502,75,1,613,69.25758536723163,567.8483902768807,4,1,1,Spain,Male,Premium,0
503,20,71,608,13.257202443541033,302.08765005207334,3,1,0,Spain,Male,Regular,0
504,57,40,414,36.218939463953824,1107.050151679111,2,0,0,Germany,Male,Regular,1
505,63,48,641,65.24294321061545,242.17477175530712,2,1,1,Germany,Female,Regular,0
506,41,51,829,51.63670038425252,434.85115842352343,1,1,1,France,Male,Premium,0
507,67,32,794,8.442825783196321,1200.0705686708372,4,1,1,France,Female,Regular,0
508,49,21,568,49.66673149939906,554.1052410961427,4,1,0,Germany,Male,Regular,0
509,64,4,379,42.51467884736214,680.6434021818973,4,1,0,France,Female,Premium,0
510,39,17,755,40.80471919722765,137.4619023247102,4,1,1,France,Male,Regular,0
511,40,37,598,87.44856017705591,79.65282875542474,1,1,1,France,Male,Regular,0
512,19,36,501,10.160675437974522,429.1922855900364,3,1,0,Germany,Male,Regular,1
513,80,63,802,69.62890050650718,295.99626619386567,1,0,1,Germany,Male,Regular,0
514,44,23,784,71.5491112862752,264.6524115986409,2,1,1,Germany,Female,Regular,1
515,59,41,317,64.12292948926209,925.0992113106122,1,1,0,France,Male,Premium,0
516,19,47,777,35.25778105478633,686.2521325085032,2,1,1,Germany,Male,Premium,0
517,43,43,787,25.170885490171983,869.2274859648635,1,1,1,France,Female,Regular,0
518,34,15,745,25.099667178070877,701.096206520763,4,1,1,Germany,Female,Regular,0
519,57,53,639,66.17700540629056,890.8813108835463,4,1,1,France,Male,Regular,0
520,50,39,830,34.44747043556209,1178.1935381159576,3,0,1,France,Female,Regular,1
521,26,27,415,20.657255515936377,368.7286143840829,4,1,0,Germany,Female,Regular,0
522,60,1,373,49.1041264891299,479.75819846947763,1,0,1,Spain,Male,Regular,0
523,71,12,568,90.70370817011488,738.2571445913859,2,1,0,France,Male,Premium,0
524,65,40,415,3.17408684884365,344.54299462967606,3,1,1,Spain,Female,Regular,0
525,56,55,463,179.02270597934626,744.0103914592614,3,1,1,France,Male,Premium,1
526,46,68,521,5.08236754317655,87.73556688609223,1,0,1,Germany,Male,Regular,0
527,59,52,425,35.84516895818804,927.7313721059955,1,1,1,Germany,Male,Premium,0
528,72,44,475,41.07284509779806,1134.7773033732408,4,1,1,France,Female,Regular,0
529,43,19,674,7.437223798620588,1125.239275077557,4,0,1,France,Female,Regular,0
530,52,23,797,123.60569318705484,841.2276882027265,4,0,0,Germany,Female,Regular,0
531,67,60,384,31.882509049524604,852.696315357262,3,1,1,France,Female,Regular,0
532,42,62,682,7.722899695692711,417.561225323034,3,1,0,Germany,Female,Premium,1
533,41,26,762,62.172494010480314,142.94399418304297,2,1,1,Germany,Male,Regular,0
534,30,37,750,54.443645326312705,1007.578209859498,3,0,1,France,Male,Regular,1
535,77,6,817,164.66053507470377,460.1736210349915,4,0,1,Germany,Male,Regular,0
536,75,41,849,29.126494521077774,111.83281429657399,3,1,1,Germany,Female,Regular,0
537,24,49,415,15.584803933635923,501.24371440909727,3,1,0,Spain,Female,Regular,1
538,74,47,307,3.0934513728389894,371.60373474245233,3,1,1,Germany,Female,Regular,1
539,53,55,517,66.04809371537547,587.1643228440788,2,1,1,France,Female,Premium,1
540,62,45,703,48.02227949615968,873.5418324918509,3,1,1,France,Male,Premium,1
541,37,68,603,179.88038890635875,259.89923654775856,2,1,1,Germany,Female,Regular,0
542,18,52,766,62.268390476292424,425.97109648784897,3,1,1,France,Male,Regular,0
543,25,11,387,135.2737858502699,447.761995818049,2,1,0,France,Male,Regular,1
544,63,25,309,238.85011615770458,643.0301499947311,4,1,1,France,Female,Regular,0
545,33,47,607,27.96851602361129,211.4154638145397,2,0,1,Germany,Female,Regular,0
546,31,21,733,8.143303214708894,672.8726392264914,1,1,1,Germany,Female,Regular,1
547,29,8,463,10.89852130791466,556.172430677681,2,0,0,Germany,Male,Regular,0
548,68,63,538,19.163797653005233,411.02538155642503,2,1,1,France,Female,Premium,0
549,40,53,616,35.55494433416264,702.5916340181567,4,1,1,Spain,Male,Regular,0
550,32,50,634,6.529357950932773,399.59220367622055,2,1,1,France,Male,Regular,0
551,45,38,317,17.956603141738658,80.96821381290704,4,1,1,Germany,Male,Regular,0
552,51,8,370,18.393572966208698,939.7673535860017,4,1,0,Spain,Male,Regular,1
553,19,9,474,0.20470120281082374,1060.1830469627919,4,1,0,Spain,Male,Premium,1
554,49,63,638,21.860850811696178,578.6506710334061,1,1,0,Spain,Male,Regular,0
555,40,33,547,6.173520160464227,521.8277431492548,2,1,0,France,Female,Regular,1
556,80,10,492,28.080634741834775,432.5318288310546,1,1,1,Germany,Male,Premium,0
557,39,57,718,10.941190828599577,190.1442880211515,4,0,1,Spain,Female,Premium,0
558,68,26,624,86.33068653792381,243.71902802533293,2,1,1,France,Male,Regular,0
559,42,17,605,4.197640383285439,802.241822241326,4,0,0,France,Male,Regular,1
560,75,38,503,100.3692295269539,656.9524958545828,2,0,1,France,Male,Premium,0
561,80,45,422,43.43776004575287,360.2645160310739,2,1,1,Spain,Male,Regular,0
562,79,65,746,30.68360060593441,561.4967218361099,2,1,1,France,Male,Regular,0
563,78,35,790,39.89676154913112,809.0409893050748,3,1,0,France,Female,Premium,0
564,39,64,732,23.588990620490605,328.1753686832147,3,1,1,Germany,Male,Regular,0
565,75,62,427,6.8260445500861495,174.39084847495198,3,0,0,Germany,Female,Regular,0
566,75,34,847,72.59603438570666,299.21222628924835,2,1,1,Spain,Male,Regular,0
567,39,30,346,131.49309989549866,475.53130448380847,4,1,1,France,Male,Regular,0
568,66,27,804,149.85428256770058,560.3480146527208,4,0,1,Spain,Female,Regular,0
569,69,0,414,55.54105158350918,422.76420238461975,3,1,1,France,Male,Regular,0
570,59,24,715,26.41108870152295,569.782607516325,1,1,0,Germany,Male,Regular,0
571,23,42,522,32.53887559381583,2000.0,2,1,1,Germany,Female,Regular,0
572,32,66,802,53.4962414019618,146.49637673979123,4,0,1,France,Female,Regular,0
573,71,62,395,86.60076640723263,518.4053468866662,4,0,1,France,Male,Regular,0
574,60,50,406,23.465564451870122,786.6751866425791,3,0,1,Spain,Male,Regular,0
575,77,1,331,124.31411464623136,298.91849813878963,1,1,1,Spain,Male,Regular,0
576,54,59,792,19.598244002696184,1236.8486028623524,1,1,0,France,Female,Regular,1
577,50,68,365,37.84267843571287,1489.7097436143833,2,0,0,Germany,Female,Premium,0
578,25,8,478,162.6756927747767,585.2957846279294,4,1,1,France,Male,Regular,0
579,70,1,742,139.19171824625394,590.1945932602322,2,1,1,Spain,Male,Regular,0
580,77,33,848,59.49447038240956,455.5750894431804,1,1,1,France,Female,Regular,0
581,61,59,500,19.61956182721873,701.1290410582237,1,1,1,France,Male,Regular,0
582,61,60,348,12.361249348912938,1264.4041718550454,2,0,0,Germany,Male,Premium,0
583,22,28,562,4.176872104756431,701.7090988661535,1,0,0,Spain,Male,Regular,1
584,56,9,432,61.662255194259174,134.09574576070654,3,1,1,Germany,Male,Regular,0
585,21,35,643,35.00362466407939,287.4730148632062,3,0,1,Germany,Female,Regular,0
586,23,48,475,42.46522457643877,600.9273391204579,1,1,0,Spain,Male,Regular,0
587,62,69,690,31.97010124506304,575.3815028029876,4,1,1,France,Male,Regular,0
588,49,48,310,32.98043998657349,527.382505932867,1,1,1,Spain,Male,Regular,0
589,69,-1,500,42.346818527205805,151.9916078300246,2,1,0,France,Male,Regular,1
590,47,4,302,122.82296082268243,346.98700503048497,4,0,0,Germany,Male,Premium,0
591,64,60,513,1.4903060637232213,369.61971828006114,3,1,1,France,Female,Regular,0
592,52,25,606,80.88277411148233,138.25129687128904,3,1,1,France,Male,Regular,0
593,72,71,843,24.757150446861164,426.38235732253247,3,1,1,Spain,Male,Premium,0
594,57,4,626,68.3097393434881,322.1646410220361,3,1,0,France,Female,Regular,0
595,69,14,498,148.3342424753611,275.9313951252528,3,0,0,Spain,Female,Regular,1
596,33,15,408,18.284846967259625,595.603216224873,4,1,0,Germany,Male,Regular,0
597,30,0,590,4.6910694510844655,439.6262844577754,3,1,0,France,Male,Regular,0
598,67,13,407,13.217710515322127,153.84563663615745,4,1,1,France,Female,Premium,1
599,77,36,707,12.557404105953113,201.37283072981205,2,1,1,France,Female,Regular,0
600,59,2,351,67.7106105532503,1412.766753284542,1,1,0,France,Male,Regular,0
601,47,51,411,3.1927074606796655,268.4056872991721,4,1,1,Germany,Female,Regular,0
602,36,51,594,2.6138246603378286,175.40814353090215,3,1,0,France,Female,Premium,1
603,34,12,488,59.14459456955385,1007.7652505975854,2,1,1,France,Male,Regular,0
604,73,54,364,40.67764717659067,598.1867708472262,2,0,0,France,Male,Premium,0
605,80,20,764,27.0442751753366,1773.6882467711787,1,1,1,Germany,Female,Regular,0
606,36,65,557,42.826666296335695,798.9466771093184,1,1,0,Germany,Female,Regular,0
607,45,53,630,66.44806925325018,330.1482569515562,4,1,1,Spain,Female,Regular,1
608,75,26,800,5.461252708104419,323.2194547167772,4,1,1,France,Male,Regular,0
609,72,37,509,40.29188206864236,857.4002863181416,1,0,0,France,Male,Premium,0
610,43,57,388,86.9821230898401,228.55587710356835,1,1,0,Germany,Male,Regular,0
611,54,61,327,22.50449515730301,593.308629314257,1,0,1,France,Male,Regular,0
612,43,45,537,71.98855189346384,523.7912451882636,2,1,1,France,Female,Premium,0
613,70,18,635,93.35244729381171,1344.0130210809334,1,0,0,Germany,Male,Regular,1
614,79,71,362,85.99869874686378,114.26332859912559,2,1,1,France,Male,Regular,0
615,40,7,799,52.542046734887926,213.56198498099482,3,0,1,Germany,Male,Regular,0
616,80,70,840,63.176325122002055,1869.475103968059,3,0,1,Spain,Male,Premium,0
617,26,63,768,77.4819005219925,969.0922225359601,4,0,1,France,Male,Premium,0
618,29,20,350,66.15833727288152,332.23976107469196,4,1,0,France,Male,Premium,0
619,70,71,411,30.044825841322222,1173.9360019427022,1,1,0,Germany,Female,Premium,0
620,18,62,600,8.665371887979687,50.0,4,1,1,France,Male,Premium,0
621,75,63,389,18.53366613211059,423.6868203521061,3,0,1,Germany,Female,Premium,0
622,75,19,528,11.612151453807611,141.28086257836654,4,0,1,Germany,Male,Premium,0
623,18,7,449,22.427307173683808,277.20324558116346,2,0,1,France,Female,Premium,0
624,64,57,437,33.60169025920211,830.4330095585414,4,0,1,Germany,Female,Regular,0
625,51,45,434,159.76610978274053,234.94718087385255,3,1,1,Spain,Male,Regular,0
626,49,30,756,160.27675421613807,993.6352853477499,3,1,0,Spain,Male,Premium,0
627,79,8,793,73.39442644960097,1924.9068768407187,3,1,0,France,Male,Premium,0
628,71,21,826,195.95310701380927,126.31224263837495,3,1,1,France,Male,Regular,1
629,65,21,632,250.0,475.12565792509594,2,1,1,Germany,Female,Regular,1
630,42,9,661,108.2529118058001,766.0004390475632,4,1,1,Spain,Female,Regular,0
631,57,28,473,4.142108549513896,505.91999626677676,3,1,1,Germany,Male,Regular,0
632,62,35,512,27.760136045907295,136.94944099817766,4,1,1,France,Male,Regular,0
633,70,36,642,38.191357400952434,264.71686877222544,1,1,1,France,Male,Regular,0
634,18,70,360,6.624173415346945,1618.0571946997738,2,1,0,France,Male,Premium,0
635,33,22,360,82.67749148557937,708.8440787831427,1,0,0,France,Female,Premium,0
636,78,40,823,8.048560212648926,424.63530394387124,2,1,0,France,Female,Regular,1
637,56,27,515,24.170962917528538,171.73014059336262,3,1,1,France,Male,Regular,0
638,80,47,722,3.570083869872188,1204.584263307992,4,1,1,Spain,Male,Regular,0
639,22,37,722,37.17920923697245,893.2536686371045,2,1,1,France,Female,Regular,0
640,39,35,670,45.44607840340365,1223.6607147527263,1,1,0,Spain,Female,Regular,1
641,46,22,505,66.43465174380121,1226.7688227316828,1,1,1,Germany,Female,Regular,1
642,72,72,585,20.734992520528785,436.22997932674946,4,0,1,France,Male,Regular,0
643,20,28,404,44.644765037778,1210.9705186830886,2,1,1,Germany,Male,Regular,0
644,29,50,842,66.24065160812187,718.7247695356594,1,0,0,France,Female,Regular,0
645,43,48,541,71.78161503564952,576.1297513926829,1,0,1,Germany,Female,Regular,0
646,33,42,790,17.951159692464707,787.1594257028144,2,0,1,Germany,Female,Regular,0
647,68,71,797,3.5052421630374733,964.8916395414501,3,1,1,Spain,Female,Regular,0
648,54,4,734,1.9172676523186067,528.7744181405288,3,1,1,France,Male,Regular,0
649,39,38,783,73.06388944474902,776.7626691816173,4,0,0,France,Male,Regular,1
650,74,6,746,24.34234762223087,2000.0,3,1,1,France,Male,Regular,0
651,46,41,683,7.1902081688715676,108.4006022994987,4,1,0,France,Female,Regular,0
652,31,35,809,10.197014464467369,267.7464105670015,1,1,0,France,Female,Regular,0
653,45,26,469,72.65387125935014,131.36558837364274,1,0,1,Spain,Male,Regular,0
654,22,57,622,45.67747471142276,759.9356473176313,3,0,1,France,Male,Premium,0
655,64,45,773,34.7978729010142,50.0,2,0,1,Germany,Female,Premium,0
656,66,62,531,48.77651063782686,1507.910164461117,3,1,0,Germany,Female,Regular,1
657,47,22,658,7.3959806578913625,841.0453733399268,4,1,0,France,Male,Regular,1
658,63,72,574,19.212750273084243,1161.3141817721669,4,0,1,France,Female,Premium,0
659,79,26,331,23.425318925068446,513.8794431943539,2,1,0,France,Male,Premium,0
660,69,0,476,18.88017629901889,663.3973958323621,1,1,1,Germany,Female,Regular,0
661,22,55,364,99.90831033461696,1329.2140109001587,1,1,1,France,Female,Regular,1
662,29,64,326,43.54449915165008,325.1134910709826,3,1,1,Germany,Female,Regular,1
663,33,24,778,65.34115837195648,109.2187135152155,4,1,0,Germany,Male,Regular,0
664,43,53,567,13.505605928051754,654.1942578288074,4,1,0,Spain,Female,Regular,0
665,43,66,365,15.331287973251332,537.0570926703028,2,1,1,Germany,Female,Premium,0
666,65,15,432,12.766293509052066,492.71381187740593,2,0,0,Germany,Female,Premium,1
667,38,57,665,58.23433185252919,1269.0296455900775,3,0,1,Germany,Female,Regular,0
668,56,72,381,21.465430608370543,804.9004744152501,2,1,0,Germany,Male,Regular,1
669,53,52,627,25.966764121644076,67.30203886274896,1,1,1,Germany,Male,Premium,0
670,50,60,397,61.74249977535672,1169.570531378351,2,1,0,France,Female,Regular,1
671,79,57,626,178.41936347935444,924.5170269015213,4,1,0,France,Male,Premium,0
672,47,1,841,8.829419963693102,233.6920853582812,4,0,1,France,Female,Premium,0
673,54,21,424,3.2363279132950464,221.18529613184836,4,1,1,Germany,Female,Regular,0
674,40,36,509,10.836081550789405,250.9181977454512,4,1,1,France,Female,Premium,0
675,75,19,432,66.39385526854147,595.0654867079501,1,1,1,Germany,Female,Regular,0
676,27,18,802,10.82250581129147,1856.2739624682215,3,1,0,Spain,Male,Regular,1
677,71,64,456,43.895874971282964,292.0290067579925,2,1,1,France,Female,Regular,0
678,22,64,681,44.61852288508749,1470.4435776677533,3,1,1,France,Male,Premium,0
679,53,0,321,17.43697566708719,251.79264145496845,3,1,0,France,Male,Regular,0
680,51,2,718,3.5601019169668167,939.4150822648319,2,1,1,Spain,Female,Regular,0
681,69,45,771,25.47470199017814,192.371352022031,4,1,1,France,Male,Regular,0
682,48,54,533,10.338013549739456,254.10648819337902,4,1,1,France,Male,Regular,0
683,27,63,753,10.196050338790702,336.3598399904988,4,0,1,France,Male,Regular,0
684,75,44,461,36.96886268605052,139.12197459412843,2,0,1,France,Male,Regular,0
685,36,25,600,55.90828148089193,268.25280152965644,2,1,1,Spain,Female,Regular,0
686,75,66,605,3.920517366049798,317.6566867028188,4,1,0,France,Male,Regular,1
687,49,23,301,43.17559316372717,432.1917419091359,1,1,1,Spain,Male,Regular,0
688,18,40,570,14.13151891848271,1058.9696027695354,3,1,1,Spain,Male,Premium,1
689,73,23,720,55.93535126721548,174.6230080662323,1,1,0,France,Male,Regular,0
690,22,23,442,83.09339162742302,560.708705644254,3,0,1,France,Male,Regular,1
691,62,15,834,82.25678718458641,214.23977397371706,3,1,1,Spain,Male,Regular,0
692,21,58,336,23.09077087615214,1724.4496546634,1,1,0,Germany,Male,Regular,0
693,33,53,406,41.88202742072989,367.31632130648626,3,0,0,France,Female,Regular,0
694,41,15,596,78.92002568727202,580.5988828547869,1,1,1,Germany,Male,Premium,0
695,33,13,396,3.1368877867554823,409.05546126137364,4,1,0,Germany,Male,Regular,1
696,72,10,580,46.522568122421184,710.6175761555523,2,1,1,Germany,Female,Regular,0
697,19,64,409,90.55383776634687,765.8907860251105,3,1,1,Spain,Male,Regular,0
698,66,67,848,23.28918710745958,561.504780163282,1,0,1,Spain,Male,Premium,0
699,45,42,487,30.38592989137769,412.08288343046866,2,0,1,Germany,Female,Regular,0
700,49,68,787,59.98709976822156,500.862998757909,3,1,1,Germany,Male,Regular,0
701,44,17,653,3.5149386115904626,2213.9592372810234,3,1,0,France,Male,Regular,1
702,37,9,318,24.3583814096014,1460.922427660306,3,1,1,Germany,Male,Regular,0
703,41,40,692,17.528308472230048,491.8478896798175,3,1,0,France,Female,Regular,0
704,29,49,560,0.8570154495791605,725.971386328319,2,1,1,Spain,Male,Premium,0
705,67,70,709,10.906100347002788,550.7782347793404,3,1,1,Spain,Female,Regular,0
706,52,71,702,25.199416371080197,2524.315145323974,3,0,1,France,Male,Regular,1
707,77,38,783,10.996729551985233,287.4128840979768,2,0,1,Spain,Male,Premium,0
708,50,2,603,46.11522871578487,387.5181579590073,2,0,0,Germany,Female,Premium,0
709,50,11,317,29.769509589627358,186.714758394335,3,0,0,France,Female,Regular,1
710,78,48,483,2.0140911247522673,383.1459055871973,2,1,1,France,Female,Regular,0
711,68,27,704,16.08195813262398,588.7324578988406,2,1,0,Germany,Male,Regular,1
712,60,32,430,0.9834471009626432,1106.8541489053885,1,0,1,Spain,Male,Regular,0
713,54,59,778,22.168877902323185,919.3438657719875,2,0,0,Germany,Female,Regular,1
714,29,1,307,14.99515683503928,411.4204272421413,4,1,1,France,Female,Regular,0
715,20,70,617,58.26754656189659,345.10615256373467,1,1,1,France,Female,Premium,0
716,18,31,690,18.365632324063462,771.457372929253,4,1,1,Germany,Male,Premium,0
717,50,3,818,23.512876240473446,290.288900349189,1,1,1,France,Male,Premium,0
718,57,17,435,64.60996084283865,740.2251289106787,1,0,0,France,Male,Regular,1
719,27,35,830,32.78463938976337,500.42245487265325,1,0,0,France,Male,Premium,0
720,60,31,666,40.64773078858589,699.6510694927475,1,1,1,France,Male,Regular,0
721,61,27,788,92.05168660816574,285.3994286685752,2,0,1,Germany,Male,Regular,0
722,46,0,310,11.589560832229061,297.2199277712229,4,1,1,France,Female,Regular,0
723,30,59,745,226.34350453181597,220.70635886617427,2,1,1,Spain,Female,Regular,0
724,29,55,413,115.18182819999625,50.0,2,1,1,Germany,Female,Regular,0
725,48,34,495,16.882344314678672,314.8589686810773,3,1,1,Germany,Female,Premium,0
726,63,29,622,111.7175536910627,278.96541928858346,2,0,0,Germany,Female,Premium,0
727,19,53,811,70.1122770311567,1634.1046088350176,1,1,1,France,Female,Regular,0
728,78,35,464,133.50627981096815,536.962329345446,3,1,1,Spain,Male,Premium,0
729,68,54,551,58.74257999206964,151.9606103133158,3,1,1,Spain,Female,Regular,0
730,67,57,343,56.11616679138866,163.81081574761933,2,1,1,France,Male,Regular,0
731,52,64,769,0.17352120294691534,771.4139213147365,4,1,1,Germany,Female,Regular,0
732,40,72,788,32.18086723171409,1489.8913156044425,3,1,1,Spain,Male,Premium,1
733,34,50,480,11.17396827082415,79.40873292559796,2,1,0,France,Female,Regular,0
734,43,21,376,19.584135596469523,456.00110080411645,2,0,0,Germany,Male,Regular,0
735,25,52,673,192.72459110068795,168.62480219189808,1,0,1,Germany,Male,Regular,0
736,46,35,366,4.468997601206124,151.2179552034119,4,1,0,Germany,Female,Premium,0
737,43,67,824,64.09427959313359,786.1466518360885,3,1,1,Spain,Male,Regular,0
738,27,42,391,9.494194476654007,671.2241353229626,4,1,0,France,Male,Regular,1
739,43,49,543,0.371443265601231,287.46010677657756,4,1,0,Germany,Female,Premium,1
740,79,52,640,34.79943156781017,65.28447422853388,4,1,1,France,Male,Regular,0
741,51,49,603,8.790060949269085,392.51599713888555,3,1,1,France,Female,Premium,0
742,68,49,697,168.29091727351022,853.2547650335129,3,0,0,Germany,Female,Regular,1
743,58,17,747,11.388759108125836,572.5034203387163,4,1,1,Germany,Male,Regular,0
744,24,21,396,10.661843869886962,95.32407922489098,2,0,1,Spain,Female,Premium,0
745,21,68,630,1.6347824703489482,841.9453757538205,3,0,0,France,Female,Regular,1
746,75,20,504,20.010420341112138,905.308206224445,1,1,1,France,Male,Regular,0
747,70,43,748,1.220356007472051,706.0432016635721,4,1,1,France,Female,Premium,0
748,67,60,717,34.546146326710804,453.23883349078625,3,1,0,France,Female,Regular,1
749,62,38,376,35.221594991241375,1247.7220602966936,3,1,1,France,Male,Regular,0
750,28,28,848,2.7356560859971135,899.1000244909095,4,1,0,Spain,Female,Regular,0
751,46,53,724,13.725939623189976,229.50405745111874,1,1,1,Germany,Female,Premium,0
752,73,16,728,89.22126703427081,81.80313970625578,2,1,1,Germany,Female,Premium,0
753,53,57,784,31.045491045781354,619.5639727373749,2,0,0,Germany,Female,Regular,1
754,42,30,434,28.511979701249324,396.20237359261273,3,1,1,Germany,Female,Regular,0
755,38,72,553,59.99521250008608,403.2142364483191,1,1,1,Spain,Male,Premium,0
756,78,48,554,62.74259755567348,985.7547250482622,1,1,1,Spain,Male,Premium,0
757,74,1,798,71.76637390709301,361.1200198190165,4,1,0,France,Female,Regular,0
758,53,47,783,88.73990404102314,307.13215210893503,4,1,1,Germany,Female,Premium,0
759,27,13,345,13.214598080269097,848.4868631177687,1,0,1,France,Male,Premium,0
760,54,58,742,3.434321312269792,378.9701993632961,2,0,1,France,Female,Regular,0
761,26,57,303,23.92315578994311,62.213762518729496,4,1,1,France,Female,Regular,1
762,41,57,300,96.58485051597584,193.60444242794446,4,0,1,France,Male,Regular,0
763,52,50,589,4.0620572577821905,215.85660839229465,2,0,1,France,Female,Premium,0
764,66,1,408,42.89564322995307,1321.3696283220306,2,1,0,Germany,Female,Regular,0
765,52,40,759,60.379458297879395,559.0868088681482,4,1,1,France,Female,Regular,0
766,65,15,565,32.8318157559364,404.772903086095,1,1,1,Germany,Female,Regular,0
767,53,8,437,14.730329155489825,239.80757878563853,4,1,1,France,Female,Regular,1
768,35,11,733,19.74922226831276,219.72297447151567,2,0,1,France,Female,Premium,0
769,66,28,343,3.7174361018524946,803.6131551433871,4,1,1,France,Female,Regular,0
770,56,6,809,17.30678722744515,1154.1227442237355,3,0,1,France,Male,Regular,0
771,49,13,561,2.2696424761442846,494.9984469939553,2,1,1,Germany,Male,Regular,0
772,41,9,451,64.79070005865474,437.38903602028023,4,1,0,Germany,Male,Regular,1
773,40,4,512,114.13680888340296,1746.7092407661269,3,0,1,Spain,Male,Regular,0
774,79,31,533,50.18962897264013,686.7137223915594,2,1,1,Spain,Female,Premium,0
775,49,42,660,53.45799833290319,1025.0430467102904,3,0,0,Germany,Female,Regular,0
776,54,68,619,31.946430476796607,737.6896670292167,1,1,1,Spain,Female,Regular,0
777,29,44,521,8.482298579035488,1843.892265226246,2,0,0,Spain,Male,Regular,0
778,66,8,509,0.3877567363062089,427.5612305375948,3,1,1,France,Male,Regular,0
779,72,48,695,21.077895084956683,484.92634116078625,1,1,1,Spain,Female,Regular,0
780,30,32,788,69.61331938543087,435.38509176312465,3,1,1,Spain,Male,Regular,0
781,40,17,763,161.4861968162116,1040.7333793718024,2,0,0,France,Female,Regular,0
782,42,8,751,28.20120551873927,788.3049574143889,2,1,1,France,Male,Regular,0
783,52,59,712,22.737311860323487,521.8696688639408,2,1,0,France,Male,Premium,1
784,58,56,775,29.525784836039293,926.5332700220258,1,1,1,France,Male,Premium,0
785,47,28,555,27.9111413107283,344.37584472467466,4,1,1,Spain,Male,Regular,0
786,34,24,449,49.158911551571215,50.0,2,0,1,Germany,Female,Regular,0
787,66,14,426,66.24066241065202,380.6770756418857,1,1,1,France,Female,Regular,0
788,79,5,691,76.84610146175417,402.72509106682537,1,0,0,France,Male,Regular,0
789,37,41,779,52.434682278494215,381.22653973136573,2,0,1,France,Female,Regular,0
790,65,28,696,28.788118657060245,1585.22070199459,2,0,1,France,Female,Regular,0
791,42,3,701,149.8904770305417,747.8252345695864,2,1,1,France,Male,Regular,0
792,39,52,573,62.06983733630279,279.18754668722613,2,1,0,Spain,Female,Premium,1
793,30,48,438,27.813647646009326,709.8124070575233,4,1,1,Germany,Female,Regular,0
794,76,48,402,29.582064158943776,208.9612074368322,4,1,0,Spain,Female,Regular,1
795,36,13,541,85.18216886351753,225.01032778383825,3,1,1,Spain,Female,Regular,0
796,66,-2,416,29.039241646988483,516.5624042213641,4,0,0,Spain,Female,Regular,1
797,53,61,513,36.31179342243865,1528.9493269292811,3,1,0,France,Female,Regular,0
798,29,67,783,17.233951454776257,458.69364005664875,3,0,1,Germany,Female,Premium,1
799,78,44,828,91.2911035890241,255.40746879534345,1,0,1,Germany,Female,Premium,0
800,58,57,523,36.93709820186481,180.04017439572195,4,1,1,Spain,Male,Regular,0
801,36,19,569,40.20795268711528,280.98644815386706,4,1,1,Germany,Female,Regular,0
802,29,57,433,106.29538955124187,202.85480559911446,4,0,0,Germany,Male,Regular,0
803,26,61,413,126.61077432698431,1007.2764365078378,1,1,0,France,Female,Premium,1
804,24,67,740,86.91865040212863,669.117494197653,3,0,0,France,Female,Premium,0
805,45,51,664,3.380249589953995,309.7359533489308,4,1,1,France,Female,Premium,0
806,31,36,531,29.305223190015727,374.7525338285604,2,1,1,France,Male,Regular,0
807,48,7,757,21.028754998204278,303.03723107758276,1,1,0,Germany,Female,Premium,0
808,69,43,674,12.009067523365,98.28942610618667,1,0,1,France,Female,Regular,0
809,36,-1,506,119.81945210186609,557.2887183045376,1,1,0,France,Male,Premium,1
810,75,68,819,110.39510017689985,345.98041818696856,1,1,1,Germany,Female,Regular,0
811,64,30,767,31.30227391677749,533.1534296692348,3,0,0,France,Male,Premium,0
812,33,44,742,7.225910689817436,138.68194586876157,3,1,1,Spain,Female,Regular,0
813,70,8,620,0.6727872088401946,202.33927656542235,4,0,1,Germany,Male,Regular,0
814,22,31,392,28.85424394274437,445.21417268839406,4,0,1,France,Female,Premium,0
815,52,32,707,2.038763768785938,1235.9034627392614,1,0,1,France,Male,Premium,0
816,29,66,457,47.02352885607796,50.0,2,0,1,Germany,Male,Regular,0
817,42,37,398,46.87685107468364,558.9314954278677,3,1,0,France,Female,Regular,1
818,69,28,524,114.60177081073579,279.69625564839606,1,1,1,France,Female,Regular,0
819,76,2,740,10.539084268207723,688.0640178757013,3,1,1,Spain,Male,Premium,0
820,38,58,700,23.212549764015883,485.11984323120464,1,1,0,France,Male,Regular,1
821,53,35,363,98.14354471231127,124.97486365249272,2,1,0,France,Female,Regular,1
822,70,8,578,32.15089590630064,176.22132889393228,1,1,1,Germany,Female,Regular,0
823,40,22,818,3.0790536801671884,415.8782087818706,1,0,1,Germany,Female,Premium,1
824,33,0,547,5.870750196666831,1655.4553532982995,1,0,0,France,Female,Premium,1
825,74,61,667,83.95402427651436,154.08762305643765,2,1,1,Spain,Female,Regular,0
826,56,2,397,68.0698309230944,855.8636690388771,4,1,0,France,Female,Premium,0
827,62,45,567,104.32593314318214,363.1485540408197,4,1,1,France,Male,Premium,0
828,70,67,359,6.327003926260087,213.46749790528418,4,0,1,Germany,Male,Regular,0
829,59,28,799,71.44271487360352,241.69140399998318,1,1,0,Germany,Female,Regular,1
830,75,50,607,53.22567074202366,100.55266127488085,4,0,1,Germany,Male,Premium,0
831,56,24,792,13.217372157518106,1321.4986654023596,1,1,0,Germany,Female,Regular,1
832,31,43,710,182.2994003861276,156.80737704554278,3,1,1,France,Male,Regular,0
833,48,34,439,42.23977858719648,390.43136236689907,1,1,1,Spain,Female,Premium,0
834,75,54,627,118.69222766830545,413.7449591746841,3,1,1,Germany,Female,Premium,0
835,22,8,763,97.98280665691259,553.8371259802539,1,1,1,Spain,Female,Premium,0
836,52,3,462,20.257667374723628,283.7506408188305,2,1,0,France,Female,Regular,1
837,40,60,359,38.38888806106525,189.75868084982062,2,0,1,France,Female,Premium,0
838,46,40,330,28.226116465251405,288.4206685491033,4,0,1,Germany,Female,Regular,0
839,60,43,632,61.73493059064407,945.6094830032476,2,1,1,Spain,Male,Regular,0
840,28,63,375,44.341694380272905,1898.025045647745,1,0,1,Spain,Male,Regular,0
841,35,40,616,76.82181205535052,1532.3170260089996,2,1,0,France,Male,Premium,1
842,64,43,716,0.5910931635945953,1415.5148006051897,2,0,0,Spain,Male,Premium,1
843,29,1,489,58.20448434697506,524.8579891659951,1,1,1,France,Female,Regular,0
844,26,68,788,19.21443266048165,934.2421529662925,4,1,1,France,Female,Premium,0
845,27,57,614,12.694453126200703,856.2857933245841,4,1,1,Spain,Male,Premium,0
846,75,43,595,80.78320433431894,1155.3919822952362,4,1,1,France,Female,Regular,0
847,61,55,800,4.672761679415605,759.3548634206174,3,1,1,France,Female,Regular,0
848,34,42,476,12.96834099625713,499.1770771822124,4,1,0,Spain,Male,Regular,0
849,78,33,514,11.39112032401888,262.17345660808894,1,1,1,France,Female,Regular,0
850,55,29,631,27.221313196323305,50.0,4,0,1,Spain,Male,Regular,0
851,24,70,427,19.45524234197419,127.67404096203667,1,1,1,France,Male,Regular,0
852,63,69,568,63.731981860538966,66.80954280472201,3,1,1,Germany,Female,Regular,0
853,30,54,850,60.093730454141436,804.2670078744926,2,1,0,France,Female,Regular,0
854,57,72,834,19.687022400529248,165.16536153656048,1,1,0,Germany,Male,Regular,1
855,59,12,665,28.722075301801798,50.0,3,1,1,Spain,Male,Regular,0
856,26,2,647,11.653898241051142,147.76723597281187,3,1,1,Spain,Female,Regular,0
857,67,25,441,55.55979159438159,458.76820865358184,2,1,1,Germany,Female,Regular,0
858,44,56,444,25.22749620577486,372.2896854844789,1,1,1,France,Male,Regular,0
859,75,23,544,7.125787536788929,619.4019066406311,4,1,1,France,Female,Regular,0
860,19,48,741,6.806194192044307,166.40544109481354,3,1,0,France,Male,Regular,1
861,22,69,589,19.454053997651904,224.3910480298091,4,1,1,Germany,Male,Regular,0
862,46,42,411,68.78256571767733,1401.2499120659656,1,1,1,Germany,Female,Regular,0
863,54,59,513,1.2917604820312303,452.8654807953039,1,1,1,Germany,Female,Regular,0
864,55,57,499,14.905121695248713,383.4795970370865,2,0,1,Spain,Male,Premium,0
865,36,48,704,8.865874435974433,311.50214606303996,4,0,1,Germany,Male,Premium,0
866,25,41,720,156.72423078880414,545.1861877350351,1,1,1,Germany,Female,Premium,0
867,65,65,306,61.0867484142775,851.0620031943195,2,0,1,France,Male,Regular,0
868,62,10,824,13.27859463828477,529.4004241173873,3,1,1,Germany,Female,Regular,0
869,18,17,585,11.625652000102466,682.5738039603904,4,1,0,Spain,Male,Regular,0
870,39,56,688,97.60716764405505,2794.261164571198,2,1,1,Germany,Male,Premium,1
871,69,45,715,10.550047130309574,327.22217738895114,2,1,1,Germany,Male,Regular,0
872,34,43,449,250.0,574.2040215453422,3,0,1,France,Female,Premium,0
873,80,21,727,16.58539858958654,556.1882366545599,2,0,1,Germany,Female,Regular,0
874,24,52,592,4.405110306529705,748.4185881975399,2,0,1,France,Female,Premium,0
875,42,58,633,58.71129872548988,2000.0,3,0,1,Germany,Male,Regular,0
876,62,29,571,47.03465213015675,501.74697967347083,2,1,1,France,Male,Premium,0
877,21,7,342,250.0,342.3058130966239,4,1,0,France,Male,Regular,0
878,53,56,767,80.99606972327888,229.39769054993866,1,0,1,Spain,Male,Premium,0
879,23,72,618,28.00399142843969,166.6679740344783,2,1,0,Germany,Female,Regular,1
880,77,19,791,56.44503659284048,89.00249714161482,2,1,0,Spain,Female,Premium,0
881,48,24,826,85.14608779124825,2000.0,1,1,1,Spain,Male,Regular,0
882,36,18,471,36.0492054245732,217.66518255172565,2,1,1,Germany,Male,Regular,0
883,78,4,620,15.932599776627029,300.7763613713836,3,1,1,Germany,Male,Regular,0
884,61,71,343,11.792803343805126,252.7407581061196,4,1,1,Spain,Male,Regular,0
885,71,26,831,17.497837837106147,780.2274602707139,3,1,1,Germany,Male,Regular,0
886,56,37,753,94.21636857677068,187.36507493288352,1,0,1,France,Male,Premium,1
887,44,25,382,23.93667096019373,120.42896629864632,3,1,1,France,Male,Premium,0
888,27,26,842,16.89014718060019,575.1532740344765,4,1,1,France,Female,Regular,0
889,43,61,621,81.96579943914331,551.589317919131,2,1,1,France,Male,Premium,0
890,36,49,533,1.6220451768050335,556.7914582771518,3,0,0,France,Male,Regular,0
891,56,41,839,45.06496718511285,1370.4834510158526,2,1,1,France,Male,Regular,1
892,79,28,551,103.42777182070901,126.51920672998433,2,1,1,Spain,Female,Regular,0
893,20,38,748,26.388734985487805,998.3131234660856,4,1,1,Germany,Male,Premium,0
894,62,59,538,15.6888577617449,135.25180397931314,4,1,1,France,Male,Premium,0
895,30,40,789,33.83506486859158,55.387105420730755,2,0,1,France,Male,Regular,0
896,67,32,763,63.19979546663337,427.36101991247295,4,0,1,Germany,Male,Regular,0
897,45,15,613,36.346115945982135,145.643258632973,2,1,1,France,Male,Regular,0
898,79,22,474,0.3834160595499313,336.75371383842713,2,1,1,France,Male,Regular,0
899,75,6,479,4.078106526452387,930.850088928992,3,0,1,Germany,Female,Regular,0
900,37,25,684,63.886066711464096,119.23387015920888,2,0,1,France,Male,Premium,0
901,45,11,594,25.53722592571375,1901.8369531749365,1,1,1,Germany,Male,Regular,0
902,25,72,514,76.80375743883947,1151.7795765596964,4,0,0,France,Male,Premium,1
903,78,4,374,52.41828985947171,247.97461728774525,1,1,1,France,Male,Regular,0
904,80,68,643,43.55581128314878,513.9105338998227,1,1,0,Germany,Male,Regular,0
905,58,48,441,115.82161035382394,178.65655982473416,3,1,1,France,Female,Premium,0
906,56,25,498,1.0776336341513346,235.27027709705408,1,0,1,France,Female,Regular,0
907,18,4,470,8.422965841393902,772.2812717797896,4,0,1,Germany,Female,Regular,0
908,20,21,705,48.958325871746865,469.0831915374355,2,1,1,Germany,Male,Regular,0
909,30,12,527,3.4047376681165855,914.0176626325167,4,0,1,France,Female,Regular,0
910,45,27,710,51.77771761443033,593.3312870343292,3,1,1,France,Male,Premium,0
911,79,32,361,207.1381324106536,758.4107849844904,3,1,1,France,Male,Regular,0
912,74,24,626,105.51900154834739,1276.3510997834085,2,1,0,France,Female,Regular,1
913,80,31,432,44.69185119115643,563.5404723215996,1,1,0,Spain,Female,Regular,1
914,77,29,488,112.20480776805,89.26934942811374,2,1,1,France,Male,Premium,0
915,66,22,655,6.180080044871627,396.0350053128064,1,1,1,France,Male,Premium,1
916,42,15,370,30.32042382195256,1296.0259331863283,1,1,1,France,Female,Regular,0
917,73,38,562,27.989950369510723,620.1926636459266,1,0,1,Germany,Male,Regular,0
918,50,32,605,20.507371679714378,359.9196421574937,1,0,1,Spain,Male,Regular,0
919,55,25,523,0.010070920881903127,827.2615330801077,1,1,1,Germany,Male,Regular,0
920,70,47,627,110.83368289943371,1212.0575993892487,2,1,1,France,Male,Premium,0
921,23,64,373,75.18785968671588,774.026951869028,3,0,1,Spain,Male,Premium,0
922,75,37,810,52.900998272384,1034.2561189251462,3,1,1,France,Male,Premium,0
923,61,1,441,6.903761804684446,1198.882028694317,3,0,1,France,Female,Premium,0
924,62,5,401,23.757251878480208,879.5880946898662,2,0,1,France,Female,Regular,0
925,49,45,364,129.0666909223771,391.1512245934274,4,1,1,Germany,Female,Regular,0
926,62,53,492,47.97682539581933,438.35475363393806,2,1,1,France,Male,Premium,1
927,78,37,361,46.242681519253516,961.2983881296226,3,0,0,France,Male,Premium,0
928,64,17,831,122.16515509805753,443.75814183655615,4,1,1,Spain,Female,Premium,0
929,38,26,540,41.03013627499549,707.3300452507865,1,1,1,Spain,Female,Regular,0
930,33,38,709,45.51832183048083,1267.9167908501838,3,1,0,Spain,Male,Regular,1
931,71,72,599,21.210665203056372,2038.1079096150315,3,1,1,France,Male,Regular,1
932,38,16,494,23.216263423338514,483.584757969356,1,0,1,France,Male,Regular,0
933,28,61,753,57.85555228411615,532.4664843741447,4,1,1,Germany,Female,Regular,0
934,77,25,600,19.315135508644154,224.20727576538096,1,1,0,Germany,Male,Regular,1
935,54,64,755,40.94775756849402,310.9371963948214,1,1,0,Germany,Male,Premium,1
936,53,69,501,16.369449109162808,265.25788991133845,2,0,1,Spain,Female,Regular,0
937,52,21,601,9.08360266561744,772.9070192050789,1,0,1,France,Male,Premium,0
938,36,5,636,30.293683965774964,186.75513046974726,3,0,0,France,Female,Premium,0
939,37,25,331,12.259618261389761,1026.9147260726863,3,1,1,France,Female,Regular,0
940,74,38,397,114.38201872516198,234.79354403652738,3,1,1,Germany,Female,Premium,0
941,35,11,490,18.0924844811524,242.80485889766967,4,1,1,Spain,Female,Premium,0
942,64,13,840,45.49084854028464,433.2514309169962,3,1,1,Germany,Male,Regular,0
943,58,21,347,15.288353942257201,375.8840071268494,1,1,1,Germany,Male,Regular,0
944,66,61,549,14.92159983486224,2054.2338573281313,2,0,0,Germany,Male,Premium,1
945,31,22,525,21.588099105553397,771.4973265255612,3,1,1,Spain,Female,Regular,0
946,32,47,571,123.77231738715454,919.5106762382748,4,1,1,Spain,Male,Regular,0
947,48,70,784,24.837732484627498,450.02471168335745,1,0,1,Spain,Female,Regular,0
948,18,49,627,86.09296191457155,364.4841546817514,1,0,0,France,Female,Premium,0
949,70,25,479,10.988591755812099,860.9141120796859,4,0,0,France,Male,Regular,1
950,71,9,322,2.4684175790407945,1578.6674276498131,2,0,1,France,Male,Regular,0
951,71,67,669,76.08919406445848,283.68112596758976,4,0,0,France,Female,Premium,1
952,20,8,544,39.03064912547719,50.8060146502472,2,0,0,France,Male,Regular,0
953,33,51,459,35.03133543380588,613.4448844440005,4,1,0,Germany,Male,Regular,0
954,40,5,672,15.886851536378558,851.1520118683425,1,0,0,Germany,Male,Regular,1
955,74,24,584,3.7532607699015017,106.62305975033546,3,1,1,Spain,Female,Regular,0
956,28,12,820,32.97208591760247,436.21978104391667,3,1,0,France,Male,Regular,0
957,29,50,749,100.95547732877866,555.7981617836933,2,1,1,France,Female,Regular,0
958,27,62,435,6.392919369746128,196.81018101676884,1,1,1,Germany,Male,Regular,1
959,49,33,395,132.37425270954608,1098.8169685023593,3,1,1,France,Male,Premium,0
960,33,34,418,16.060500575199608,659.5212170734918,4,1,0,France,Male,Regular,0
961,25,2,673,37.98425619558728,1177.0535553074878,1,0,1,France,Female,Premium,0
962,55,58,573,3.4411654788789687,240.512554829622,1,1,1,France,Male,Regular,0
963,29,69,476,27.673313708418334,256.57875866118815,3,1,1,Spain,Male,Premium,0
964,41,47,576,6.727903768841989,1813.060255368014,4,1,1,Germany,Male,Regular,0
965,45,63,437,2.4581354468342456,322.41238290166064,4,1,1,Germany,Female,Premium,0
966,70,18,431,169.89667583492604,666.8550560344105,3,1,1,France,Female,Regular,0
967,25,66,343,65.4841756321347,828.9257266066513,4,1,1,France,Female,Regular,0
968,75,72,422,63.48030218042524,285.05935135576453,3,1,1,France,Female,Regular,0
969,45,4,435,4.745745818166963,850.2958247400234,2,0,1,France,Female,Regular,0
970,53,66,666,132.50122968131942,175.20815821775935,2,1,0,France,Male,Premium,0
971,43,10,672,31.693798651886606,145.15629854749065,1,1,0,Germany,Male,Regular,0
972,25,67,425,95.62321141761387,814.6616733698914,3,1,1,Germany,Male,Regular,0
973,75,72,738,0.6340584161422097,1225.3338928136923,4,1,0,Germany,Female,Regular,1
974,77,0,350,17.705802559066026,836.9823473482942,4,1,1,France,Male,Regular,0
975,67,60,436,250.0,1335.2263055475178,3,1,0,Germany,Male,Regular,1
976,45,28,457,27.916659276929984,1236.36750760855,1,1,1,Germany,Female,Regular,0
977,45,24,355,109.68363711779794,61.349639712360336,3,0,1,Germany,Male,Regular,1
978,54,40,727,19.874724034040845,163.25459160992023,4,1,1,France,Female,Premium,0
979,58,4,742,37.25668125794688,656.7217408154823,3,0,0,Spain,Female,Regular,1
980,53,36,625,96.2825117813092,577.4467194945975,4,0,1,France,Male,Premium,0
981,44,44,379,46.547452120346215,160.18647027321984,4,1,0,France,Male,Regular,0
982,71,47,773,64.58419269141267,844.1565868915674,3,0,1,Germany,Male,Regular,0
983,80,23,676,12.992529593833163,473.6106659721304,2,1,0,France,Female,Regular,0
984,34,21,632,8.473648968471887,1510.7588005605367,4,1,0,France,Male,Premium,0
985,26,10,474,13.088141090147449,1005.977197854578,4,1,1,Spain,Male,Regular,0
986,50,57,740,33.967011463925836,277.0485281020741,1,0,1,Germany,Female,Regular,0
987,70,45,425,80.71367042314634,763.3467520713815,4,0,1,France,Male,Premium,0
988,37,28,518,21.84731279291298,84.13790665098284,3,1,0,Germany,Male,Premium,0
989,30,34,577,41.59929239331333,640.9531266954368,2,0,1,France,Male,Regular,0
990,45,14,784,81.68972220097447,957.790354232774,4,0,0,France,Male,Regular,0
991,65,59,440,13.641411359328176,170.94668359364567,2,0,1,Germany,Female,Regular,0
992,46,41,409,107.26869859198646,543.962706453156,1,1,1,France,Female,Regular,0
993,30,42,351,152.96802682565558,160.81814818344316,3,1,1,Spain,Male,Regular,0
994,63,48,618,1.987489716166865,213.85104332754386,4,1,1,France,Male,Regular,0
995,52,61,498,3.04651114863991,108.77225585716279,2,1,1,Spain,Male,Regular,1
996,78,31,345,4.7682935987971815,299.0922558979991,4,1,1,Germany,Male,Regular,0
997,23,63,804,74.97727597776938,483.9672494805502,2,1,1,France,Female,Premium,0
998,35,1,839,10.495138998790695,658.2850734356944,1,1,0,Germany,Male,Regular,0
999,68,23,813,64.67591246156617,358.5749607053471,2,1,1,Spain,Female,Regular,0
1000,22,65,316,29.104989581584384,176.0021820930978,4,1,1,France,Male,Premium,0
1001,64,37,614,90.47224982578962,716.5382524640819,3,1,0,Germany,Female,Premium,0
1002,42,29,735,82.65784370684085,1838.8857079529803,2,1,0,France,Male,Regular,1
1003,19,25,687,160.52376216634315,160.88163431400656,2,1,1,Germany,Male,Premium,0
1004,27,28,376,14.453341571164714,1338.976810905275,3,0,1,Germany,Female,Regular,0
1005,73,66,670,13.01885758440532,61.87809960127969,4,0,1,Spain,Female,Regular,0
1006,47,24,464,1.600751542502204,1102.850515417421,2,1,1,Germany,Female,Premium,0
1007,67,46,323,26.41691186856511,640.36585423247,1,1,0,France,Female,Regular,1
1008,76,64,334,30.722638495099712,581.3144832857221,4,0,1,France,Female,Regular,0
1009,62,52,813,166.93061662560572,322.39997243914127,2,1,1,Germany,Male,Regular,1
1010,22,66,760,88.82934608547895,964.2006193712122,1,1,1,France,Female,Premium,0
1011,72,17,437,9.123581485712014,326.65123802251554,1,1,1,Germany,Male,Regular,0
1012,73,8,564,80.09565539812489,816.595542566304,3,1,1,France,Female,Regular,0
1013,50,37,632,9.81895194151411,442.12320360987553,4,0,1,Spain,Female,Regular,0
1014,71,20,487,4.047764147815803,376.4726541187273,1,1,1,Germany,Male,Premium,0
1015,18,64,362,90.72564423679972,662.8877506589981,2,1,1,France,Male,Regular,0
1016,35,20,578,186.40093879139,478.7583181878201,4,1,1,France,Female,Premium,0
1017,49,26,841,4.612264019560269,622.2020606603976,3,0,1,Germany,Female,Premium,0
1018,64,72,470,84.08023977562937,417.86066268158856,1,0,1,France,Female,Premium,1
1019,66,43,802,98.0252336703463,145.0345678935165,1,1,1,Germany,Female,Premium,0
1020,28,27,832,6.321013081599121,515.5141180783816,1,1,1,Germany,Male,Regular,0
1021,38,44,598,16.651650900005393,603.6256195241789,2,1,1,France,Male,Premium,0
1022,43,16,500,66.14919950745382,926.1931193185866,4,1,1,France,Female,Premium,0
1023,80,46,434,82.44280494565515,1901.3470431381281,2,0,1,France,Female,Regular,1
1024,42,2,571,21.84578586276085,145.1009182256308,1,1,1,France,Male,Regular,0
1025,39,65,834,8.713467133802135,1051.6164571719903,3,1,1,France,Male,Regular,0
1026,76,49,741,52.25516037881983,239.62654969601016,2,1,1,France,Male,Regular,1
1027,44,29,386,60.52782198915803,428.91458465680057,3,1,1,Germany,Male,Regular,0
1028,66,68,330,35.01945237415955,193.78851395522477,2,1,1,Spain,Female,Regular,0
1029,30,8,420,7.829244284194566,539.6729472109894,3,0,1,Spain,Male,Regular,0
1030,50,10,368,93.05121527411458,191.22024792030282,3,1,0,Spain,Male,Regular,0
1031,51,68,795,51.81934753758566,62.72714224173004,1,1,1,Germany,Male,Premium,0
1032,58,65,445,101.69062751623355,293.9985487306459,1,0,1,Spain,Female,Premium,0
1033,52,30,632,135.13005956545763,807.5553512431147,4,1,1,France,Male,Regular,0
1034,80,44,780,81.91704426424076,287.2572873645592,1,0,0,Germany,Male,Regular,1
1035,18,38,562,159.29310923737157,507.7235988383483,4,1,1,Germany,Male,Regular,0
1036,38,45,592,154.23664037574954,417.53895837706375,1,1,0,Spain,Female,Regular,0
1037,65,36,728,48.29303289392373,281.1156146747615,3,0,0,France,Male,Premium,0
1038,72,59,385,65.12967490616501,209.6241927096996,4,0,1,Germany,Female,Regular,0
1039,23,30,315,60.100159815040655,195.1053020754914,1,1,1,France,Female,Premium,0
1040,45,10,417,48.52892460515809,659.7053935203248,2,1,0,Germany,Male,Regular,0
1041,34,1,569,0.9772469923955761,523.7002891526463,1,1,1,Germany,Male,Premium,0
1042,22,26,694,21.99558298907812,773.2774917482323,1,1,1,Spain,Female,Regular,0
1043,48,1,461,5.272376733942482,362.8852006299458,2,0,1,Spain,Male,Regular,0
1044,22,20,403,17.85225848977752,544.7490094259277,1,0,1,France,Female,Regular,0
1045,55,57,466,3.5514332006799236,618.9163672984291,4,0,1,France,Male,Regular,0
1046,20,4,599,126.30612149866506,953.2790267386334,1,1,1,Spain,Male,Regular,1
1047,70,51,327,30.012897868650374,425.63662683140063,1,0,1,Spain,Male,Regular,0
1048,40,39,723,10.496835323964179,294.53885253149787,2,1,0,France,Male,Regular,1
1049,54,19,455,43.94724634296095,915.9316574295801,2,0,1,Germany,Male,Regular,0
1050,70,60,623,10.935851477453964,869.0604799395148,1,1,1,Germany,Male,Premium,0
1051,54,45,647,81.5944843377437,580.4615024272885,2,1,1,Spain,Male,Premium,1
1052,27,19,420,18.25833843486392,313.46038326660334,3,1,1,Germany,Male,Regular,0
1053,27,24,827,18.90956948646327,560.9908207095868,2,1,1,Germany,Male,Regular,0
1054,36,1,463,101.9921772608885,155.85176454172174,4,1,1,Spain,Male,Premium,0
1055,34,31,361,40.95852826448487,465.6359408327028,1,1,1,France,Male,Regular,0
1056,38,25,639,109.15222713603185,848.4664672409948,2,1,0,Spain,Male,Regular,0
1057,31,69,611,26.626986377049633,292.987310218725,1,1,1,France,Male,Regular,0
1058,26,40,675,21.07421387205332,373.08080405914853,4,1,1,Germany,Male,Regular,0
1059,63,66,645,35.281538594359354,1223.9738673126787,3,1,1,Spain,Male,Regular,0
1060,18,0,449,3.1731774205472774,505.2599979974609,3,1,1,Germany,Female,Regular,0
1061,68,50,476,8.373663287733244,745.3438646595558,1,0,0,France,Male,Regular,0
1062,62,4,653,12.39241298760399,111.11032773479779,2,1,1,France,Male,Regular,0
1063,30,12,813,84.82535983314207,784.5300788782337,3,1,1,France,Female,Regular,0
1064,21,18,608,66.17513516376539,991.4240228357598,1,1,0,Germany,Male,Regular,0
1065,79,15,418,10.740622499647397,235.42030914307753,1,0,0,Spain,Female,Premium,1
1066,18,42,818,16.19984837590244,142.90296430579954,3,0,1,Spain,Female,Regular,1
1067,66,24,777,144.35453444515863,670.6510238231307,1,1,1,Germany,Female,Regular,0
1068,57,67,713,4.4854576664114445,304.77498283598624,3,1,0,France,Female,Regular,1
1069,49,34,650,39.6434145076583,91.54026480418008,3,1,1,Germany,Male,Premium,0
1070,51,4,805,36.907958712153075,440.58251258020744,2,1,1,Spain,Male,Regular,0
1071,45,21,494,64.6780690007223,513.9394152008585,1,1,1,France,Male,Premium,0
1072,48,68,486,15.152333710442806,2386.8460615692948,3,1,1,Spain,Male,Regular,1
1073,25,46,749,136.4938215855559,484.08190883132676,3,1,1,France,Male,Regular,0
1074,56,60,795,26.431058268782987,777.0752940721475,2,1,0,France,Male,Regular,1
1075,43,2,814,16.823984338842603,153.3951658424894,3,1,1,France,Female,Regular,0
1076,75,52,572,20.539167509487555,413.3779366307852,2,1,1,Spain,Male,Regular,0
1077,51,30,351,21.440961407995605,417.7187634656912,3,1,1,Germany,Male,Premium,0
1078,71,68,562,11.090248235137569,965.3307688802307,1,1,1,France,Male,Regular,0
1079,71,39,667,131.5919163370171,593.4105642042574,1,1,0,Spain,Female,Regular,1
1080,20,71,432,9.611030635410893,662.6529334552032,1,1,1,France,Male,Regular,0
1081,76,49,524,107.20759453041202,478.0614872610104,2,1,1,France,Male,Premium,0
1082,67,27,609,25.953746121407185,661.0421880641129,1,1,0,France,Male,Regular,1
1083,29,38,315,15.686005859745375,155.95323821556644,2,1,0,France,Female,Premium,0
1084,18,45,494,11.064073854964821,472.4914869152551,4,1,1,Spain,Female,Regular,0
1085,71,46,742,35.09348859043098,545.0369525955177,2,0,0,Germany,Male,Regular,1
1086,61,43,602,55.32091527326097,1658.1625395227977,4,0,1,France,Female,Regular,0
1087,22,8,347,114.24758911316808,446.8860202364972,2,0,1,France,Male,Premium,0
1088,47,49,420,52.84184549241579,437.62136136980877,3,1,1,France,Male,Regular,0
1089,47,59,798,33.0497319352319,594.5695088334033,2,1,1,Germany,Male,Regular,0
1090,76,14,768,1.7024607794709274,158.91568044274155,3,1,1,France,Male,Regular,0
1091,74,30,340,123.50695484721345,1783.4757888670174,2,1,0,France,Female,Premium,1
1092,34,62,755,116.32813509152705,365.1384668976448,2,0,1,Germany,Male,Premium,0
1093,65,68,833,23.798426583513766,319.83495244881874,4,0,0,France,Male,Regular,0
1094,80,40,670,1.4732254621574892,401.2154246865779,4,1,1,Germany,Male,Regular,0
1095,64,23,481,66.0945833679977,318.78112286683506,3,1,1,Germany,Male,Regular,0
1096,40,48,816,78.43420645772068,359.3485071366238,3,0,1,France,Male,Regular,0
1097,32,17,530,39.09518537795867,160.95603118125274,1,0,1,France,Female,Premium,0
1098,54,6,647,25.78143912958933,186.07494727944388,1,1,1,France,Female,Regular,0
1099,38,3,778,95.23504497820488,1301.9135419464183,4,1,0,France,Male,Premium,0
1100,31,72,508,10.691627717711278,583.6205629769271,3,0,0,France,Female,Premium,1
1101,19,59,577,28.951492923989765,525.1260096517768,1,0,1,France,Male,Regular,0
1102,28,54,352,1.2395440452601068,132.18672027455904,3,1,0,Germany,Male,Premium,0
1103,68,15,309,8.956962962561818,355.6822731383227,4,1,1,Germany,Female,Regular,0
1104,56,28,763,141.36807445665133,251.22675486761028,3,1,0,France,Male,Regular,0
1105,55,22,457,43.14736300767078,454.21821543511646,4,1,1,France,Male,Regular,0
1106,77,13,318,81.8898965286392,864.1249767050555,1,0,1,Spain,Male,Regular,0
1107,51,48,354,33.32530280228092,591.1673098951051,3,1,1,Spain,Female,Regular,0
1108,55,32,320,90.03812314392977,1346.7840291395642,3,0,1,Spain,Male,Regular,0
1109,67,24,581,38.71249449965433,182.5938557388811,1,1,1,France,Male,Regular,0
1110,51,20,839,0.2274020041991254,231.32947664709877,2,1,1,France,Male,Regular,0
1111,35,16,716,114.97898420357544,437.3555769970902,2,0,1,France,Female,Regular,0
1112,47,22,584,8.041671645272205,445.48878218279157,4,1,1,France,Female,Premium,0
1113,32,56,831,29.942308335777945,899.107152724934,3,0,1,Germany,Male,Regular,0
1114,44,57,831,32.377565526364386,500.75143834735735,1,0,0,Germany,Female,Regular,0
1115,68,13,810,2.419416614443831,255.25824381705831,4,0,0,France,Male,Regular,0
1116,80,19,695,2.7265256601863057,1183.5801445147986,1,1,0,Spain,Female,Regular,0
1117,51,29,419,71.89029121674368,607.087605965627,2,1,1,France,Female,Premium,0
1118,69,21,396,17.86595685866766,935.5482470898056,3,1,1,Spain,Female,Regular,1
1119,74,52,419,26.350135693988285,456.1338257982142,4,1,1,Germany,Female,Premium,0
1120,55,58,836,41.518556596537806,316.6436461496008,2,1,0,Germany,Female,Regular,1
1121,50,27,452,23.371236237805856,746.9666126460676,2,1,0,Germany,Male,Regular,1
1122,41,61,544,74.59106154028771,1201.3532400354316,3,1,1,Germany,Male,Regular,0
1123,32,32,815,107.90893832832089,324.5524606607245,3,0,1,France,Female,Regular,0
1124,77,17,692,3.078766273466123,926.0671831575219,3,1,1,Germany,Female,Regular,0
1125,47,72,442,50.44818489616452,136.98047755983347,3,1,0,France,Female,Regular,0
1126,72,32,803,19.111361128488653,1330.6607804079224,4,0,1,France,Male,Premium,0
1127,59,31,519,43.766470762998765,557.4514917080451,3,0,1,France,Male,Regular,0
1128,68,60,459,33.07344568034617,524.4429558709684,4,1,1,France,Female,Premium,0
1129,34,53,375,20.299151186086405,1685.1778703328816,3,1,1,Germany,Male,Regular,0
1130,22,16,331,4.980832515770247,1258.0677803438464,4,1,0,Germany,Male,Premium,0
1131,46,18,633,40.98542165769055,1080.7464159660294,4,1,1,France,Female,Premium,0
1132,21,69,824,5.983823214584945,323.68054426432707,3,1,1,Germany,Male,Regular,0
1133,27,35,739,8.487253953956676,91.92710942347264,1,1,0,Germany,Male,Regular,1
1134,73,24,651,201.3583807329194,216.13474748007414,4,1,0,Spain,Female,Premium,0
1135,34,67,638,19.04144366123311,519.4392279195281,4,1,1,France,Male,Premium,0
1136,27,10,699,43.9059550779907,473.51967421459085,1,0,1,Spain,Male,Regular,0
1137,34,15,695,15.888644161214286,332.0188959178088,4,1,1,France,Female,Regular,0
1138,77,60,501,100.31306289565225,292.86587282547475,2,0,0,Spain,Female,Regular,1
1139,37,6,829,16.65770076174036,195.69766070870267,2,1,1,Spain,Male,Premium,0
1140,41,15,392,22.85517191417181,236.3308821223515,1,1,1,France,Female,Premium,0
1141,22,19,657,46.87413235998864,575.8950505557426,1,1,0,Spain,Male,Premium,1
1142,51,39,695,102.00592924329099,1059.1636578484777,3,1,1,Spain,Male,Regular,0
1143,23,11,359,84.69920412660345,944.9254157501733,4,1,1,France,Female,Regular,0
1144,70,34,776,15.316740274365905,99.94691023544786,2,0,1,Germany,Male,Premium,0
1145,19,20,300,88.46711827852943,152.7387324138715,1,1,1,Spain,Male,Regular,0
1146,30,49,610,60.398257388530766,632.7775189754649,3,1,0,France,Male,Regular,0
1147,79,39,467,229.4082322221074,761.5337845424451,1,1,0,Spain,Male,Regular,1
1148,60,17,491,137.01395175478794,1198.0004838363325,2,1,1,France,Female,Regular,1
1149,60,31,333,38.08594154351155,219.02614795545375,1,1,1,Germany,Female,Regular,0
1150,65,40,333,69.3004439322028,993.8677391960148,1,0,1,France,Male,Premium,0
1151,28,5,716,42.21940346210617,78.14939625249531,4,1,0,Germany,Female,Premium,0
1152,68,32,457,45.19284789509094,91.15150755645666,2,1,0,France,Male,Premium,1
1153,64,19,799,5.351474824802187,561.6335037671913,4,1,1,France,Female,Regular,0
1154,74,25,665,0.1124116931249538,419.207889327451,1,1,0,Germany,Female,Premium,1
1155,40,65,639,2.4693017431874615,373.75812714294017,2,1,1,Germany,Female,Premium,0
1156,72,9,634,170.00590006177924,569.5124747146593,3,1,0,Spain,Male,Regular,1
1157,33,52,626,6.749092368308124,186.03947406373803,4,0,0,Spain,Female,Premium,0
1158,48,60,413,2.270254469463136,402.811496095186,4,0,1,France,Male,Regular,0
1159,28,37,717,18.527408809045994,146.3587917338634,3,1,1,Spain,Male,Premium,0
1160,71,2,767,44.35843862485048,319.2171369028312,1,1,1,Germany,Male,Premium,0
1161,33,69,442,148.27047874315394,316.65030291153516,3,1,1,Germany,Male,Regular,0
1162,25,54,608,60.17990681805172,587.6549882552995,2,0,1,France,Male,Regular,0
1163,21,-3,700,16.17257657905573,1503.5377100606322,4,1,0,France,Male,Regular,1
1164,57,71,619,139.8916493025472,833.4581287190603,2,1,0,France,Male,Regular,1
1165,21,44,511,1.835329723782773,1008.0354847029861,1,1,1,Spain,Male,Regular,0
1166,73,46,616,193.2903964280548,57.59427872741542,3,1,1,France,Female,Regular,0
1167,42,25,484,3.0215192654834304,1039.3073483156134,2,1,1,France,Female,Premium,0
1168,20,13,504,70.090703166048,715.4870018900368,4,0,1,France,Female,Regular,0
1169,49,53,663,2.3177773195016127,312.0823531215352,2,1,1,France,Female,Premium,0
1170,20,70,515,134.09094525572885,187.00652407570516,4,1,1,Germany,Female,Regular,0
1171,44,45,545,5.751797309335919,118.14605929684434,1,1,1,France,Female,Premium,0
1172,46,40,538,2.5898822895214795,241.8389743277316,3,1,0,Spain,Female,Regular,1
1173,49,58,690,110.03083587842978,367.66205915615706,2,1,1,Germany,Male,Regular,0
1174,67,28,819,5.034897003156915,1056.1964474390354,1,1,0,France,Female,Regular,0
1175,78,16,576,79.9573747381979,108.85905511106094,1,1,0,France,Male,Regular,1
1176,75,13,501,68.72513592136507,420.03721452340557,2,1,1,Germany,Female,Premium,0
1177,68,35,513,45.674487724863454,121.70932177912862,2,0,1,France,Male,Premium,0
1178,36,57,777,23.73776263501364,211.42335534550836,4,1,0,France,Female,Regular,0
1179,38,23,807,123.59787246726835,409.7992951309807,1,1,1,Germany,Male,Regular,0
1180,22,62,374,102.42864817676885,96.41580731444569,3,0,1,France,Male,Regular,0
1181,35,24,441,27.777824112505627,1501.9999935065675,1,1,1,Germany,Male,Premium,0
1182,45,58,621,13.180374007449963,561.7363757413693,3,0,0,France,Male,Premium,0
1183,59,31,760,15.911989972693252,570.994749599047,2,1,1,France,Male,Premium,0
1184,78,17,445,12.44381440710362,495.2851158990669,4,1,1,Germany,Male,Regular,0
1185,39,36,353,38.96270790598043,830.27544214155,4,1,0,Germany,Female,Regular,0
1186,38,25,655,101.4521872632599,599.9589811675698,2,1,1,Germany,Female,Premium,0
1187,23,8,576,74.27523963496697,825.9921035878772,4,1,1,France,Male,Regular,0
1188,18,63,699,79.36192268424406,495.94111458800927,2,0,0,Spain,Male,Regular,0
1189,22,66,815,29.736499960715385,813.3960901393201,4,1,0,Germany,Male,Regular,1
1190,58,19,798,19.463215023178346,232.98363203048646,1,1,1,Germany,Female,Premium,0
1191,29,53,610,70.8079492712526,812.573323539441,4,1,0,France,Male,Premium,0
1192,43,29,570,78.82392355174981,623.4817836744883,3,0,1,Spain,Male,Premium,0
1193,63,52,748,59.430193435939714,823.0841704620235,1,1,1,Spain,Female,Premium,0
1194,51,62,411,1.6316930806291727,225.77973765280774,4,1,1,Germany,Female,Regular,0
1195,66,10,538,44.541468068119364,455.1676108850143,1,1,1,France,Female,Premium,0
1196,31,30,443,21.312416739203226,1196.3893916596567,1,1,1,France,Female,Regular,0
1197,43,48,673,10.919788807002744,306.26830094212505,3,1,1,Germany,Male,Regular,0
1198,62,18,319,59.273136113776246,868.1857686102319,3,1,1,Spain,Male,Regular,0
1199,44,6,588,15.634689402720497,838.6668183280811,2,1,1,France,Male,Regular,1
1200,26,14,496,122.00115329358844,400.81604892927214,1,1,1,Germany,Female,Regular,0
1201,43,30,681,17.696726099453823,638.1319610967058,4,0,1,France,Female,Regular,0
1202,74,42,791,40.50434605439179,1173.4666608894477,3,0,1,France,Female,Regular,0
1203,64,36,463,87.94394939233706,154.20486825333992,1,1,1,France,Male,Regular,0
1204,74,28,548,25.718121714607477,498.8132251201331,2,0,1,France,Female,Regular,0
1205,39,25,367,88.20467409680131,775.1065246195001,2,1,1,Germany,Male,Regular,0
1206,64,1,320,64.31275043301254,1752.6233310461207,1,0,1,France,Female,Regular,0
1207,73,25,811,126.83060340160168,195.88286558064775,2,1,1,France,Female,Regular,1
1208,47,3,689,19.71398710454893,277.56126410325635,4,1,1,France,Female,Regular,0
1209,60,49,835,5.548145924758457,834.1544792769675,4,0,0,Spain,Male,Regular,0
1210,80,37,410,28.136613023670005,393.0809784919831,4,1,1,France,Male,Regular,0
1211,65,22,759,77.0454002157065,273.3846142362027,4,1,1,Spain,Female,Premium,0
1212,78,58,377,29.93142145535403,927.0243318578121,3,1,1,Germany,Male,Regular,0
1213,34,27,733,15.189754988173263,195.83239343600252,4,1,1,France,Female,Premium,0
1214,43,65,679,1.3995652154394627,485.46273510532694,3,1,1,Spain,Female,Regular,0
1215,53,7,739,18.77278175197741,1006.5263898469175,3,1,1,Germany,Male,Regular,0
1216,18,31,638,62.48009295706558,578.8553238449166,3,1,0,France,Male,Regular,1
1217,25,13,723,7.985775855864645,579.7898171118989,2,1,0,France,Male,Regular,1
1218,66,17,468,20.842436339662065,1015.8916014063141,3,1,0,France,Male,Regular,0
1219,52,54,561,1.0219460313533288,538.8752675824377,2,0,1,France,Male,Premium,0
1220,78,49,528,63.9626635016967,1654.3702408494742,4,1,1,France,Male,Premium,0
1221,69,13,460,106.29859282316644,1572.32059745359,2,1,1,France,Male,Premium,0
1222,32,8,726,42.027669838606585,372.6678067215701,1,1,0,Germany,Male,Regular,0
1223,64,10,421,1.3106337920654842,1050.3114414148856,2,1,1,Germany,Male,Regular,0
1224,80,62,448,12.271075661274539,376.6235194611502,1,1,1,France,Female,Premium,0
1225,73,66,410,28.8544269003055,58.95201260779045,2,0,1,France,Female,Regular,0
1226,39,52,520,44.28579954626483,404.2071616415335,3,0,0,France,Male,Premium,0
1227,31,38,363,34.28637299169549,558.6901007390798,1,1,1,France,Female,Regular,0
1228,43,55,653,123.76725323598063,1117.770045780373,2,1,1,Germany,Female,Regular,0
1229,45,27,773,139.5468545577514,227.47475556359993,4,1,1,France,Female,Regular,0
1230,40,38,784,5.666972170436838,1292.4801153695744,2,1,1,France,Female,Regular,0
1231,31,24,312,7.447678307858212,1204.2503083010129,1,1,1,Spain,Female,Premium,0
1232,41,20,452,22.16262560113044,125.86825059952595,4,1,1,Germany,Male,Regular,0
1233,19,8,538,27.34292759684263,304.51018638378724,1,1,1,Spain,Male,Premium,1
1234,62,42,489,44.10252057590584,293.4958216494223,3,1,1,Germany,Female,Regular,0
1235,43,14,385,74.1754626401215,1752.5941365072001,3,1,0,Germany,Male,Regular,1
1236,31,47,320,7.295684350536419,269.45553751728085,2,1,1,Spain,Female,Regular,0
1237,76,18,618,81.1362133411361,574.7156590495528,2,1,1,Germany,Male,Regular,1
1238,73,58,457,47.08405705742531,77.25786535104852,2,1,0,Germany,Female,Premium,1
1239,68,51,780,197.86268518783376,842.6421756632446,2,0,1,France,Female,Regular,1
1240,24,22,375,52.65819625963798,188.5241140305118,1,1,1,France,Male,Premium,0
1241,20,12,628,62.95516462648477,1065.8270267002629,1,0,1,Germany,Male,Regular,0
1242,64,65,715,10.858624829932642,879.6181496301842,2,1,0,Germany,Male,Regular,1
1243,40,3,502,73.23700755506542,807.5526526914317,2,0,0,France,Female,Regular,0
1244,63,71,528,4.1292146963043885,422.42422092377353,3,1,1,Germany,Male,Premium,0
1245,60,8,451,53.43283886623139,335.6467963400727,2,1,1,France,Female,Regular,0
1246,64,34,371,2.858839404192478,417.2372961777301,3,1,1,Spain,Male,Regular,0
1247,77,16,524,6.1211415927997725,340.54711798963604,3,1,0,Germany,Male,Regular,1
1248,62,57,772,5.7069620476537315,274.22375288627296,2,1,1,Spain,Female,Regular,0
1249,35,17,659,2.69557620188753,538.6590525123925,1,0,1,France,Female,Regular,0
1250,75,71,839,19.366938142481192,587.7666935308795,3,1,1,Germany,Female,Regular,0
1251,55,42,345,250.0,388.4495116680276,3,1,1,Germany,Female,Regular,0
1252,52,5,300,21.4028216979141,303.79742726220945,2,1,0,France,Female,Regular,0
1253,68,69,544,71.5177282615022,970.8128494556427,1,1,0,France,Female,Regular,1
1254,32,11,518,7.096442833736803,310.76874211524483,4,1,1,France,Male,Regular,0
1255,42,11,590,30.301806117932646,2000.0,3,1,1,France,Female,Regular,0
1256,72,65,757,10.235465268505394,123.3726892494976,2,1,1,France,Male,Regular,0
1257,54,-2,503,10.665674385459942,250.58395684295536,1,1,0,France,Female,Regular,1
1258,45,18,501,5.250808557228965,424.37150357788045,1,1,0,Germany,Male,Premium,1
1259,27,32,781,28.285579874327567,830.1247705692597,1,1,0,Spain,Female,Regular,1
1260,56,28,810,3.927000072334646,417.8715232027151,3,0,1,France,Male,Premium,0
1261,74,6,577,120.29258808936673,502.2406357746262,4,1,1,France,Female,Regular,0
1262,34,27,315,29.70133360723397,451.05782214533235,1,1,1,France,Male,Premium,0
1263,56,13,824,91.18298823563434,1674.8072689031133,3,1,1,Germany,Male,Regular,0
1264,39,43,655,194.27988670257994,242.87233993470838,2,0,0,France,Male,Regular,0
1265,43,29,655,56.62590942080282,257.47206310500854,1,1,1,Germany,Male,Regular,0
1266,79,31,377,115.89039731259388,580.8416025623789,3,1,1,Spain,Male,Regular,0
1267,61,69,366,7.272537076560994,196.84802286562746,4,0,1,France,Male,Regular,0
1268,42,5,513,88.59597326752996,945.1322233841657,1,1,1,France,Male,Premium,0
1269,34,26,748,15.818985826908538,605.2348629023521,4,0,1,France,Male,Regular,0
1270,30,31,732,31.989614326508097,567.2233651419854,3,0,1,Germany,Female,Premium,1
1271,37,33,844,52.00528116142831,631.4351601178744,2,1,0,France,Male,Premium,0
1272,42,39,414,116.93320544084496,554.6258972318237,3,1,0,France,Male,Regular,0
1273,21,46,719,120.9524629600404,289.21404969009143,4,1,0,France,Female,Regular,0
1274,27,23,798,4.831182844691869,731.6841987874926,4,0,1,France,Male,Regular,0
1275,20,64,679,22.671525369142717,1395.9249842925328,2,0,1,Spain,Female,Regular,0
1276,58,17,442,78.7941626612851,505.7146676111151,1,0,1,Germany,Male,Regular,0
1277,62,43,323,60.7275763161981,410.22807009401197,3,1,1,France,Male,Premium,0
1278,35,56,838,1.3352947014202927,212.5998852628481,2,1,0,France,Female,Regular,0
1279,64,27,374,29.88179696276009,194.33686413349938,1,1,0,Germany,Female,Regular,0
1280,53,70,834,88.37864536672882,695.9196403687281,2,1,0,Spain,Female,Premium,0
1281,64,22,340,66.91035311584156,525.5164527292894,4,1,0,Germany,Female,Regular,1
1282,39,47,712,26.538645424475003,1244.4481349181076,1,1,0,Spain,Male,Regular,1
1283,51,20,714,66.43168233819681,733.3972344719556,2,1,1,France,Female,Regular,1
1284,64,34,748,40.06008933854635,1166.9569640413547,3,1,1,France,Female,Regular,0
1285,25,41,735,121.87959185260138,548.1450157693082,2,1,0,Spain,Male,Premium,0
1286,57,27,538,44.23078308856909,550.8582671510037,1,1,1,France,Female,Regular,0
1287,66,23,341,25.60250021690053,209.54882877928415,2,1,0,France,Male,Regular,0
1288,61,20,309,99.35975691088785,917.5647306322569,2,0,1,Germany,Female,Regular,1
1289,36,52,564,2.557762159360216,105.64917935460643,3,1,1,France,Female,Premium,0
1290,59,72,744,115.38523058851709,263.8660278520349,1,0,0,France,Male,Regular,1
1291,58,3,438,59.59345329948803,944.3156203466982,1,1,0,Spain,Female,Regular,0
1292,54,9,495,141.17798589094005,392.19747820286364,4,1,1,France,Female,Regular,1
1293,23,47,373,14.41777289804325,507.9348265056518,2,0,0,Germany,Male,Premium,1
1294,69,29,524,59.35928573759482,439.90418949704934,1,0,0,Germany,Male,Regular,0
1295,43,72,401,82.89551391816073,1714.4029929662534,1,1,1,Spain,Female,Regular,1
1296,51,62,563,60.55030396029964,652.4689676898098,1,0,1,France,Female,Premium,0
1297,76,46,460,11.807241536076942,567.9544983688629,3,1,0,Germany,Female,Regular,0
1298,73,25,532,16.11985761468182,850.66795121529,3,1,1,France,Male,Regular,0
1299,76,56,790,41.82113448645774,1016.11645629984,3,1,1,France,Male,Regular,0
1300,62,34,610,29.597319470790907,595.3466257479174,1,1,0,France,Male,Premium,1
1301,23,6,526,66.42338856219696,267.54619062010266,3,1,1,Spain,Male,Regular,0
1302,54,39,572,23.795185343453838,898.5506000697528,1,1,1,France,Male,Regular,0
1303,74,38,616,98.12045826834154,607.1399723209612,3,0,1,France,Female,Regular,0
1304,50,61,385,28.274686905050082,202.52716887036385,2,1,1,Germany,Male,Regular,0
1305,70,52,590,2.0432498094694536,780.22288595105,1,0,1,Germany,Female,Premium,0
1306,39,4,768,0.8758299826128839,997.4823189026307,4,0,0,Germany,Female,Regular,1
1307,38,24,703,52.02791349541107,766.4669666134218,2,1,1,Germany,Male,Premium,0
1308,23,6,726,38.886597202334336,527.9790970542159,2,1,0,Spain,Male,Regular,0
1309,23,27,674,39.125663843367256,108.80485773988894,2,0,1,Spain,Female,Regular,0
1310,72,68,551,78.03453413275622,930.802791658405,4,0,1,Germany,Female,Regular,0
1311,65,66,832,23.557833458219648,584.6474985248343,4,0,1,France,Male,Regular,0
1312,21,19,606,250.0,1111.4332376115062,4,1,1,France,Female,Regular,0
1313,47,10,729,145.50535173286644,557.5762611828428,3,1,0,Germany,Male,Regular,0
1314,28,66,563,0.6523251941656619,640.195384941099,3,1,1,France,Female,Regular,0
1315,79,6,367,113.04470254565477,1041.7308179896636,2,1,1,Spain,Female,Regular,0
1316,79,22,406,57.05767087299203,322.14553103798806,4,1,1,Germany,Male,Regular,0
1317,47,60,699,34.866830882064995,266.66468730276165,2,1,1,Germany,Male,Regular,0
1318,48,70,498,43.703183137969845,633.0973839121262,2,0,1,France,Male,Regular,0
1319,41,33,491,92.21289445258904,119.12859901222201,4,1,1,Germany,Female,Premium,0
1320,72,18,813,150.83491878571584,751.8424164315404,3,1,1,France,Female,Regular,0
1321,26,64,741,41.086953885752635,454.42142541053363,2,1,0,France,Male,Regular,1
1322,72,17,300,10.001355791722679,1460.6436948510227,2,0,1,France,Female,Regular,1
1323,20,45,657,51.04840513285499,290.5092992033934,1,0,0,France,Male,Regular,1
1324,68,37,414,3.9640107099940027,1207.6224801980006,4,0,1,France,Male,Regular,1
1325,48,47,496,50.411904928687775,356.5043602752895,2,1,1,Germany,Female,Regular,0
1326,57,56,573,82.67257330296695,66.28848659138026,4,1,0,France,Male,Regular,1
1327,54,24,459,21.796069116396396,1874.8142423890938,1,1,1,Germany,Female,Premium,0
1328,53,24,472,3.6922539493980513,256.30401738854056,4,0,0,France,Male,Regular,0
1329,41,18,844,58.919497440589566,1124.2639552881262,1,1,1,Germany,Male,Regular,0
1330,48,38,757,20.724945780130415,162.11726315004643,1,0,1,Germany,Female,Regular,0
1331,23,26,732,14.32391665387726,1172.6420963124438,3,1,1,Germany,Male,Regular,0
1332,19,61,780,58.42734857760322,225.9765263650157,2,1,0,Spain,Female,Regular,1
1333,37,67,754,174.64338339569758,391.2671435174899,2,1,1,Germany,Female,Regular,0
1334,45,18,495,68.38783794147601,1875.0012826246018,4,0,1,France,Male,Regular,0
1335,28,27,608,33.79976007408223,581.2725647930687,4,1,1,France,Male,Regular,0
1336,21,32,793,45.87841768729396,660.2225429118783,1,1,1,France,Female,Regular,0
1337,32,9,738,7.67381503693573,563.9430742752721,1,1,1,France,Male,Regular,0
1338,23,29,658,83.88939391078458,1716.4561273098254,4,0,1,Germany,Male,Regular,0
1339,71,21,335,46.35431608259255,877.2528005933607,4,1,1,Spain,Female,Regular,0
1340,66,2,333,168.82094302544388,285.2362844518991,4,0,1,Germany,Male,Regular,0
1341,47,47,387,194.32597094183672,249.75154620057634,1,1,1,France,Female,Regular,0
1342,73,1,315,21.893219024426678,728.5373867886677,4,1,1,Spain,Female,Premium,0
1343,55,53,720,223.4705317456014,263.79599040741545,1,0,1,France,Male,Premium,0
1344,68,5,425,157.13455992749758,96.80841086929496,2,1,1,France,Male,Regular,0
1345,79,39,307,51.059229461297626,243.5851009595484,2,1,1,France,Male,Regular,0
1346,74,1,771,20.283088506680365,1458.5492397347505,1,1,0,Spain,Female,Regular,0
1347,19,72,767,69.98726518961357,700.229390050687,1,1,0,France,Male,Regular,1
1348,32,1,809,15.820351008787433,913.0931515097166,1,1,0,Spain,Male,Regular,0
1349,28,54,701,49.69152307197531,92.27109417903111,1,1,1,Germany,Female,Regular,0
1350,25,71,475,1.244439298783249,1332.4180046467777,3,1,0,France,Male,Regular,0
1351,43,59,666,49.521465528835996,87.52338474385475,2,1,1,France,Male,Regular,0
1352,68,5,787,151.42133260461043,504.7390676726876,2,1,1,Germany,Female,Premium,0
1353,62,18,317,13.40332232844873,115.06863980942596,3,1,1,Germany,Female,Premium,0
1354,61,26,355,75.29433614204683,455.5169343838571,4,0,1,France,Female,Regular,0
1355,22,0,334,17.366193655448154,431.89779439957863,1,1,1,Spain,Female,Regular,0
1356,23,32,646,61.52435249527649,788.4139012183914,1,1,1,France,Female,Regular,0
1357,43,34,331,60.194035407266874,2171.8338484042547,4,0,0,France,Male,Regular,1
1358,71,31,432,10.212271408376129,551.8073585177589,2,1,1,Germany,Male,Regular,0
1359,21,68,498,45.45680815008755,403.21048477925785,3,1,0,Germany,Female,Premium,0
1360,36,30,555,98.0097178053897,458.0800510105476,1,1,0,France,Female,Premium,1
1361,37,20,641,24.10648828311676,471.3832477285478,2,1,0,Spain,Female,Premium,1
1362,50,56,530,61.94149084802611,931.3569443033022,2,1,1,Spain,Male,Premium,0
1363,37,41,600,56.10889474575023,152.72007088315306,2,1,1,Germany,Female,Regular,0
1364,66,17,846,14.887563306350032,1561.5646034884212,3,1,1,Germany,Female,Regular,1
1365,29,36,325,125.44576408553199,322.7643388127588,3,1,0,France,Male,Regular,1
1366,64,70,834,41.44972941004326,895.5953641781184,3,0,1,France,Female,Regular,0
1367,18,52,773,21.947939831753676,371.58791680617287,3,1,1,France,Female,Premium,0
1368,43,62,686,8.97777184382378,425.9612467461739,3,0,0,France,Male,Regular,1
1369,31,24,584,32.07124239100368,65.76614655890076,3,0,1,Spain,Male,Regular,0
1370,55,66,749,65.48767743220628,1512.6857983430118,4,1,1,Germany,Female,Regular,0
1371,54,61,619,48.86049318167864,481.9366551411918,2,1,0,Germany,Male,Regular,0
1372,79,54,455,64.92380140834763,589.2389672834445,2,1,1,Germany,Female,Regular,0
1373,28,45,770,78.45338154813342,157.49857585548455,4,1,0,Spain,Female,Regular,0
1374,80,23,719,29.0807166339066,418.43848709364414,1,1,1,France,Male,Regular,0
1375,53,56,412,36.71577258721604,521.8205984300653,4,1,0,Spain,Male,Premium,1
1376,30,21,721,214.96563304535732,290.6086945868978,1,0,0,Germany,Male,Regular,0
1377,60,10,584,172.1813393388475,539.7076071461084,1,1,1,Germany,Male,Regular,0
1378,20,47,353,26.791543667596642,409.7428667638339,4,1,1,France,Male,Premium,0
1379,50,7,624,57.787636036871085,182.47642005060828,4,1,0,France,Female,Regular,0
1380,23,38,757,15.57075280074034,452.1256020759478,3,1,0,France,Male,Regular,0
1381,67,33,564,8.284877954659752,1306.6571635378125,4,1,0,France,Male,Premium,1
1382,73,48,681,73.13744061644479,363.68725576608335,3,1,0,Spain,Male,Regular,0
1383,27,45,512,28.651008655921895,707.2985495497471,4,1,0,France,Female,Regular,0
1384,22,37,632,9.743162016348839,881.1811724977199,4,1,1,Germany,Female,Regular,0
1385,40,7,309,71.1163760883147,815.1923802809251,1,0,1,France,Female,Regular,0
1386,27,53,657,123.35551332625295,369.6653317336746,4,0,0,France,Male,Regular,0
1387,61,36,502,135.3576555237207,718.9620251926377,1,1,1,France,Male,Premium,0
1388,19,39,357,45.358337670108824,835.1910655897266,3,0,1,Germany,Female,Regular,0
1389,30,33,793,32.66182844273126,705.1243206724652,4,1,1,Spain,Male,Regular,0
1390,57,18,809,7.649784879910084,1383.8596805902287,3,1,0,France,Female,Premium,1
1391,19,32,522,78.70107812746288,87.46849951394336,4,1,1,France,Female,Regular,0
1392,37,46,668,145.31574575495392,577.2888967279707,4,1,1,Germany,Female,Regular,0
1393,18,51,717,110.11907871866941,854.25405014126,2,1,1,France,Male,Regular,0
1394,80,8,846,69.67268731080878,99.49601676120763,4,0,1,Germany,Female,Regular,0
1395,54,32,402,0.22896658718571236,167.40511448872718,1,1,1,France,Female,Premium,0
1396,26,59,460,26.191395634898413,522.5478505489497,3,1,0,France,Female,Premium,0
1397,34,20,499,26.442196789648392,1203.8734179465387,2,0,0,France,Female,Premium,0
1398,26,57,459,112.38980643517769,857.3736005522217,2,0,1,France,Female,Regular,0
1399,28,68,435,3.395247295295952,375.128492740329,3,0,1,France,Female,Premium,0
1400,32,9,697,37.88136078446499,355.46665622172384,3,1,0,France,Male,Regular,0
1401,41,5,691,7.316904118981945,625.2229549608364,2,0,1,Germany,Female,Regular,0
1402,55,12,405,54.27896653138262,363.2410417477072,4,1,1,Germany,Male,Regular,0
1403,72,60,353,78.57231314095074,498.1522184220446,2,1,1,France,Male,Premium,1
1404,52,19,576,51.35541830155883,81.77034631892047,4,0,1,Germany,Male,Regular,0
1405,47,56,410,79.13618212162389,990.3074100337028,3,1,0,Spain,Male,Premium,0
1406,48,45,523,46.76046546369593,264.42469146853546,4,1,1,Germany,Male,Regular,0
1407,66,7,374,10.52612109982134,558.7246667578996,4,1,1,France,Female,Regular,0
1408,22,9,805,24.117052641947073,729.8709973011695,4,0,0,France,Male,Regular,0
1409,79,72,313,157.17545106914602,1019.327047806706,1,1,1,Spain,Female,Regular,0
1410,77,66,781,16.99615308822812,961.4861436257095,4,0,1,France,Female,Premium,0
1411,61,10,488,3.2462569539448434,327.6918085136612,1,1,1,France,Male,Regular,0
1412,67,6,663,24.292829290008324,1805.5205015026825,4,1,0,Germany,Male,Regular,1
1413,31,9,538,22.809542824609032,303.3182155159331,4,0,1,Spain,Male,Regular,0
1414,70,24,700,31.773055672401963,283.4089577499672,1,1,1,Germany,Female,Regular,0
1415,73,48,603,41.08351927946948,403.5378490660772,4,1,1,France,Female,Regular,0
1416,28,48,390,244.13365549094496,762.5130861790482,4,1,1,France,Male,Regular,0
1417,26,10,691,70.57731465314214,958.9762636414762,1,0,0,Spain,Male,Regular,0
1418,51,61,483,1.8275337852949012,1907.6722448853056,1,1,1,France,Male,Regular,0
1419,29,35,316,62.363561224335676,461.9224079044417,1,1,1,Spain,Female,Premium,0
1420,52,38,311,86.92944519818234,169.8506443625812,1,0,1,France,Male,Regular,0
1421,52,52,465,112.99100403231091,1331.8826949814782,4,0,1,Spain,Female,Regular,0
1422,18,55,445,27.58291068295227,430.44337946374094,4,1,0,France,Female,Premium,0
1423,57,0,581,18.81659905368131,196.70385616637103,3,1,0,Spain,Male,Regular,0
1424,39,55,848,91.41851488441014,517.8893724671806,4,1,1,France,Female,Regular,0
1425,77,4,468,75.16735028451102,1153.2423682671113,2,1,1,France,Female,Premium,1
1426,46,29,469,38.39811089681932,866.9238367603076,2,1,1,Germany,Male,Regular,0
1427,25,17,645,6.2715167158472545,72.1676691494686,2,1,0,France,Female,Premium,1
1428,28,34,798,52.743361349521855,1188.9996129608376,4,1,1,France,Male,Regular,0
1429,58,51,759,3.3961489744677555,528.4450129657082,2,1,1,Spain,Male,Regular,0
1430,54,38,596,5.288407975007054,516.1952583698389,4,1,0,France,Male,Premium,1
1431,31,67,441,20.10904327648148,288.18159715961247,1,1,1,Germany,Male,Regular,0
1432,77,51,352,23.19515352706169,177.46065641438383,4,1,1,France,Female,Premium,0
1433,47,15,417,30.99242325669,1775.1138614054164,3,0,0,France,Female,Regular,1
1434,52,21,664,20.710886985296117,1468.7052921074476,4,1,1,Germany,Female,Premium,0
1435,38,55,435,1.718608401004986,548.3577456648517,2,1,1,France,Male,Premium,0
1436,54,57,713,8.564077196505767,335.82418955203934,1,1,1,Germany,Female,Regular,0
1437,22,63,376,6.114707852117946,867.5084546773978,1,1,1,Germany,Male,Premium,0
1438,36,11,317,28.209878287878205,51.378706763790866,1,1,1,Germany,Male,Premium,0
1439,76,6,702,11.921040784252735,674.7537523850601,3,1,1,France,Female,Premium,0
1440,31,54,504,17.374809387595814,1469.40221702185,3,1,1,Germany,Female,Regular,0
1441,43,61,798,31.892006623134677,364.85239471735787,3,1,1,France,Male,Regular,0
1442,79,72,623,13.430708613506997,1584.9997318236042,2,1,1,France,Male,Premium,0
1443,21,52,580,14.113444469058278,908.0084058098851,2,0,0,France,Female,Premium,1
1444,42,35,465,89.53125885500425,509.2246197195022,3,1,0,France,Female,Premium,0
1445,62,23,542,39.71326517974426,541.680197011353,4,1,1,Spain,Male,Premium,0
1446,59,43,778,97.1614952590036,210.14984155177368,3,1,1,Spain,Male,Regular,0
1447,42,16,463,36.13146855439077,302.15726999382315,3,1,1,France,Male,Regular,0
1448,35,1,623,119.99018246237215,508.624900351923,3,1,1,Germany,Female,Premium,0
1449,57,12,850,14.70124538796573,278.2567927739734,1,1,1,Spain,Male,Regular,0
1450,25,30,507,47.94295646186314,841.9201550508274,2,1,0,France,Female,Premium,0
1451,56,27,614,34.981585372048684,1097.4941198863303,1,1,1,Spain,Male,Regular,0
1452,57,59,603,125.47488328713791,280.83442777473016,4,1,0,Spain,Male,Premium,0
1453,31,28,538,27.105459393813476,1186.4849570454396,4,0,0,Germany,Male,Regular,1
1454,49,19,523,96.4903596627357,582.078501745197,2,1,1,Spain,Male,Regular,1
1455,68,32,387,41.494649621332094,277.422552345142,4,1,0,France,Male,Regular,0
1456,78,19,836,61.64313158843672,794.540095754279,1,0,1,Spain,Male,Regular,0
1457,55,41,728,108.97109144660394,1454.446800825132,1,0,1,Spain,Male,Regular,0
1458,50,11,519,250.0,744.2046441755442,1,0,1,France,Female,Premium,0
1459,40,72,574,65.67814196941161,828.3343456148991,4,1,1,France,Male,Premium,0
1460,80,36,365,18.881940258602388,1642.3431909531632,3,0,0,France,Female,Premium,1
1461,32,72,722,17.76322504635784,590.3938252079749,1,0,0,France,Male,Regular,1
1462,50,13,554,18.488285980169923,813.240274577764,1,1,1,Spain,Male,Premium,0
1463,42,38,424,5.15195618091837,442.3156542864511,3,0,0,Germany,Male,Regular,1
1464,34,30,445,2.7544397745580835,250.39364561063476,3,1,1,France,Female,Regular,0
1465,50,53,684,43.475471625646236,206.4569179230979,2,1,0,Germany,Male,Regular,0
1466,64,4,746,83.19167628668121,347.18960529165435,4,0,1,France,Female,Regular,0
1467,72,12,686,1.8401779117693817,992.8211716887492,1,0,0,Spain,Male,Regular,0
1468,19,27,682,41.80866632127917,681.7243005617213,2,0,0,Spain,Male,Regular,1
1469,31,42,576,23.241740231086425,809.1675708544826,4,1,1,Spain,Male,Regular,0
1470,70,46,681,111.50633951302969,66.9980181727209,2,0,1,Germany,Male,Regular,0
1471,57,70,423,7.855323043750261,798.8758176493235,4,0,1,Spain,Male,Regular,0
1472,57,37,566,41.44055713299268,1567.363547480293,1,1,1,Germany,Female,Regular,0
1473,68,72,410,176.88644693376884,1251.4851597084144,2,1,1,Germany,Female,Premium,1
1474,56,72,680,21.1585187547259,282.2658792457141,4,1,0,Germany,Female,Regular,1
1475,68,46,457,67.69656913881296,1197.7650519963972,4,1,1,France,Male,Premium,1
1476,23,36,847,107.04506649957331,641.1715211798704,4,0,1,Germany,Female,Premium,0
1477,23,7,417,10.302681134863251,1007.4843789406292,3,0,1,Germany,Female,Premium,0
1478,20,51,627,244.82414380485778,324.4622394518462,4,1,1,Spain,Male,Regular,0
1479,24,32,367,82.87541635701201,2000.0,3,0,1,Spain,Male,Premium,0
1480,68,41,733,7.399731750575607,910.2292473991155,1,1,1,France,Male,Regular,0
1481,25,26,658,18.617333936962066,1393.4697582677527,2,0,1,France,Male,Regular,0
1482,59,7,742,49.03746792448141,156.3044361886624,1,1,1,France,Female,Regular,0
1483,69,22,463,108.1054149199369,171.5427301725436,3,1,1,France,Male,Regular,0
1484,32,63,660,10.835435133643363,1422.2749225413127,1,1,1,France,Male,Regular,0
1485,64,19,418,65.69042194736139,522.3003657225506,3,1,1,Spain,Male,Regular,0
1486,46,15,494,15.77994142044781,113.61756335381017,3,1,1,France,Male,Regular,0
1487,50,16,540,81.84468242015387,847.6960652774584,4,1,0,Spain,Female,Regular,0
1488,69,18,808,57.51244430018978,773.8672820480169,3,1,1,France,Male,Regular,0
1489,47,7,441,37.002405163723914,1583.4387777583725,4,1,0,Spain,Female,Regular,0
1490,56,37,330,52.471961663258426,345.8183516095485,2,0,1,Spain,Male,Premium,0
1491,44,37,522,104.55354325829288,1861.2734751674673,4,1,1,Spain,Female,Regular,0
1492,53,52,565,24.422708714334565,528.0585365432839,4,0,1,France,Female,Premium,0
1493,46,30,581,73.32105931703332,804.1469087233888,4,1,1,France,Male,Regular,0
1494,55,43,680,8.65255908314213,623.3368415057986,4,1,1,Spain,Female,Regular,0
1495,74,58,361,60.39662592314592,123.87192525785022,2,1,0,France,Female,Regular,1
1496,50,16,820,69.4463637041037,243.53401472189177,2,1,0,France,Male,Regular,0
1497,78,72,370,29.25929519863289,450.21187983235694,2,1,1,France,Female,Premium,0
1498,54,38,835,78.90231752149643,1106.4524105347737,3,0,1,Germany,Male,Premium,0
1499,44,41,439,40.72094338579066,998.2932758815922,3,1,0,Germany,Female,Regular,0
1500,72,47,615,137.6584438367922,65.83008199235805,4,1,1,Germany,Male,Regular,0
1501,50,11,639,5.965446985629526,1008.7495292142054,4,1,1,France,Female,Regular,0
1502,79,17,827,7.010334073094299,903.3791837879569,3,1,1,France,Female,Premium,0
1503,21,5,840,92.39346206840047,516.4718282661753,4,0,1,Spain,Male,Regular,0
1504,39,42,715,92.37247059929321,173.44901145368698,2,1,1,France,Female,Regular,0
1505,19,34,766,31.859589895486984,1375.3651734433288,1,1,1,France,Female,Regular,0
1506,27,48,674,166.15935826657426,1009.0118865571035,4,0,1,France,Female,Regular,1
1507,22,61,590,56.87638612695836,342.4213675848659,1,0,1,France,Male,Regular,0
1508,76,68,342,203.29732194323853,413.00261390306497,2,0,1,France,Male,Premium,0
1509,27,15,352,38.006610085121316,672.3167215284006,4,1,1,Spain,Female,Regular,0
1510,50,7,531,11.258113393102668,196.65651295120867,2,1,1,Spain,Female,Regular,0
1511,71,30,511,29.384714891026213,978.820023589214,2,0,1,France,Male,Premium,0
1512,55,9,307,196.8333134510344,420.9223200974022,2,0,1,France,Female,Regular,0
1513,30,66,782,23.13463719305943,173.080749895037,3,1,0,Germany,Male,Regular,1
1514,48,69,341,157.34687011294696,697.0761892019316,4,1,1,Spain,Female,Regular,0
1515,64,19,632,79.73272332136875,667.3881912831312,2,0,1,France,Female,Premium,0
1516,53,4,532,29.179344317922133,223.3582062008855,3,1,1,France,Male,Regular,0
1517,62,22,369,39.03022724473015,326.5968920870906,4,0,1,Germany,Male,Regular,0
1518,41,8,315,46.75317683447167,698.7801498862611,2,1,1,France,Female,Regular,0
1519,69,67,368,54.79570930068958,446.6819766115414,4,1,0,France,Male,Regular,1
1520,73,58,352,3.990011087100304,1300.405557731697,3,1,1,France,Female,Regular,0
1521,32,53,678,135.59391525975366,297.1417179736167,3,1,1,France,Male,Regular,0
1522,46,45,762,45.44090025633444,779.9515326576513,4,1,0,France,Female,Regular,0
1523,25,21,826,133.79068595707116,1049.1635259130485,4,1,1,Spain,Male,Regular,0
1524,22,63,362,49.96982428133038,1080.398360317134,3,0,1,Germany,Male,Regular,0
1525,46,7,560,28.19510333422894,753.8888447692835,2,1,1,France,Female,Regular,0
1526,64,19,799,41.842565484305,235.2124451173526,3,1,1,France,Female,Regular,0
1527,21,50,420,88.4519592512627,202.50896315346776,2,1,1,France,Male,Regular,0
1528,29,38,539,19.73559395238586,314.810881381958,3,0,1,Germany,Female,Regular,0
1529,62,36,764,156.7038267030635,963.619166931313,3,0,1,France,Male,Regular,0
1530,19,49,406,31.36377721505463,231.5883110478112,2,1,0,Spain,Female,Regular,0
1531,44,33,479,156.44833076927932,1006.8890709530938,1,1,1,France,Male,Premium,0
1532,48,27,315,106.32943101486806,1438.6394723570118,2,1,1,Germany,Male,Regular,1
1533,68,30,654,72.97809417093349,1205.3393111119015,1,0,1,France,Male,Regular,0
1534,68,53,608,31.502778982575975,390.30457628023703,2,1,1,Spain,Male,Regular,0
1535,53,43,480,44.208743617887144,560.9200051452182,3,1,1,France,Male,Regular,0
1536,53,33,473,91.0170259006575,1046.1986295792624,2,1,0,France,Female,Regular,0
1537,43,70,653,39.26924247330929,464.12264790188647,1,1,1,France,Female,Regular,0
1538,60,66,653,67.00673058509314,810.5984045331263,3,0,0,France,Male,Regular,1
1539,44,22,518,78.1895510651432,566.8990050159905,2,0,1,France,Male,Regular,0
1540,22,45,614,35.98433756744123,467.95443533273493,2,1,1,Germany,Female,Regular,0
1541,37,55,733,38.420215690793746,1414.65834882043,3,1,1,Germany,Female,Regular,0
1542,28,6,581,11.022030204843608,232.3253958067871,1,0,1,France,Male,Regular,0
1543,79,60,558,14.034606470002942,153.46657787338174,2,1,1,Spain,Male,Regular,0
1544,27,-3,304,117.6640247257644,1266.7837157847086,1,1,0,France,Female,Premium,1
1545,57,37,693,91.73218338879381,468.37937192250894,2,1,1,Germany,Female,Regular,0
1546,55,37,635,0.5087070011043466,719.1126640047446,2,1,1,Spain,Female,Regular,1
1547,23,43,362,101.77605064834705,84.25263632684846,4,1,0,Spain,Male,Premium,0
1548,25,29,343,1.277937265075516,67.3372385623992,4,1,1,France,Male,Regular,0
1549,40,16,452,30.650338000776728,305.3825498232983,2,1,1,Germany,Male,Regular,0
1550,64,65,455,3.4906993242793996,392.5653986289113,4,0,0,France,Male,Regular,1
1551,43,9,777,173.403953825887,271.66075994502916,1,1,1,France,Female,Premium,0
1552,63,17,574,179.3509131454125,1457.4795453467393,4,0,1,Germany,Male,Regular,0
1553,60,44,657,47.19221108317074,50.0,3,1,1,Germany,Female,Premium,0
1554,29,61,725,24.895873910113103,236.20985501871212,4,1,0,France,Male,Regular,1
1555,43,61,831,35.87125085403463,251.57790917798977,2,0,1,France,Male,Regular,0
1556,30,58,782,71.83715229493217,320.92909053366157,3,0,1,France,Male,Premium,0
1557,57,48,513,12.628164943202124,340.5499284212062,2,1,1,Germany,Female,Premium,0
1558,79,62,378,29.14495563294837,253.3967002909052,4,1,1,Germany,Female,Regular,0
1559,35,26,438,66.83117024866873,59.29765082390749,2,1,0,Germany,Female,Regular,1
1560,42,9,397,25.158787758064623,771.2318682355251,4,0,1,France,Male,Regular,0
1561,50,14,497,1.625979941628429,835.9099928407795,1,1,1,Spain,Female,Regular,1
1562,64,69,455,35.40232318962605,829.2729864298741,3,1,1,France,Male,Premium,0
1563,57,61,349,66.85829128918324,118.27161428085728,3,1,0,Germany,Male,Premium,1
1564,77,42,778,188.21552714985566,813.1153506537589,1,1,0,France,Female,Regular,1
1565,60,33,527,1.8874897404760747,328.3625357991966,3,0,1,France,Female,Premium,0
1566,29,16,756,38.81781001868707,757.5499589418197,2,1,1,France,Female,Regular,0
1567,61,53,821,29.886274179508852,377.5708239261221,2,1,1,Germany,Male,Premium,0
1568,53,39,448,13.883206949363597,257.58812318448827,4,1,1,Germany,Male,Regular,1
1569,65,18,357,50.77279061999464,596.2721205165592,3,0,1,Germany,Male,Regular,0
1570,21,66,461,8.933760212597159,892.7330448546546,3,1,1,France,Female,Regular,0
1571,22,52,776,16.694312869518026,1762.2595052276747,3,1,1,Spain,Male,Premium,0
1572,73,63,406,76.10739729450655,416.78904494782466,1,1,1,France,Female,Regular,0
1573,54,46,726,30.847445589475562,887.4610227054734,4,0,1,France,Female,Regular,0
1574,25,5,694,250.0,107.01319219490378,3,1,1,France,Male,Regular,0
1575,80,15,485,24.425551508035078,341.58244234422114,3,1,1,France,Male,Regular,0
1576,59,71,745,31.1121729648458,614.0531184894147,2,1,1,France,Male,Regular,0
1577,66,17,747,17.852162165383405,380.8360441098318,1,1,1,Germany,Male,Regular,0
1578,45,51,386,13.478593248773214,59.868644571279496,3,1,1,France,Male,Regular,0
1579,48,47,548,127.73304060297394,921.7107235562848,3,1,1,France,Female,Premium,0
1580,75,42,739,69.08059507399132,641.1661712945111,1,1,0,Germany,Male,Premium,0
1581,26,33,556,20.27844558988505,177.9848503202225,2,0,0,Germany,Female,Regular,1
1582,71,48,576,60.22464525203082,337.3880778321263,1,1,1,France,Female,Regular,0
1583,68,11,737,168.7527307159913,436.27757535542133,4,1,1,France,Male,Regular,0
1584,46,9,815,3.846642219834357,182.47395958310764,2,1,1,France,Male,Premium,0
1585,31,70,501,15.360536361311416,549.624771585899,3,0,1,France,Male,Premium,0
1586,57,62,479,11.193349971672875,546.7326868474755,3,1,0,France,Male,Regular,1
1587,58,0,624,101.92771230404061,1356.323878694089,4,0,1,France,Female,Premium,0
1588,39,48,774,9.873201144977681,590.097761831175,1,1,1,Germany,Female,Regular,0
1589,28,35,699,18.413957509476234,1364.0439042080193,3,1,1,Germany,Female,Regular,0
1590,40,20,516,39.2478597207909,339.04704719085146,1,1,1,France,Male,Premium,0
1591,18,36,752,48.52340321137755,446.11733515838864,1,0,1,France,Male,Regular,0
1592,63,23,703,82.56087308939686,507.7747704822139,1,0,0,France,Male,Regular,0
1593,54,54,539,26.15530662041752,469.56255488315753,3,0,1,France,Male,Regular,0
1594,38,24,485,38.20474693543967,281.7897119650323,2,1,1,Germany,Male,Regular,0
1595,43,6,347,168.28486423115734,191.031411076161,3,1,1,France,Male,Regular,0
1596,63,70,685,17.645654048701356,330.15150858824984,2,1,1,Spain,Female,Premium,0
1597,53,70,507,14.257212184277298,856.7218381118387,2,1,1,Germany,Male,Regular,0
1598,71,23,456,61.99713352653576,224.08428808604305,2,0,0,France,Female,Premium,0
1599,40,10,524,73.73142616485913,208.32225560702528,3,0,1,Spain,Female,Regular,0
1600,74,72,443,26.788277993566407,857.0322577147342,4,1,1,Germany,Female,Regular,0
1601,18,11,718,11.97501217018395,1034.3979999188819,4,1,1,Spain,Male,Regular,0
1602,80,34,410,75.46213324933946,207.60864707016214,2,1,1,France,Male,Regular,0
1603,71,62,764,55.507868157234206,507.46351044271796,3,0,1,Germany,Male,Premium,0
1604,72,68,431,104.46562550133125,595.9918431092847,4,1,0,Spain,Male,Premium,1
1605,68,56,633,92.9997092288327,430.9291069728276,4,0,1,Germany,Male,Premium,0
1606,57,12,374,11.482935478561789,120.09653217566526,3,1,0,Spain,Female,Regular,0
1607,32,26,711,89.29061347313912,190.503648766611,1,1,1,Spain,Female,Regular,1
1608,38,38,818,9.62912550607,431.9598349794741,4,1,0,Germany,Male,Regular,0
1609,64,15,335,99.64627908801434,972.6430608810438,4,1,0,France,Male,Premium,1
1610,26,33,522,73.55361549236086,224.23130306697163,3,0,1,Spain,Male,Regular,0
1611,70,70,829,42.1823519705217,685.5880511824608,3,0,1,Germany,Male,Premium,0
1612,26,30,540,51.39208452715926,50.0,3,1,1,France,Female,Regular,0
1613,27,72,433,5.495167093975832,1307.4233032749491,4,1,1,France,Male,Regular,1
1614,69,12,690,2.0351199526836954,170.77079392854324,3,1,1,Spain,Male,Regular,0
1615,74,30,401,20.07216594779305,1006.2470397808488,2,1,1,Germany,Male,Premium,0
1616,70,1,797,86.13195748996009,431.2248054159089,2,1,1,France,Male,Premium,0
1617,43,14,810,31.34789861343975,703.0830437033089,3,1,0,Germany,Female,Regular,0
1618,58,56,836,12.6411087213746,962.3780094338766,4,1,1,Spain,Male,Regular,0
1619,52,33,844,89.9539797793728,588.9460271234723,4,1,1,Germany,Male,Regular,0
1620,80,67,642,12.979178521341511,310.52492769646466,4,1,1,France,Female,Regular,0
1621,69,28,305,84.5035897852968,527.6432104362711,3,1,1,Germany,Female,Regular,0
1622,42,65,493,30.163452831766623,336.6242367433906,1,1,0,France,Male,Regular,0
1623,43,15,436,31.13395935830389,320.7411739838679,2,1,0,Germany,Female,Regular,0
1624,28,38,772,15.922159736456276,333.1528074651267,3,0,1,Germany,Female,Regular,0
1625,55,36,515,115.21634089550885,730.8159323055673,1,1,1,France,Male,Premium,0
1626,19,20,648,4.648835386636221,977.3087901610678,1,1,1,Germany,Female,Regular,0
1627,24,44,482,7.797983328919223,1863.1000121190873,3,1,0,France,Female,Regular,1
1628,35,18,467,50.51424453455839,583.7755922646597,1,1,1,France,Female,Regular,0
1629,44,70,337,94.89443593308228,1004.9735212637377,1,1,1,France,Female,Regular,0
1630,51,7,770,5.015953931159936,50.0,1,1,1,Spain,Male,Regular,0
1631,44,65,751,66.16640052536368,985.4885028359092,2,1,0,Germany,Female,Regular,0
1632,34,40,789,67.83901743863039,611.4089784310827,1,1,1,Spain,Male,Premium,0
1633,60,69,441,43.55663519722139,1266.235713400079,1,1,0,France,Male,Regular,0
1634,76,63,402,33.34747268743209,130.38434070546583,3,0,0,France,Female,Regular,1
1635,61,25,341,19.363170382613525,226.04038563361917,3,1,1,France,Male,Regular,0
1636,76,70,446,21.651718006320998,746.3759437412353,2,1,0,Germany,Male,Regular,1
1637,68,69,365,56.10942261985416,128.6452982212749,3,1,1,Germany,Male,Regular,0
1638,71,28,492,3.3758030119442193,592.1716493195696,2,0,0,France,Male,Regular,0
1639,41,65,597,43.96600572509077,230.89429850761613,1,0,1,Germany,Male,Regular,0
1640,42,16,337,16.337238581227172,163.50129672851222,1,1,0,France,Female,Regular,1
1641,24,67,801,31.42473754025496,101.51964970393651,1,0,1,Germany,Female,Regular,0
1642,69,57,727,40.93320939685159,1293.1224022886447,3,1,1,Spain,Male,Regular,0
1643,23,69,651,108.42865363449555,280.5257457320322,2,0,1,France,Female,Regular,0
1644,70,56,625,43.265017157361754,338.67733626401116,3,1,1,Germany,Male,Regular,0
1645,41,36,337,12.884134166023053,542.8473377763196,3,0,0,Germany,Male,Regular,0
1646,50,60,396,4.139711528995488,438.5943971120984,2,1,1,Spain,Male,Premium,0
1647,66,29,407,49.30728797648122,401.8253995955657,2,1,1,France,Female,Regular,0
1648,46,70,450,39.3782115647654,587.2287590235727,4,0,0,France,Female,Premium,0
1649,80,72,373,55.70628456883664,50.0,4,1,1,France,Male,Regular,0
1650,60,24,356,30.753465862997665,209.3463891042733,4,0,0,France,Female,Regular,0
1651,39,64,634,87.1844345686111,416.0160740164957,2,1,1,France,Male,Premium,0
1652,43,5,551,126.39885991975974,356.86780882206426,1,1,1,France,Male,Regular,0
1653,45,17,553,2.0413300506904952,678.5075565837344,3,1,0,France,Female,Regular,0
1654,67,9,684,68.14579617677113,251.99808338949666,3,0,0,Germany,Female,Regular,0
1655,38,22,755,1.7896779548542776,677.144178137307,4,0,1,Spain,Male,Regular,1
1656,66,67,558,29.448069549664503,1811.6586529976585,1,1,0,France,Male,Regular,1
1657,24,59,764,30.957973767808443,1476.306411680304,2,1,0,Spain,Female,Regular,1
1658,34,51,333,59.572312433470806,310.510876904915,3,0,0,France,Male,Regular,0
1659,37,66,794,21.724357507585243,248.4370009382599,1,1,1,France,Male,Premium,0
1660,58,30,625,85.99092212034611,493.6293807934077,3,1,1,Spain,Male,Premium,0
1661,66,16,537,20.993218428836283,573.5922693941726,3,0,0,Spain,Female,Premium,0
1662,37,54,840,20.966886095167325,132.26598386895108,3,1,1,Germany,Male,Premium,0
1663,71,35,765,12.6003477505943,354.8005278591189,2,1,1,Spain,Female,Regular,0
1664,39,25,603,57.57992937497636,786.2142012706394,2,1,1,France,Male,Regular,1
1665,45,52,416,3.983946844065142,290.9210337105613,3,1,1,France,Female,Premium,0
1666,80,16,506,22.553605210273993,466.8324152477648,2,0,0,Spain,Female,Regular,0
1667,78,24,780,15.523026896446307,214.2172958808456,1,0,1,France,Female,Regular,0
1668,57,1,702,13.025116229286427,498.11807475682474,1,0,1,Spain,Male,Regular,0
1669,66,11,532,3.1461016671888045,595.4715118189102,3,1,1,France,Female,Regular,1
1670,24,3,583,10.559706279170253,887.1487450806653,4,1,0,Germany,Male,Premium,0
1671,18,33,779,29.55159316122213,134.41697137790925,1,0,0,Spain,Male,Regular,1
1672,49,5,308,35.03291142620762,538.3849335795068,2,1,1,Spain,Male,Regular,0
1673,30,20,678,15.701622294069148,1070.7606902603322,2,1,0,Spain,Male,Regular,0
1674,47,25,680,52.525905255645675,1070.523387826901,1,1,0,France,Male,Regular,0
1675,40,56,659,20.458096973096804,579.3370548201675,4,1,0,Germany,Male,Premium,1
1676,68,38,475,22.883665116786823,265.9050963469163,3,0,1,Spain,Male,Regular,0
1677,76,32,784,76.30641215198652,294.8767107741165,1,1,1,France,Female,Regular,0
1678,73,13,704,40.1443883396131,406.91799429573126,2,0,1,Germany,Male,Regular,0
1679,36,55,332,153.06674263698875,282.2917963563719,4,1,1,France,Male,Regular,0
1680,79,30,764,22.259791263249845,1172.6995782399888,3,1,0,France,Male,Regular,1
1681,49,45,456,87.9666941510626,1754.5292409361793,2,1,1,France,Male,Premium,0
1682,47,15,501,67.03499552043243,596.8714571131954,3,1,0,France,Male,Regular,0
1683,46,18,474,110.44969560105133,130.08681762748319,3,1,0,Germany,Male,Regular,1
1684,66,35,543,157.08575514075142,1516.2613804477016,4,1,0,Spain,Male,Regular,1
1685,62,7,568,0.3853067102449177,363.6299710257793,3,1,1,Germany,Female,Regular,0
1686,46,2,745,4.622091006911687,814.7193880431834,2,1,1,France,Female,Regular,0
1687,47,18,373,56.09488835054945,944.5115117387918,3,1,1,France,Male,Regular,0
1688,33,72,395,24.731200717350454,137.71309423378298,3,1,0,Spain,Female,Regular,1
1689,57,21,472,85.4974828266869,254.76222574590324,1,1,1,France,Female,Premium,0
1690,36,45,705,0.6026083062458676,1053.1772157900098,1,0,1,Germany,Female,Regular,0
1691,35,12,454,82.2474007005436,387.64536779324783,2,1,1,France,Male,Regular,0
1692,18,32,482,7.2652789008664005,200.1213145295982,3,1,0,Spain,Male,Regular,0
1693,31,4,622,17.142056831207796,1016.3794376527916,1,0,1,France,Female,Regular,0
1694,68,26,588,173.81469253211523,930.6579130914017,2,1,0,France,Female,Premium,0
1695,64,23,557,2.6488467852025077,845.7363957853851,3,1,1,France,Male,Premium,0
1696,67,66,473,21.46540117197523,294.35798546412866,2,1,1,Spain,Male,Regular,0
1697,19,62,629,4.415817348826339,997.0886800898214,3,1,1,Spain,Female,Regular,0
1698,71,47,530,96.07213868137696,612.9432618081585,4,1,1,France,Male,Regular,0
1699,45,62,460,60.703871314534496,156.54262450393568,1,1,1,France,Female,Premium,0
1700,66,11,485,80.55631379983558,131.64969697766006,4,1,0,Spain,Female,Regular,0
1701,67,30,442,37.462549955907505,196.43113427974305,3,0,0,Spain,Male,Regular,1
1702,47,43,581,22.13654819641084,1171.8086511225176,4,1,1,France,Male,Regular,0
1703,55,42,326,0.11381041012910335,428.2484663167568,4,0,1,Germany,Female,Regular,0
1704,68,14,545,16.281473465797205,197.9472974379992,1,1,0,Spain,Female,Regular,1
1705,80,39,786,36.13431446668017,496.5821751324239,4,0,1,Germany,Male,Premium,0
1706,21,48,501,54.586109472011515,352.8735668860512,3,1,1,Germany,Male,Premium,0
1707,18,56,320,12.999287164469964,518.6983942858107,3,1,1,France,Female,Regular,0
1708,25,63,393,7.47728100397011,1224.7606907837267,4,1,1,Germany,Male,Premium,0
1709,46,56,307,11.258208446250642,745.2865986235344,1,1,1,Spain,Male,Regular,0
1710,72,69,771,21.853675460297424,959.6245057530052,1,1,0,Germany,Male,Regular,0
1711,56,42,638,8.030642725463878,451.73519711440014,4,1,1,Germany,Female,Regular,0
1712,20,22,558,8.528582965307804,316.69797744534407,1,1,1,France,Male,Regular,0
1713,49,26,354,2.2368835813906944,606.3201353578431,4,1,1,Spain,Male,Regular,0
1714,27,57,847,97.1495387529312,1490.366102302917,4,1,1,France,Female,Premium,0
1715,27,36,305,12.407597541892654,865.5346663041695,2,0,0,Germany,Female,Regular,0
1716,36,5,676,86.27118918390175,635.6103691924508,4,1,1,France,Male,Regular,0
1717,63,64,349,28.84020449076162,266.55670173331066,1,0,1,France,Female,Regular,0
1718,51,5,411,50.0431381490138,1108.2063962794666,3,1,0,Germany,Female,Regular,0
1719,77,49,445,3.9360447911617182,284.92029199770576,4,1,0,Germany,Male,Premium,0
1720,50,31,529,43.80310552186681,380.074829997123,2,1,0,France,Male,Premium,1
1721,40,24,796,17.12419172819672,394.31693703997416,2,0,1,Spain,Male,Regular,0
1722,72,71,605,5.002617731443921,124.611484467445,2,1,0,France,Male,Regular,0
1723,45,50,841,119.42485163904402,713.647281800231,2,1,1,France,Female,Regular,0
1724,49,47,760,46.270111079270734,318.03849828132246,1,0,1,France,Male,Regular,0
1725,67,69,525,13.834312583607932,690.8125953454963,3,1,1,France,Male,Regular,0
1726,24,64,358,27.20602407264393,93.83608090438419,4,1,1,Germany,Female,Regular,0
1727,46,59,375,22.072762716550454,75.41913740615887,4,1,0,France,Male,Regular,0
1728,25,45,727,60.295344649813764,436.6000466561494,3,1,1,France,Male,Regular,0
1729,18,41,431,46.75242520458386,756.7646084627278,4,1,0,France,Male,Regular,1
1730,74,57,797,0.9990231345540396,663.2300683850696,4,0,1,France,Male,Premium,0
1731,72,37,604,11.021548534784255,936.9903113334475,2,0,1,France,Female,Regular,0
1732,20,10,366,32.516643935253306,303.47702335009285,2,1,1,France,Male,Regular,0
1733,41,11,529,29.483142494690128,529.7213525732611,1,1,1,Germany,Male,Regular,0
1734,40,41,632,36.353286475231265,296.224634586439,3,1,1,France,Male,Regular,0
1735,76,38,576,62.73012880542225,215.7381863880922,1,1,0,France,Female,Regular,0
1736,80,72,443,57.286609688328426,416.7108110699006,4,0,1,Germany,Male,Regular,1
1737,78,10,550,23.325560513688135,380.64986576900867,2,1,1,Spain,Male,Premium,0
1738,25,35,379,105.01554108133406,396.20281512278393,2,1,1,France,Male,Regular,0
1739,71,51,356,3.2500018048819377,885.3794269361484,2,1,0,France,Male,Regular,0
1740,74,44,665,43.9148239960109,2532.5839504490873,3,1,1,France,Male,Premium,1
1741,64,43,607,149.47309126800738,444.7370863947126,4,1,0,France,Male,Regular,1
1742,54,12,473,39.82342637296282,420.4722247954146,3,1,1,France,Female,Premium,0
1743,20,17,761,30.35822753530711,451.33791804567716,2,1,1,France,Female,Regular,0
1744,68,44,792,7.188760588966392,1692.7741539169906,3,1,0,Germany,Female,Premium,1
1745,50,69,673,83.08634703358689,694.5812407559025,2,0,1,France,Male,Premium,1
1746,45,60,648,23.403865492814905,511.1089251402404,3,1,0,France,Female,Regular,1
1747,64,22,366,60.40672418643449,231.62580636880898,3,1,1,Germany,Female,Premium,1
1748,25,72,629,11.004092181854011,184.22146089894926,2,1,0,Germany,Male,Premium,0
1749,51,30,493,2.1382358385674443,419.11270792102516,4,1,1,France,Male,Regular,0
1750,52,54,454,18.22581266376699,510.035766577599,4,1,1,France,Male,Regular,0
1751,49,9,459,16.523484700982237,693.7395285044269,3,1,0,France,Male,Regular,0
1752,41,59,565,103.36586828280883,579.4106509351693,2,1,1,France,Female,Regular,0
1753,31,1,467,100.0033480274122,533.2926404100665,1,1,0,France,Female,Premium,0
1754,49,14,444,38.16713402445296,517.62034468393,3,1,1,France,Male,Regular,0
1755,73,2,485,0.959087228369804,740.3688642078141,1,1,1,Germany,Male,Regular,0
1756,63,41,722,12.95956826184243,286.0912786382981,2,0,0,Spain,Male,Regular,1
1757,60,30,756,50.94561041378213,565.0567925216277,4,1,1,France,Female,Regular,0
1758,33,69,644,5.346331592801439,335.29984979844454,4,1,0,France,Female,Regular,0
1759,21,71,815,60.30245871110969,1241.8823880849375,2,0,0,France,Male,Regular,1
1760,69,55,403,0.6017193288903622,875.239360489478,3,1,1,France,Male,Premium,0
1761,54,64,546,57.36966476463369,283.42693361174923,4,1,0,Germany,Male,Regular,1
1762,71,14,322,93.0680972433796,699.785737964634,3,1,0,Spain,Male,Regular,0
1763,38,9,824,31.670167999328708,889.9249975229034,4,0,0,Spain,Male,Regular,0
1764,31,37,443,88.32827305251827,573.0659930475008,4,0,1,Germany,Female,Regular,0
1765,48,46,492,76.05480990517309,797.0857639858117,3,1,1,France,Male,Premium,0
1766,72,56,764,55.648617656428065,894.4332536011134,2,0,0,Germany,Male,Regular,0
1767,65,56,674,29.452808845384503,1149.385880735448,3,1,0,Germany,Male,Premium,1
1768,35,65,565,15.866121616522195,532.5156661787727,1,0,1,France,Male,Premium,1
1769,24,14,677,98.61515675115518,118.3173545165147,4,1,1,Germany,Male,Regular,0
1770,27,17,849,52.290136321763605,381.40456556105266,4,0,1,Germany,Male,Regular,0
1771,24,1,373,79.97854639393866,768.4871586920882,3,1,1,Germany,Male,Regular,0
1772,50,42,737,40.144411362907036,781.1148508567117,2,0,1,France,Male,Regular,0
1773,40,25,525,9.429041330421093,184.03898804913197,4,1,1,Spain,Female,Regular,0
1774,38,70,607,194.21538126017336,1775.1776480433252,1,1,1,France,Female,Premium,0
1775,36,37,647,10.089823478927473,240.27724412768688,1,1,1,France,Female,Premium,0
1776,65,41,775,121.09180460559618,642.1868314435482,3,1,1,France,Female,Premium,0
1777,78,4,614,11.668448031488445,362.1157282399355,4,1,1,France,Male,Premium,0
1778,36,12,824,23.400236758030147,127.58956941602338,2,1,0,France,Male,Premium,1
1779,53,65,724,28.998375722915,1348.3492924308707,2,1,1,Spain,Female,Regular,1
1780,46,33,823,127.153907472717,1526.259207663055,3,1,0,France,Male,Regular,0
1781,77,0,548,109.55154679060477,394.235527003309,4,1,1,France,Female,Premium,0
1782,35,-4,481,86.64273946978066,852.0583506634824,2,0,0,France,Male,Regular,1
1783,19,19,405,23.63437317511507,208.48682611307848,3,0,1,France,Male,Regular,0
1784,18,60,490,0.22516859015878332,50.0,4,1,1,Germany,Male,Regular,0
1785,64,32,436,57.21972198935259,870.5741681399326,2,1,1,France,Female,Regular,1
1786,22,67,419,26.46253594431406,178.680542751377,1,0,1,Germany,Male,Regular,0
1787,37,11,371,70.74666705089886,91.0890353615714,4,1,1,Germany,Male,Premium,0
1788,28,21,430,79.20119168706455,531.513776932447,3,0,0,France,Male,Regular,0
1789,59,18,756,28.966234691559613,379.568158837893,2,1,0,France,Male,Premium,1
1790,80,0,778,68.93666397729035,360.7691796404695,2,1,1,Germany,Male,Premium,0
1791,19,29,351,91.60947719034742,101.81419063950294,3,1,1,France,Male,Regular,0
1792,20,23,418,131.88620306168423,964.5481004035365,4,1,1,France,Female,Premium,0
1793,40,13,563,43.668187618234256,1365.8622425598696,4,1,0,Spain,Female,Regular,0
1794,72,35,538,75.36184216724423,67.32186346624677,1,0,1,Germany,Female,Regular,0
1795,29,68,650,34.11677887794617,995.2459969101843,2,0,0,France,Female,Regular,0
1796,37,23,554,2.1277894393906607,183.37108934248556,3,1,1,France,Female,Regular,0
1797,22,70,608,8.434036534872236,1453.610116777003,1,0,0,Germany,Male,Regular,1
1798,54,54,794,6.861167647364097,213.66040683274667,2,0,1,France,Male,Premium,0
1799,55,23,356,9.422953046895408,236.7566370504298,2,1,1,France,Female,Regular,0
1800,47,23,702,0.5132628773172764,95.24143567495526,2,1,1,France,Male,Regular,0
1801,26,53,366,97.84591398330284,366.88396215790726,3,1,1,Spain,Male,Regular,0
1802,51,25,345,41.065998659357184,150.0343948534085,3,1,1,France,Male,Regular,0
1803,70,65,668,24.156470067317446,413.45828859618166,3,0,1,France,Male,Regular,0
1804,61,37,531,26.362900918137257,316.23193864683003,1,1,1,France,Male,Regular,0
1805,52,64,701,31.120560205272252,282.6194506344201,2,0,1,France,Male,Regular,0
1806,69,50,322,3.8377621383612697,227.63666782189262,2,1,1,France,Male,Regular,0
1807,75,34,566,16.056111465867232,218.0472076040751,1,0,1,Spain,Male,Premium,0
1808,39,42,417,95.40110558198994,292.25292775445024,1,1,1,France,Female,Premium,0
1809,61,28,354,68.06550149836792,1555.9153514050852,3,0,1,France,Male,Regular,0
1810,41,36,452,41.43752599538,527.5865646819517,2,1,1,France,Female,Premium,0
1811,34,63,538,32.764060065870154,508.01980644351386,4,1,0,Germany,Female,Premium,1
1812,27,61,564,14.985923337208924,1603.4937268869103,4,0,1,France,Female,Regular,1
1813,47,38,567,31.86244737627964,453.1326834453922,1,1,1,France,Female,Regular,0
1814,73,38,412,45.547162268352324,851.9737941279419,1,0,0,France,Male,Regular,1
1815,76,40,465,62.35061824834318,662.5679264835479,1,0,0,France,Female,Regular,1
1816,63,28,307,9.11448913007741,738.0449206329625,4,1,0,Germany,Female,Regular,0
1817,40,46,516,83.86182535092873,622.7631497627111,4,1,0,France,Male,Regular,1
1818,49,2,730,21.21797009629407,1274.0478824065444,3,1,1,France,Male,Regular,0
1819,34,9,591,34.98423350167996,328.08180266038454,3,0,1,Spain,Male,Regular,0
1820,67,58,349,46.812468933069525,52.671636286898355,2,0,1,Spain,Male,Regular,0
1821,68,13,406,33.480826160472844,632.1215926762326,3,0,1,Germany,Female,Regular,0
1822,34,46,308,42.426569862033396,384.63805051036644,2,1,1,France,Male,Regular,0
1823,31,37,755,5.912352052923598,324.2551674665222,3,1,0,France,Female,Premium,1
1824,26,31,622,28.29537931460393,204.97762314548154,3,1,1,Spain,Male,Regular,0
1825,57,31,608,16.457677151257915,724.7753061695919,3,1,0,Spain,Male,Premium,0
1826,19,41,444,4.497666134663623,215.7206836588219,4,1,1,France,Female,Regular,0
1827,62,31,711,10.637959398684712,148.61489542458762,4,1,1,France,Male,Premium,0
1828,42,25,413,46.121044954118105,448.7946079663677,1,0,1,France,Male,Regular,0
1829,56,0,698,10.950505454162407,252.47879824690764,3,1,1,France,Female,Premium,0
1830,26,55,574,9.987467730850511,1106.2776947693883,4,1,1,Germany,Female,Regular,0
1831,71,0,423,40.24087052054178,1130.019023711961,2,0,0,France,Male,Regular,1
1832,39,29,385,117.53758859970506,1324.7549244872714,3,0,1,France,Female,Regular,0
1833,60,70,346,77.7221259907883,488.78041177394596,4,1,1,France,Male,Regular,0
1834,63,46,500,117.74084165280676,763.6641824569714,1,0,0,Spain,Male,Regular,1
1835,21,19,575,43.73107909015757,658.5947246350158,1,0,0,Germany,Male,Premium,1
1836,43,21,848,26.375668007773477,492.27310317682606,2,1,1,Germany,Female,Regular,0
1837,75,33,429,65.40029627955273,71.31779190166158,2,1,1,France,Male,Regular,0
1838,46,48,747,15.147503752268795,268.49311476498235,4,0,1,France,Male,Regular,0
1839,62,-3,688,4.06342899602508,845.5310423510869,1,0,0,Germany,Female,Regular,1
1840,51,72,562,21.126605675547527,106.73444319826355,4,1,0,France,Female,Regular,1
1841,40,48,577,17.779255293332056,1054.1349367376808,3,1,0,Germany,Male,Regular,1
1842,54,39,345,56.27948562452939,1686.9272692995812,2,1,1,France,Male,Regular,0
1843,28,40,467,40.077023277725296,1198.6447103678577,2,1,0,France,Male,Regular,1
1844,23,67,744,7.440257038910126,486.90005047394834,3,1,1,France,Male,Regular,0
1845,35,8,345,119.57309941478155,1284.919764964242,3,1,0,Spain,Female,Regular,0
1846,38,21,839,44.98876090722847,533.2985734600265,3,1,1,France,Male,Premium,0
1847,59,17,386,30.59534186372642,220.8460619451219,1,1,1,Spain,Female,Premium,0
1848,53,37,684,138.3859715202496,163.73128587600502,1,1,0,France,Female,Regular,1
1849,58,38,564,5.118352737789397,341.18151266846604,3,1,0,France,Female,Regular,0
1850,55,72,321,77.93556173535572,327.5455193557101,2,0,0,Germany,Male,Regular,0
1851,51,5,749,22.68018280672653,150.84486477873253,2,1,1,Germany,Male,Premium,0
1852,34,47,531,59.4361095715555,398.49088585686366,1,1,1,France,Female,Premium,0
1853,54,6,485,133.48386807206515,254.05837230025838,1,1,1,France,Male,Regular,0
1854,42,68,625,36.46080366656091,555.732867500135,2,1,0,Germany,Male,Regular,0
1855,55,10,482,1.144950803059344,704.2353817518192,4,0,0,France,Male,Regular,1
1856,75,0,696,1.4636260150818907,774.7414154915683,1,1,1,Germany,Male,Regular,0
1857,29,36,780,20.065748026229148,328.47008517961194,1,1,0,France,Male,Regular,0
1858,40,36,702,76.08468214849078,813.6852467809231,2,1,1,France,Male,Regular,0
1859,70,63,762,17.00222449149598,229.60631707185445,3,1,1,Germany,Female,Regular,0
1860,59,61,716,20.35847305110653,467.9257635639217,2,1,1,France,Female,Premium,0
1861,39,71,501,76.7306040353113,482.787191719622,1,1,1,France,Male,Regular,0
1862,38,60,364,6.175611844575121,547.1845747079554,3,1,1,France,Female,Regular,0
1863,44,32,316,93.80478166839723,266.82991947150964,4,1,1,France,Female,Regular,0
1864,74,65,482,15.448180697812608,495.5040905918963,3,1,1,Spain,Male,Regular,0
1865,48,29,690,2.6290783521430368,629.4420446346902,4,0,1,Spain,Male,Regular,0
1866,23,19,343,6.24091348435713,434.5605560144583,2,0,0,France,Female,Regular,0
1867,44,59,781,152.40908731746538,1224.9466678572653,3,0,1,France,Male,Regular,0
1868,57,23,562,30.01235468433277,113.51519744071173,3,1,1,France,Male,Premium,0
1869,51,3,473,14.815163486951382,311.15824368204335,2,1,0,Spain,Male,Regular,0
1870,29,36,740,36.83102498051029,1134.8782219091054,4,1,0,France,Female,Regular,0
1871,62,3,519,57.3397297905267,611.6660422906518,4,1,0,France,Female,Regular,0
1872,74,17,693,19.19484966043838,1208.4699432667503,4,1,1,Spain,Female,Regular,0
1873,70,65,494,64.59854306184792,713.2657854813513,3,0,1,Germany,Male,Regular,0
1874,24,47,708,14.534466212354543,451.3500290239092,3,1,0,France,Male,Regular,0
1875,27,42,770,5.958168696731366,1680.7911130605428,4,1,1,Germany,Female,Regular,1
1876,62,57,646,39.89297535789539,360.78423872741257,4,1,1,Germany,Male,Premium,0
1877,34,72,761,8.191794279555298,548.8580513855485,2,1,1,France,Female,Regular,0
1878,43,27,360,141.0762429604137,388.22008358141954,4,0,0,France,Female,Premium,0
1879,38,34,465,0.022456448758557776,561.5105158118694,2,0,1,Germany,Male,Premium,0
1880,45,9,450,70.46711683651084,502.4035447205528,4,0,1,Spain,Male,Regular,0
1881,79,64,410,16.388633666731277,558.6789483469254,4,1,1,France,Female,Regular,0
1882,75,41,787,93.56834365901952,205.3909950614559,4,1,0,France,Female,Premium,0
1883,63,8,848,3.1017965609678932,268.69519842325417,1,1,1,Germany,Female,Premium,0
1884,19,59,302,152.88102035656098,167.69621916278916,1,1,1,France,Male,Regular,0
1885,77,21,782,5.345579443788282,588.1290787544758,2,1,1,France,Male,Regular,1
1886,71,56,312,77.5308057448007,165.5752663769968,4,1,1,Spain,Female,Regular,0
1887,60,68,461,36.42236966450727,1060.680520657889,1,1,1,France,Male,Premium,0
1888,18,21,643,28.14058877264157,365.48909655908204,4,1,1,Spain,Female,Regular,0
1889,68,63,748,16.4360229851538,163.18254644073363,2,1,1,Spain,Female,Regular,0
1890,70,40,631,92.05889513932425,319.13638497117233,4,0,0,Germany,Female,Premium,0
1891,53,70,563,11.14164232520682,626.5467701190129,4,1,1,Spain,Female,Regular,0
1892,68,64,382,63.87043281118052,727.0369095570697,1,1,1,France,Female,Regular,1
1893,43,22,633,29.510729087938476,573.8851146017104,4,1,1,France,Male,Regular,0
1894,46,37,679,250.0,260.9412372384035,1,0,0,France,Female,Regular,1
1895,38,5,518,47.260111030273364,604.0165133044898,3,1,1,Spain,Male,Regular,0
1896,28,33,753,5.5013249905258,261.86672821753046,1,0,1,France,Female,Regular,0
1897,57,62,388,27.19509900321104,912.621690235517,3,1,1,France,Male,Regular,0
1898,28,8,632,3.4299499738713024,262.99232103243753,1,1,1,Germany,Male,Regular,0
1899,53,59,609,16.819506406848358,955.5684532816589,3,1,1,France,Female,Regular,0
1900,66,48,719,21.027678038755713,221.04208427221596,1,0,1,Germany,Male,Regular,0
1901,76,46,653,95.92624158799555,1929.8737278729598,4,0,0,Germany,Male,Regular,1
1902,56,59,399,91.00408209229336,433.3847012706589,1,1,1,Spain,Male,Regular,0
1903,57,69,444,0.5812261857747704,128.4561568636765,3,1,1,Germany,Male,Regular,0
1904,52,36,309,37.99412457759698,894.1293053558499,3,0,1,France,Female,Regular,0
1905,71,30,343,12.650749387998033,1892.8780101414243,2,1,1,Germany,Male,Premium,0
1906,51,40,685,19.289969953769273,333.8910594787003,4,1,1,Germany,Male,Regular,0
1907,72,59,794,1.0944556865972173,654.0614697705882,4,1,0,Germany,Male,Regular,1
1908,64,57,792,69.26391696131189,414.5767922956653,2,1,1,France,Male,Regular,0
1909,41,13,468,150.37989538142148,417.0342665381867,3,0,1,France,Male,Regular,0
1910,71,35,830,12.376105431361275,547.9634226578733,1,1,1,Spain,Male,Regular,0
1911,39,35,635,20.910261018134953,253.45041964036753,2,0,1,Germany,Female,Regular,0
1912,22,7,812,11.560928001505271,1170.124977306172,2,1,1,France,Female,Premium,0
1913,73,25,429,132.99777367858857,500.03799524902155,2,1,1,Germany,Male,Regular,0
1914,50,35,838,0.47000049470148564,304.5336164763647,2,0,1,Germany,Female,Regular,0
1915,75,47,813,43.836950945924755,489.5308507969813,2,0,1,Spain,Female,Regular,0
1916,53,32,549,102.30573939233736,580.945887909206,3,1,0,Germany,Male,Regular,1
1917,64,71,437,10.308617398864614,498.72590128469665,2,0,0,Spain,Female,Regular,1
1918,37,72,574,44.57933174335017,62.80041827028522,3,1,0,Spain,Male,Premium,1
1919,36,55,763,2.5987871424892597,568.1405081441233,3,0,0,France,Female,Regular,1
1920,52,41,440,84.25797216733444,72.75344731151644,1,1,1,Germany,Male,Regular,0
1921,69,28,555,16.03982585562828,796.0559762923897,2,1,1,France,Female,Regular,0
1922,60,9,755,224.38454735815648,394.38452037712256,2,1,1,France,Male,Regular,0
1923,34,39,733,127.55848997560125,66.52571038481109,1,1,0,Spain,Male,Regular,1
1924,79,0,472,65.93477075556376,428.261943380533,4,0,1,France,Female,Regular,0
1925,76,45,772,34.342615879548624,243.89604139320093,4,1,0,Germany,Male,Regular,1
1926,62,17,722,72.74774550465469,170.65890158529658,2,1,1,Spain,Female,Premium,1
1927,60,64,738,6.998118356651759,2000.0,4,0,1,France,Female,Premium,0
1928,51,14,356,18.567652801489785,799.0490293151721,2,1,1,France,Female,Regular,0
1929,26,15,797,1.3632357952576521,925.4236952942937,4,1,1,Germany,Male,Premium,1
1930,43,59,468,51.785345245054884,756.3147037335403,3,0,0,Germany,Female,Premium,0
1931,19,57,727,81.87583233183588,507.73700709609625,4,0,0,France,Female,Regular,1
1932,70,19,718,146.20366457730572,630.9154751425444,4,0,1,Germany,Male,Regular,0
1933,26,9,646,57.99894189961739,663.4152837347083,3,0,1,France,Female,Regular,0
1934,26,28,816,65.85544025146662,412.56804551870687,1,1,0,France,Female,Regular,1
1935,57,57,754,112.9072561152656,262.4082270498327,3,1,1,France,Female,Regular,1
1936,34,33,501,137.73982050437218,325.47548445062705,4,0,1,Spain,Male,Premium,1
1937,18,60,478,33.79460053553664,440.37699178121784,2,1,1,Spain,Female,Regular,0
1938,42,9,356,5.814747840845382,50.0,2,1,1,Germany,Male,Regular,0
1939,78,53,800,31.407061234865203,464.3798235991461,4,1,1,Spain,Female,Premium,0
1940,60,64,411,40.60485441046909,516.7012107944062,1,1,0,France,Female,Regular,0
1941,57,0,447,49.92180355292145,948.7354522878397,2,1,1,Germany,Male,Regular,0
1942,59,4,677,226.8034667931616,630.0618589948471,1,1,1,Spain,Female,Regular,0
1943,42,19,647,124.7861762653356,291.1688380816402,2,1,0,Germany,Female,Regular,1
1944,56,27,657,25.23921237970273,50.0,1,0,0,France,Male,Regular,0
1945,52,22,355,6.021095574152882,539.6877379369615,2,1,1,Germany,Male,Premium,0
1946,20,16,615,12.090305823109034,769.8064173532159,2,1,1,France,Male,Regular,0
1947,67,12,484,9.545897375598834,734.8378591656044,2,1,1,France,Female,Regular,0
1948,54,13,353,22.00381578633943,647.8068525111803,2,0,1,Spain,Female,Regular,0
1949,61,10,336,104.57136785020707,872.0317423457668,4,1,1,France,Male,Regular,0
1950,61,27,569,28.80986958886415,736.0195867709814,2,1,1,Spain,Male,Premium,0
1951,68,41,807,41.88291684172857,141.3210812687676,1,1,1,Spain,Male,Regular,0
1952,47,59,527,9.871772410732602,425.8367947813279,1,0,0,Spain,Male,Premium,1
1953,55,63,727,33.94725358026924,846.9493445318907,3,0,1,France,Male,Premium,0
1954,51,27,300,103.42615680990659,946.3121383428821,1,1,0,France,Male,Regular,1
1955,29,68,322,74.24240776187868,639.9877667448557,2,1,0,Germany,Male,Premium,1
1956,36,9,802,4.233835175769811,315.8085586490064,1,1,1,Germany,Female,Regular,0
1957,54,7,747,99.05127087958432,239.29799130018978,2,0,1,Germany,Female,Regular,0
1958,61,20,795,15.998425588603723,686.3150395232398,2,1,1,Spain,Female,Regular,0
1959,76,69,724,54.788254689843754,253.75564273242617,3,1,0,France,Female,Regular,1
1960,76,49,317,7.913627620881646,826.6731503741821,4,0,1,Spain,Female,Premium,0
1961,66,72,744,56.14182245066056,1253.2888137111597,1,0,0,Germany,Female,Regular,1
1962,78,69,338,1.817715561137159,145.8937304378906,1,1,0,Spain,Male,Regular,0
1963,34,29,509,45.895189241018706,456.8327723539466,2,0,0,France,Male,Regular,0
1964,27,16,510,51.914468549002734,1096.9956523179096,1,0,1,Germany,Male,Premium,0
1965,74,30,580,14.018557395976075,495.2888819916336,1,1,1,Spain,Female,Regular,1
1966,72,47,432,138.2120548094106,274.9027608286522,4,1,0,France,Male,Premium,0
1967,66,72,748,2.3531331859214273,275.4325834800392,1,1,1,France,Female,Regular,0
1968,64,10,563,111.14681242907946,988.2717132508945,2,1,0,Germany,Male,Regular,1
1969,29,36,410,24.055047883976588,1349.724348674723,4,0,1,France,Male,Regular,0
1970,79,0,537,62.57327033258681,571.5226402702974,1,1,0,Germany,Male,Premium,0
1971,33,16,756,52.71280089144014,1307.2316826448684,2,1,0,Spain,Female,Regular,1
1972,41,53,815,9.210940734180726,1240.853794080403,2,1,1,France,Female,Regular,0
1973,36,24,472,19.209595454424484,1149.5294258990477,1,1,1,Spain,Male,Premium,0
1974,25,2,492,37.716405201129305,1538.373198843458,4,1,1,France,Male,Premium,0
1975,48,8,814,93.70608111181846,308.5486422803078,3,1,0,France,Female,Regular,0
1976,38,46,708,154.89940949077229,153.13567012702737,2,1,1,France,Female,Regular,1
1977,34,42,383,1.0400745999727918,449.0840717399286,1,1,0,France,Female,Regular,0
1978,40,21,379,21.736322964768426,850.6726825669838,3,0,1,France,Male,Regular,0
1979,54,69,508,55.152695591790625,395.7383867853238,2,1,1,Spain,Female,Premium,1
1980,71,1,821,37.51016114887197,544.9112102120009,4,1,1,France,Male,Regular,0
1981,33,65,498,143.25460419625438,207.96102804974717,3,1,1,France,Female,Premium,0
1982,23,31,533,0.855753262762776,311.20711428501,1,1,1,France,Male,Regular,0
1983,25,15,543,28.789491651918226,855.3329027568351,3,0,1,Spain,Male,Premium,0
1984,42,3,692,55.252223715304915,188.0467596718779,3,1,0,Germany,Male,Regular,1
1985,35,70,745,12.268417243486523,664.0086486357524,2,1,0,France,Male,Regular,1
1986,42,50,692,64.70789444918914,1314.8432138918495,2,1,1,Spain,Male,Premium,1
1987,29,49,308,4.235898346285288,632.9003544865728,1,1,1,Germany,Female,Regular,0
1988,32,12,452,29.98635105700021,390.28268758182463,4,1,1,France,Male,Regular,0
1989,76,14,409,56.38685998416727,1058.1406473976476,2,1,1,France,Male,Regular,0
1990,43,52,565,15.513914630223388,684.5583770969733,3,1,1,France,Male,Regular,0
1991,58,43,672,3.8357601223109645,394.10179065649044,3,1,0,France,Female,Regular,0
1992,62,7,451,157.35289215431558,410.5389514789142,1,1,0,Germany,Male,Regular,0
1993,43,44,714,122.56761462011643,638.7655028670875,2,0,0,France,Male,Regular,1
1994,64,72,625,130.43507635819992,329.0146240261791,4,1,0,Germany,Male,Regular,1
1995,49,18,850,191.99066005250342,560.2265315160773,2,1,1,Germany,Female,Regular,0
1996,27,38,475,10.20983744846091,400.13607782967637,1,1,1,Germany,Male,Regular,1
1997,33,10,824,8.58546321225616,554.5672429713276,4,1,0,Germany,Female,Regular,0
1998,24,42,614,1.7406804188734315,485.13335954052246,2,1,1,Germany,Female,Regular,0
1999,34,19,366,111.19922705997072,167.84567895782502,3,1,1,France,Female,Regular,0
2000,40,19,483,69.87036228330273,556.9644545086834,1,0,0,France,Male,Regular,0
2001,43,20,334,50.15543516727746,1559.8965244052365,4,1,1,France,Female,Regular,0
2002,38,56,804,131.33007278548314,632.3993141480969,4,0,0,Germany,Male,Premium,0
2003,39,49,375,42.792319785115566,1363.0180027034585,2,1,1,Germany,Female,Regular,0
2004,75,25,771,6.947631779332103,1133.3982603566806,4,1,1,France,Female,Regular,0
2005,24,29,822,9.731720992554427,1454.2037198842813,3,1,1,France,Female,Premium,0
2006,31,72,582,7.088774404360645,656.93140015594,4,1,1,France,Female,Premium,0
2007,32,32,835,18.383762208720043,60.43282565809635,1,1,0,Germany,Male,Regular,1
2008,70,41,573,23.86122852925855,410.4671926125186,3,1,1,Spain,Male,Regular,0
2009,24,67,838,79.68784146118679,610.8005138682647,3,1,1,Spain,Female,Regular,0
2010,26,60,353,10.613513479359197,826.0397383025659,2,1,1,France,Female,Premium,0
2011,68,62,354,64.61564460917835,246.77870067283794,3,0,0,Spain,Male,Regular,1
2012,65,69,576,33.7878143416062,814.267293514604,4,0,1,Spain,Male,Regular,0
2013,25,67,742,250.0,104.58299061907229,4,1,1,Germany,Male,Regular,0
2014,67,20,717,74.9356443114695,652.21868761996,2,1,0,France,Female,Regular,1
2015,76,18,524,173.612636407967,628.7758815287201,4,1,1,Spain,Male,Regular,0
2016,40,50,554,20.9542343702528,893.6696555604923,4,1,1,France,Female,Regular,0
2017,46,69,475,6.565276052428169,696.727461657825,3,1,0,Germany,Male,Regular,0
2018,35,62,445,35.2504431638089,57.29721165592349,2,0,1,France,Female,Regular,0
2019,48,29,684,6.633129870447328,757.7284429038364,2,0,0,Spain,Male,Regular,0
2020,47,24,561,33.908170488026,1098.3672799521594,4,0,1,France,Female,Premium,0
2021,69,70,830,15.73149810207978,938.4486106917948,4,1,1,France,Female,Regular,0
2022,56,25,670,33.77000109975583,212.3057708400977,1,1,0,France,Male,Premium,0
2023,52,55,496,149.4241343928544,1032.5665544587946,2,0,1,Spain,Male,Regular,0
2024,35,19,583,17.05653803134543,571.7233140641008,3,1,0,France,Male,Regular,1
2025,76,18,601,250.0,178.33351764304362,4,1,1,France,Male,Regular,0
2026,59,30,431,13.024716206076173,1057.0665980554315,1,1,0,Germany,Male,Regular,0
2027,56,25,419,11.666536934971319,907.5682631297175,1,1,1,France,Female,Regular,0
2028,34,46,435,39.349659169646685,214.2916189429351,3,1,0,Germany,Male,Premium,1
2029,31,40,828,92.27223530660953,501.18771711836024,4,1,0,Spain,Male,Premium,0
2030,48,27,333,69.2155203592806,1819.6771718425323,3,1,0,France,Male,Regular,1
2031,41,46,831,64.28390242415585,360.2979014833827,4,1,1,France,Female,Regular,0
2032,52,12,507,16.608381617562692,300.2078922895721,1,1,1,France,Female,Premium,0
2033,61,65,598,1.1387074745084433,702.5972642864521,4,1,1,Germany,Female,Regular,0
2034,77,65,821,8.821842692287795,1099.3931180986347,1,1,1,Spain,Female,Premium,0
2035,62,15,393,21.498646913666878,50.0,2,1,1,Spain,Female,Regular,0
2036,51,72,713,178.2159727157699,109.56903482197387,1,0,1,Spain,Male,Regular,0
2037,20,27,670,126.14753654791453,445.81186818574395,3,0,0,France,Male,Premium,0
2038,54,34,708,11.197480508750402,678.3705018359426,1,1,0,France,Male,Regular,0
2039,60,40,682,64.66251516698115,2000.0,4,0,1,France,Male,Regular,0
2040,57,30,740,43.25812431259668,566.4150431756452,3,1,1,Germany,Male,Regular,0
2041,43,31,746,2.5563838308163414,911.9151699144963,3,0,1,France,Male,Premium,0
2042,72,53,370,23.237322526779476,1262.6481351024593,2,1,1,Germany,Male,Regular,0
2043,40,71,383,33.28377437828859,1219.2039821674512,2,1,1,Germany,Female,Regular,0
2044,61,58,508,55.06691855534774,678.1553946472613,2,1,1,France,Male,Regular,0
2045,56,40,558,17.471144900617976,460.28980905695835,3,1,1,France,Male,Premium,0
2046,32,65,538,135.76781306490037,322.747076707641,3,1,1,France,Female,Regular,0
2047,73,53,601,30.062965846940156,211.48766433794322,4,0,1,France,Male,Premium,0
2048,66,39,531,14.286174527437531,802.2364663135077,3,1,1,Germany,Female,Regular,0
2049,21,34,581,19.02117079197051,547.789571703136,2,0,1,France,Male,Regular,1
2050,46,50,693,69.69323290612756,1239.2157583515905,1,0,0,Germany,Male,Regular,1
2051,39,64,717,51.12221247910652,463.90017130567986,4,0,1,France,Male,Regular,0
2052,42,54,505,67.77429689138737,679.1416709519912,4,0,0,Spain,Male,Regular,0
2053,30,3,563,17.289705300071063,364.04810964984665,1,0,1,Spain,Male,Regular,0
2054,35,9,610,19.789251963639952,608.5940802541777,4,0,1,France,Female,Regular,0
2055,50,46,378,25.268619033945015,1531.2435228133495,2,0,1,France,Female,Regular,0
2056,33,13,641,10.449274966393597,857.860343443997,2,1,1,France,Male,Premium,0
2057,62,37,394,58.72790854229716,454.1460358155961,4,1,1,Spain,Female,Regular,0
2058,59,11,650,19.97535815401417,982.8902500124766,4,1,1,France,Male,Regular,0
2059,61,44,361,19.743785521269235,704.153618653592,4,1,1,France,Male,Premium,0
2060,79,16,441,15.692060936146863,269.4238560441357,3,1,0,Spain,Male,Premium,0
2061,19,34,410,30.149586332507898,996.7152774178921,3,1,1,France,Male,Regular,0
2062,72,65,826,73.9152369945765,427.6866347318497,3,1,1,Germany,Female,Regular,0
2063,52,40,456,90.27528753356589,953.5249633545606,1,0,0,France,Male,Premium,0
2064,59,66,838,81.61175977117261,931.03158636355,1,1,1,France,Male,Regular,0
2065,51,28,308,48.536498162593425,497.6731586856794,2,1,1,France,Male,Regular,0
2066,47,17,575,16.454902101617705,932.7920935734951,4,1,1,France,Female,Regular,0
2067,76,19,526,66.37396045191905,119.06043176059002,4,1,1,France,Male,Regular,0
2068,72,13,485,2.007878563982725,334.7162780143438,4,1,1,Germany,Female,Regular,0
2069,30,33,515,80.01211789944385,2000.0,2,1,1,France,Male,Regular,0
2070,30,54,732,75.75813250464765,876.6585433802436,3,0,1,Spain,Female,Regular,1
2071,35,53,655,55.43329988946775,1060.7485999505018,1,0,1,France,Male,Regular,0
2072,49,30,691,5.152905632570766,386.86271200303804,1,1,1,France,Male,Premium,0
2073,49,57,574,250.0,464.52293865546085,2,1,1,France,Female,Regular,0
2074,52,41,793,70.61327397473359,326.92989458098054,4,1,1,France,Female,Premium,0
2075,76,57,750,66.36483894752428,788.4987833414344,4,1,1,France,Male,Premium,0
2076,56,29,719,3.3074095997064656,983.659672592929,1,1,1,Germany,Male,Regular,0
2077,63,24,463,25.433491339426144,1275.3821308752836,3,1,1,Germany,Male,Regular,0
2078,69,62,482,4.50570014781725,984.2843301539522,1,1,1,France,Female,Regular,0
2079,46,18,609,22.395436995541644,422.06066898281915,3,1,1,Germany,Male,Regular,0
2080,79,72,316,42.2549952248189,1389.2228709516723,3,1,0,Germany,Female,Premium,1
2081,66,7,745,105.5454498149268,685.262083240682,3,0,1,Spain,Male,Regular,0
2082,46,2,469,16.629629917598084,153.89548676239014,3,1,1,Germany,Male,Regular,0
2083,79,72,579,48.830528539882835,1168.222610509027,4,1,0,France,Male,Regular,1
2084,70,23,639,8.995339076287603,376.545987116704,1,1,0,Germany,Female,Regular,1
2085,61,13,818,21.84499138793887,498.69222304313456,1,1,1,France,Female,Regular,0
2086,74,8,310,147.09770492657205,357.01527065765816,3,0,1,France,Female,Premium,0
2087,33,61,823,68.84511337839719,1072.184962328466,2,0,0,Germany,Female,Regular,0
2088,73,20,432,39.461517012401885,768.0622560261435,4,0,1,France,Male,Regular,0
2089,61,43,447,14.497351720877496,584.1528118890116,2,1,0,Spain,Female,Premium,1
2090,64,10,378,23.87802332918558,489.57145977891076,3,0,0,France,Male,Regular,0
2091,74,19,645,8.521230379881501,1312.6288623634907,3,0,1,France,Male,Regular,0
2092,27,34,548,21.806566832744227,733.1066773581867,2,1,1,France,Male,Regular,0
2093,47,52,841,8.163185414550142,541.9296291626466,1,0,1,Germany,Male,Premium,0
2094,42,46,323,79.31220722779544,887.1497567764715,1,1,1,France,Male,Regular,0
2095,80,49,770,4.210352364146085,1154.5891068005506,2,1,1,France,Female,Regular,1
2096,56,7,500,10.499366249859522,662.0426509586127,3,0,0,Germany,Female,Premium,0
2097,37,3,430,58.74768631438953,60.177447229221315,4,1,1,France,Female,Regular,0
2098,22,26,655,116.40371625562236,298.9939243038407,3,1,0,France,Male,Premium,0
2099,18,43,449,167.04032373553625,655.842085666938,1,1,0,Germany,Female,Regular,1
2100,47,39,825,90.40142985731016,222.08980475082285,1,1,0,France,Male,Regular,0
2101,66,46,603,11.879353956874356,2008.1473405816603,3,1,0,Spain,Male,Regular,1
2102,20,47,840,16.82340183974509,303.9439577707462,1,1,0,Spain,Female,Regular,1
2103,62,47,349,102.30124853885647,146.0804762128549,2,0,1,Germany,Male,Regular,0
2104,31,51,763,110.06146340569,515.7964383711343,2,1,1,France,Male,Regular,0
2105,73,67,539,51.17336224789627,214.6777461541714,1,1,0,France,Male,Premium,0
2106,47,7,781,18.81773045193988,862.9714168268868,3,1,1,Spain,Female,Premium,1
2107,67,72,754,12.683789042705445,302.33153616719613,2,1,1,Germany,Male,Premium,0
2108,21,3,582,95.62274809983737,836.3240892253351,1,0,1,France,Female,Regular,0
2109,35,72,634,11.486698427348246,286.2345680196389,1,1,1,France,Male,Premium,0
2110,79,47,651,54.20653534149512,375.3250407277125,4,1,0,France,Female,Regular,0
2111,54,25,626,172.028119926582,341.5096686038132,3,0,1,France,Female,Regular,0
2112,42,38,635,61.0884090997755,119.86351159353279,1,0,1,Spain,Male,Regular,0
2113,65,57,380,14.898090630794862,783.6758863728372,2,0,1,France,Female,Regular,0
2114,18,18,386,16.599527807746497,2000.0,1,0,1,France,Male,Premium,0
2115,70,57,557,4.874841086359318,503.55434205537006,3,1,1,Spain,Male,Regular,0
2116,63,31,484,57.955945834808695,1277.2854577041617,1,0,0,Germany,Male,Regular,1
2117,32,65,422,36.535773857523516,404.1286864512872,2,1,1,Spain,Female,Premium,0
2118,26,9,395,11.563303714540954,558.9440378179643,2,1,1,France,Male,Premium,0
2119,32,57,814,12.917057936756175,987.8151662879438,1,1,1,Germany,Female,Regular,0
2120,66,72,742,0.45327613631049496,397.53185332302223,4,0,1,Germany,Female,Premium,0
2121,74,13,813,191.7980237310362,126.35687397621898,3,1,0,Spain,Male,Regular,0
2122,41,14,670,88.01832688238095,452.45624658772,2,1,0,Spain,Female,Regular,0
2123,21,44,604,25.057788933074125,1986.3440067793615,3,1,1,France,Female,Premium,1
2124,29,24,656,146.02182609186025,1381.5157274794208,3,1,1,Germany,Male,Regular,1
2125,76,22,447,56.52371766852168,1200.7261247811975,2,1,0,France,Female,Premium,1
2126,75,29,584,69.60808413738995,412.9882114462656,1,0,1,France,Female,Premium,0
2127,54,61,561,56.96476149810758,817.159453810114,3,1,1,France,Female,Regular,0
2128,78,13,790,70.70359691683635,967.7291496758494,1,0,0,France,Male,Regular,1
2129,54,61,330,9.373072862126632,654.2836043761165,4,1,1,Spain,Female,Premium,0
2130,60,46,567,41.32227259337318,651.1524133527814,4,1,0,Germany,Male,Regular,0
2131,77,15,311,94.64852210411635,498.32199225560464,3,0,1,France,Male,Regular,0
2132,23,65,490,0.9868032580473662,648.3926123722865,2,0,1,France,Female,Regular,0
2133,56,42,699,6.58767460924474,430.1180548576825,3,1,1,France,Male,Regular,0
2134,73,7,836,14.094265950980049,553.9056044376106,1,0,1,France,Female,Regular,0
2135,80,11,390,17.458494353808266,83.67210094224974,1,1,1,France,Female,Premium,1
2136,63,9,800,10.087689270162894,349.20576332611887,3,0,1,France,Female,Regular,1
2137,41,15,600,48.95226092487983,927.5936529960427,3,1,1,Spain,Male,Regular,0
2138,28,58,410,17.408352743802638,219.22834897176105,3,1,0,Spain,Male,Regular,0
2139,79,48,379,8.604692550158866,845.8728995692712,4,1,1,Germany,Male,Regular,0
2140,30,62,732,118.13065392840201,1042.922648405364,2,1,1,Spain,Male,Regular,0
2141,51,59,716,59.3778363486177,928.5719609996369,1,1,0,Germany,Female,Premium,1
2142,42,48,513,14.122041361959134,444.11979169426263,4,1,1,Germany,Male,Regular,0
2143,24,50,746,22.388913295433923,707.5760716266958,4,1,0,France,Male,Premium,0
2144,69,32,317,67.50498086616307,150.23163602402346,3,1,1,France,Male,Regular,0
2145,21,29,353,78.24954247796046,142.78031856950867,1,1,1,France,Male,Regular,0
2146,76,58,539,9.705710809096896,308.31768945984953,1,1,1,Germany,Female,Premium,0
2147,25,14,717,137.89571329288958,1258.1108267130169,1,1,0,Spain,Female,Regular,0
2148,37,22,785,76.91914419709673,205.28387317978743,1,0,1,France,Female,Premium,0
2149,46,44,743,97.18069237559521,99.78903496226866,3,1,1,France,Male,Premium,0
2150,80,61,422,7.7659985653007855,1230.4916836469213,4,1,1,Spain,Female,Regular,0
2151,71,70,719,7.737293391605843,1253.0526888806896,4,0,0,France,Male,Regular,0
2152,70,21,515,18.218714270498563,1323.626239409343,4,1,0,Spain,Female,Regular,1
2153,68,57,719,3.341533017466457,790.7792690906435,4,1,0,Spain,Male,Regular,1
2154,62,63,850,4.774212724789643,383.753372264831,1,1,1,France,Female,Premium,0
2155,63,45,527,7.727955566532193,64.69455579445781,1,0,0,Germany,Male,Regular,1
2156,27,55,536,62.31440202775782,243.3997426897904,2,1,1,Germany,Male,Premium,0
2157,60,43,629,1.5348324867490297,693.4088065568686,3,1,1,Germany,Male,Premium,0
2158,51,28,768,4.345738975598576,1080.8515600419717,1,1,1,Spain,Male,Regular,0
2159,74,61,786,144.28432013389371,384.73345525873515,1,0,0,France,Female,Regular,0
2160,43,62,848,4.368209143042995,432.9275966652584,3,1,0,Germany,Male,Premium,1
2161,58,53,714,38.551368187939715,589.5972708946533,3,0,0,Germany,Male,Regular,0
2162,66,70,518,51.44123357054683,345.60001345652336,1,1,0,Germany,Female,Regular,1
2163,75,65,680,159.21588684396448,66.71287070499527,4,0,1,France,Female,Regular,0
2164,20,21,386,115.0307107782982,510.89958804921645,2,0,1,Germany,Female,Premium,0
2165,73,19,760,29.05192331169721,256.35451988419464,2,0,1,France,Male,Premium,0
2166,23,32,710,142.50724599978423,302.6548530598903,3,1,1,France,Male,Regular,0
2167,22,71,824,28.305102964099905,352.5226030047006,4,1,1,France,Male,Regular,0
2168,22,24,746,55.42081690484713,818.1014836254723,3,1,1,France,Male,Regular,0
2169,71,45,599,15.028779941299453,358.454252322867,2,1,1,Germany,Female,Regular,0
2170,64,72,707,50.61868281825043,142.7507675686604,2,0,1,Germany,Female,Regular,0
2171,40,56,674,38.62997212831395,532.2110904450416,4,1,1,France,Male,Premium,0
2172,66,4,532,46.675792142234926,471.9478150723685,2,0,1,France,Male,Regular,0
2173,26,54,348,57.38768993766619,127.21591927032102,2,1,1,Spain,Female,Regular,0
2174,52,60,485,9.525063991125764,1125.4534137589437,4,1,1,France,Male,Regular,0
2175,37,15,504,17.92402872513473,751.29472991569,2,1,0,Spain,Male,Regular,1
2176,75,15,377,66.63604692592673,201.78822264465057,3,0,1,France,Male,Premium,0
2177,66,47,780,8.945807266001454,219.0526335416597,3,0,0,Germany,Female,Regular,0
2178,78,60,685,21.0980311088296,823.1110001124089,3,1,0,Spain,Male,Regular,0
2179,76,14,493,54.902426044715405,958.9804191020478,3,1,0,Spain,Female,Premium,0
2180,59,64,402,138.75037039850406,1325.6076675324368,1,1,1,France,Male,Premium,0
2181,52,21,675,3.9143071019098583,672.891515492046,2,0,0,Germany,Female,Regular,0
2182,67,2,586,36.34148599282292,934.0381642839523,2,1,1,France,Male,Regular,0
2183,35,53,781,4.2727388689511825,471.1326401901004,3,1,1,Germany,Male,Regular,0
2184,79,13,549,23.83183505147385,311.9718629907074,2,1,1,France,Male,Regular,1
2185,34,35,500,9.642024611296689,819.5218537152997,1,1,1,Spain,Female,Regular,0
2186,41,66,835,52.410945171306075,590.0404867392211,1,1,1,France,Female,Regular,0
2187,20,9,760,70.9062929014974,866.9000656700114,1,0,1,France,Female,Premium,0
2188,49,48,599,14.207297034342048,960.9146264493796,4,1,0,Germany,Female,Regular,0
2189,52,64,777,62.393996581670855,346.3356414981942,3,1,1,Spain,Female,Regular,0
2190,55,56,382,29.60349565343422,304.8271303250945,2,1,1,France,Male,Regular,0
2191,30,27,757,16.674436711930806,690.141640285139,1,1,1,France,Female,Regular,1
2192,73,4,597,37.05406077773542,673.677695795392,1,1,1,France,Female,Regular,0
2193,78,70,663,23.87358379658531,819.2021270906912,2,0,1,France,Female,Regular,0
2194,64,56,339,13.067994996613624,508.01837763716804,2,0,1,Spain,Male,Regular,0
2195,42,14,639,70.70276702347292,1963.4218604558596,4,0,0,Spain,Female,Regular,0
2196,26,29,815,79.85673267741814,897.3447298408006,1,1,1,France,Male,Regular,0
2197,21,22,407,80.55001680788112,1898.6608515689818,1,1,1,Germany,Male,Regular,1
2198,31,46,615,24.074895488485478,929.3676720003791,4,1,1,Germany,Male,Regular,1
2199,54,2,413,9.288080434231706,90.03041778608625,4,1,1,France,Female,Premium,0
2200,51,67,466,91.75776413009473,543.4897732595788,2,0,1,France,Male,Premium,1
2201,28,46,560,19.96897389528151,1324.2288553653161,3,0,1,France,Male,Premium,1
2202,58,38,523,68.92956574572464,475.34321008261287,2,0,0,France,Female,Regular,0
2203,73,25,561,85.03671221287607,50.0,4,1,1,France,Female,Regular,0
2204,20,1,550,73.08377203483971,138.5994181995061,3,0,1,France,Male,Premium,0
2205,76,22,825,24.69891949432032,374.4173811109093,4,1,1,France,Female,Regular,0
2206,45,22,425,139.04453570165614,314.4378534922331,1,1,0,France,Female,Regular,0
2207,46,15,505,53.96437359923991,1160.0673461686144,4,0,1,France,Male,Regular,0
2208,26,8,439,42.87118083385495,897.3362635232386,3,1,0,France,Male,Regular,0
2209,20,12,361,59.85136601940211,1082.1514174482202,3,1,1,Germany,Male,Regular,0
2210,42,27,582,2.287912225759087,229.06350526889506,1,1,0,Spain,Female,Premium,0
2211,51,26,353,24.75704480185508,314.7771919012368,1,1,0,Spain,Male,Regular,0
2212,29,50,645,106.5229137562043,744.3362231326882,3,1,1,Spain,Female,Regular,0
2213,59,63,823,8.781978642528934,843.0200796396637,2,1,1,France,Male,Regular,0
2214,26,64,435,26.755971122138366,611.0817603336932,4,1,0,Spain,Male,Premium,1
2215,32,35,629,25.980537610202624,363.27019012037135,2,1,1,Spain,Female,Regular,1
2216,57,64,443,22.006066157386517,50.0,1,0,1,Spain,Female,Premium,0
2217,42,17,735,41.31694055796097,174.4912294930698,4,0,0,France,Female,Regular,0
2218,22,62,581,250.0,338.18577606180736,4,1,1,France,Female,Regular,0
2219,28,50,435,14.775555227513305,181.3036592060097,1,0,1,France,Female,Premium,0
2220,76,8,788,61.031729300039004,1125.8638597055858,2,1,1,France,Male,Regular,0
2221,51,20,700,70.93984413453056,2085.2649812092286,2,1,0,France,Female,Regular,1
2222,41,39,748,43.913450283963925,951.7127238275319,1,1,1,Spain,Female,Premium,0
2223,77,54,569,5.127982526214457,398.24699675934403,2,1,1,Spain,Female,Regular,0
2224,32,42,316,42.47525608681268,104.19283017592849,3,0,1,Germany,Female,Regular,0
2225,55,43,568,153.3769647014137,264.6785026061398,1,0,1,France,Male,Regular,0
2226,25,67,781,20.932087834025285,102.4622262038678,3,1,1,France,Male,Regular,0
2227,76,32,518,51.039265347703456,220.13661374052273,3,1,1,Germany,Female,Regular,0
2228,22,23,618,160.19656811696112,500.9950329234566,3,1,1,France,Male,Premium,0
2229,65,35,537,79.97197350195192,1438.0616861231044,4,1,1,France,Female,Regular,0
2230,43,9,844,58.28694455155345,225.08146281712135,3,1,1,France,Male,Premium,0
2231,35,19,584,177.28032113000012,926.0192950183666,2,1,1,Germany,Female,Regular,0
2232,23,9,336,9.351609037027744,671.8792052049456,1,1,0,France,Male,Regular,1
2233,54,66,402,74.0849607402468,903.1977522616938,2,0,1,Germany,Female,Premium,1
2234,77,17,729,26.11419830452235,529.5597765537532,3,1,1,Spain,Male,Premium,0
2235,65,62,538,22.348092110738612,163.90869532888897,3,0,1,Germany,Male,Regular,0
2236,30,24,424,36.76856145847989,520.8070359887662,3,1,1,Spain,Female,Regular,0
2237,45,11,487,1.7166887420220736,50.0,3,0,1,France,Female,Premium,0
2238,22,16,555,18.736826767815245,579.1693039125485,1,1,0,Spain,Female,Regular,1
2239,30,20,829,9.08901483648546,1533.5542103337923,1,1,0,France,Male,Premium,1
2240,34,10,691,7.465091857097071,698.1857125991194,4,1,1,Germany,Male,Regular,0
2241,67,63,767,20.574700525129042,83.19131108204498,1,1,0,France,Female,Premium,0
2242,57,72,552,81.0412140925669,770.7946361899374,3,0,1,Spain,Male,Regular,0
2243,62,49,475,11.226667572900539,425.2245285784466,4,1,1,France,Male,Regular,0
2244,49,61,765,37.901971885526535,603.4002047576066,3,1,1,France,Female,Regular,0
2245,79,48,588,69.04667661076253,140.1419301491372,4,0,1,Germany,Male,Regular,0
2246,46,13,349,13.785799943546332,54.84386463267216,1,0,1,France,Male,Premium,0
2247,68,0,303,128.98502334533373,495.06559957729115,1,0,0,France,Male,Premium,0
2248,75,25,799,100.68190479419567,2028.0188802477855,1,1,0,France,Female,Regular,1
2249,20,58,522,14.462712833220678,349.9225492094243,4,1,1,France,Female,Regular,0
2250,73,71,561,228.48082559226813,644.7691978261872,2,1,1,France,Male,Premium,0
2251,57,68,834,55.30769689469326,559.5826613998157,3,1,0,France,Male,Regular,0
2252,51,4,675,16.85062174452946,292.3225540970058,1,0,1,France,Male,Premium,0
2253,57,18,360,57.13407989209705,175.543083753205,1,0,1,Spain,Male,Regular,0
2254,44,22,655,54.867894348443535,79.87249758750426,3,1,1,Germany,Male,Regular,0
2255,30,8,323,46.59479619065008,360.7304343964273,2,1,1,France,Male,Premium,0
2256,62,52,592,62.187009264010726,671.3166581482568,3,1,1,Spain,Female,Regular,1
2257,50,15,655,15.620306452466906,163.35826226157005,1,1,1,Germany,Male,Regular,0
2258,23,32,328,193.12709587991662,242.66088488114525,1,1,0,France,Male,Regular,0
2259,41,1,656,97.5597193503563,587.4588459102663,2,1,1,France,Male,Regular,0
2260,36,17,664,68.47016166705328,158.21710926669908,4,1,0,France,Male,Premium,1
2261,33,5,708,1.3328579746455873,89.30713340840198,2,1,0,Spain,Male,Regular,1
2262,57,57,565,44.62692480285382,464.1491629240453,3,1,1,Spain,Female,Regular,0
2263,45,15,590,61.29115431604464,260.229877000003,1,1,1,France,Female,Regular,0
2264,50,46,452,96.24163192249355,580.8077578441054,2,1,1,Germany,Male,Regular,0
2265,76,40,518,146.08425682369514,108.98665276623389,1,1,0,France,Female,Regular,1
2266,76,9,472,123.75955986548483,1774.5078524915575,4,1,0,Spain,Male,Regular,1
2267,65,23,311,26.047580319544327,1468.1218123065062,2,0,1,Germany,Male,Regular,0
2268,58,54,815,113.40975721758961,1985.109132241889,2,1,1,France,Female,Premium,0
2269,30,14,661,0.03745448562631126,359.2834926257587,1,1,1,France,Female,Premium,0
2270,60,71,776,21.65275258021303,180.24523721869625,4,0,1,Germany,Male,Regular,0
2271,62,33,381,6.045205200563791,1797.0459316818294,1,1,1,Germany,Male,Regular,0
2272,42,1,639,107.30800722823605,442.5703583777444,3,1,1,Germany,Male,Regular,0
2273,70,27,740,131.54189390587925,327.65723501976163,3,0,1,Spain,Female,Regular,1
2274,59,71,525,14.786277946554986,174.66661877617292,4,1,1,Germany,Male,Regular,0
2275,53,22,670,22.888770825970383,486.7117222049567,3,1,1,France,Female,Premium,0
2276,80,67,327,206.37734369833396,486.66578090145424,1,1,1,Spain,Male,Premium,0
2277,44,13,315,41.74284926827932,554.7331253399266,2,1,1,France,Male,Regular,0
2278,55,62,576,34.36380678823097,652.6236337072579,3,1,1,Spain,Female,Regular,0
2279,77,64,632,34.70092050016394,260.02315408358623,4,1,1,Spain,Female,Regular,0
2280,24,67,782,59.56733900039558,1006.9390805962911,4,1,0,Spain,Male,Regular,1
2281,22,62,587,154.54946098797768,320.2187074317562,1,1,1,Germany,Male,Regular,0
2282,60,63,413,22.834427858777236,352.9892253801503,3,0,1,Germany,Female,Regular,0
2283,62,41,337,9.476853071420207,1317.0261541385316,3,1,0,France,Male,Regular,1
2284,75,12,753,10.229149222950795,78.36111743591353,3,1,1,Germany,Male,Regular,0
2285,74,65,465,1.0284569919239008,323.26066969257175,4,0,0,France,Male,Premium,0
2286,68,17,504,40.530194286816204,224.90223700692837,4,1,0,France,Male,Regular,1
2287,48,23,544,132.33638681500142,909.0511709172941,4,0,0,France,Male,Regular,0
2288,40,10,632,62.427051363565965,437.8534380420452,2,1,1,Germany,Male,Premium,0
2289,59,58,695,247.83951473280052,571.9204680691126,1,1,1,Spain,Female,Regular,0
2290,27,16,806,120.135415931154,401.8827098092975,2,0,0,France,Female,Regular,1
2291,49,9,420,33.84968500763936,1343.2454441503162,4,1,1,France,Female,Regular,0
2292,60,40,558,33.33007094861058,214.43874456637556,3,0,1,France,Male,Regular,0
2293,70,26,709,49.49110906629731,661.8999169391859,3,0,0,France,Female,Regular,0
2294,47,59,609,5.8792801112623,382.81603904657163,2,1,1,France,Male,Regular,0
2295,56,72,367,46.784412719354826,210.71057104571628,4,1,1,France,Male,Regular,0
2296,48,51,413,31.18796120556986,1448.494249418635,4,1,1,France,Female,Premium,0
2297,35,27,519,51.46463326268479,597.0094749073558,4,1,1,Germany,Female,Regular,0
2298,53,64,519,41.644602506839384,315.6383445194088,3,1,1,France,Female,Regular,0
2299,19,16,772,18.58187782914893,698.5541532284004,3,0,1,Germany,Male,Regular,0
2300,31,43,685,46.79432186385419,447.5646956979019,4,1,1,France,Male,Regular,0
2301,30,9,597,22.78644816984387,522.1254192866195,2,0,1,France,Male,Premium,0
2302,46,62,552,10.822123977039713,499.19040084862445,1,0,1,France,Male,Premium,0
2303,29,60,704,56.20740567589926,872.8070103496163,3,0,1,Spain,Male,Regular,1
2304,56,37,791,18.289178880830498,946.8154378479611,3,0,1,France,Male,Regular,0
2305,19,69,656,109.92241723141885,377.33615506359376,1,0,1,France,Female,Regular,0
2306,49,52,727,11.115473694813788,1599.8248078733825,4,0,1,France,Male,Regular,0
2307,30,39,514,45.832544640280126,300.25609140532987,2,0,1,France,Female,Premium,1
2308,63,53,679,42.378918718791574,638.6092281828635,2,1,1,Germany,Female,Premium,0
2309,44,19,513,11.016238939515066,1119.852865985344,4,1,0,France,Male,Regular,0
2310,66,30,397,28.980822110542704,1451.9004712532424,3,1,0,Germany,Male,Regular,0
2311,58,6,827,56.27946154239386,191.99472518554074,4,1,1,Germany,Female,Regular,0
2312,34,57,827,19.17494735948002,60.56060123395531,3,1,0,Spain,Male,Premium,0
2313,57,9,834,6.042360752304445,641.7353112963247,2,1,1,Spain,Male,Regular,0
2314,48,8,848,47.75686869456292,351.7248110358526,3,1,0,Germany,Female,Regular,1
2315,51,38,627,12.6879930840416,483.8909706122822,2,0,1,Germany,Male,Regular,0
2316,77,27,464,57.20271251439774,270.3597620966093,2,0,1,Germany,Male,Regular,0
2317,41,29,415,91.46281758583713,365.0475645272565,2,0,1,France,Male,Regular,0
2318,62,36,449,6.5826790665151655,261.96800583168664,3,0,1,Spain,Male,Regular,0
2319,52,66,817,28.777906161033705,342.5725039220809,4,0,1,France,Female,Premium,0
2320,65,42,331,29.432355990756893,557.415360001599,2,0,1,Germany,Male,Premium,0
2321,23,51,592,50.05648514703566,1149.8302996186183,4,1,1,France,Male,Premium,0
2322,36,55,476,20.35391509010256,1009.9147459924893,1,1,1,Spain,Female,Premium,0
2323,47,68,360,27.113162015084235,304.8627577131121,1,1,1,France,Female,Regular,1
2324,24,8,715,0.6031859476979823,775.1584259627244,2,1,1,Germany,Male,Regular,0
2325,27,24,682,6.529694775314107,682.6198918224013,1,1,0,France,Male,Premium,1
2326,58,67,306,42.182471149903776,823.6052883665166,2,0,0,Germany,Male,Premium,1
2327,49,62,384,12.160667983811631,561.9913935009415,3,1,0,France,Male,Regular,1
2328,51,52,697,7.807953335790485,1144.6721483982803,3,1,0,Germany,Male,Regular,1
2329,80,43,692,19.608649646534555,747.3671355547696,3,1,1,France,Male,Regular,0
2330,45,23,346,8.92857156163788,131.97063492627547,4,1,1,France,Male,Regular,0
2331,77,50,640,3.0736910521019056,1503.3436402983775,2,1,1,Germany,Male,Premium,0
2332,32,57,797,16.69385777802718,730.307740333819,2,0,0,France,Female,Regular,0
2333,47,30,777,8.977775772727933,364.49748407092994,4,1,0,France,Female,Regular,1
2334,54,20,725,80.32105895138395,1564.2414096967525,4,0,0,Spain,Female,Regular,1
2335,46,21,725,3.2352983274239446,787.5754868737296,1,1,1,Spain,Female,Regular,0
2336,39,56,814,68.80596253235832,382.1865605113063,1,1,0,France,Male,Regular,0
2337,21,57,428,24.12781203142984,1575.5376045999435,3,1,0,Germany,Male,Regular,1
2338,37,70,548,56.24596149176795,700.7177194530733,4,1,0,Germany,Female,Regular,0
2339,49,71,430,2.7064147410235604,726.9788997974259,4,1,0,France,Female,Regular,0
2340,53,69,622,126.7283763633431,904.3490046393564,4,1,1,France,Female,Regular,0
2341,67,34,842,72.91652806722024,2025.5882228174196,2,1,1,Spain,Female,Regular,1
2342,21,18,365,7.549463310941618,197.57561779187617,1,0,0,France,Male,Premium,1
2343,44,31,400,12.345203690717586,411.7891252198266,4,0,1,Spain,Female,Regular,0
2344,34,57,330,51.6406982856373,363.8898120723768,3,1,0,France,Male,Premium,1
2345,29,13,490,127.27272396530029,2127.803557787455,2,1,0,France,Female,Regular,1
2346,39,30,714,29.514404734090192,65.72698348598304,4,1,0,France,Female,Premium,0
2347,34,70,799,33.24089310107555,629.2099457392775,1,1,1,France,Male,Premium,0
2348,27,8,345,13.577331674132406,518.3036232676922,4,1,1,France,Male,Regular,0
2349,71,12,388,24.145194092328833,964.8173182128104,1,1,1,France,Male,Regular,0
2350,18,68,674,16.8448555414953,326.4107391377358,1,0,0,Spain,Female,Regular,1
2351,39,2,545,21.58309970594135,1423.3752994002418,1,1,1,France,Male,Premium,0
2352,43,34,556,1.0406357256504355,268.7235058781516,3,1,1,Spain,Female,Regular,0
2353,73,20,651,2.096377389301668,733.3136189679849,3,1,1,Spain,Female,Premium,0
2354,76,63,404,57.07910031804231,59.975745367519465,1,1,1,France,Male,Regular,0
2355,35,51,636,57.253002176392556,353.29091236506207,2,0,1,Germany,Male,Regular,0
2356,67,33,825,20.04109027231218,668.6415517905912,4,0,0,France,Female,Premium,0
2357,31,34,600,108.34260486366102,170.02385762944775,2,0,1,Spain,Male,Regular,0
2358,64,14,376,15.469950445049637,388.90830455175535,2,1,1,France,Female,Premium,0
2359,46,5,810,25.191241163969103,761.2450125054347,4,1,1,Germany,Female,Premium,0
2360,29,31,529,65.722062400858,239.01167930911663,3,1,1,France,Male,Regular,0
2361,53,51,331,68.04461080379006,1562.1881924071295,2,1,0,Germany,Male,Regular,0
2362,76,27,357,98.72372974687093,633.1343218890537,2,0,1,Germany,Male,Regular,0
2363,52,63,403,1.4744808898992254,588.2431980445447,4,0,0,France,Male,Premium,1
2364,69,18,611,10.152261692151992,239.12676247138145,2,0,1,Germany,Female,Premium,0
2365,78,14,366,51.162038100116014,230.488734238961,2,0,0,Spain,Female,Regular,0
2366,29,5,673,20.639576740192425,1659.6793361314446,3,1,1,France,Male,Regular,0
2367,24,72,534,2.226948390041259,526.0750118724837,2,0,1,France,Male,Regular,0
2368,46,37,411,44.150858630947006,143.99498491822595,1,0,1,France,Male,Regular,0
2369,28,24,688,24.967354287292405,365.67088807623105,3,1,1,France,Female,Regular,1
2370,50,50,707,22.635293770994817,179.85185373509074,4,1,1,France,Male,Premium,0
2371,23,72,353,15.351011740061438,390.3524214251232,4,0,1,Germany,Female,Regular,0
2372,64,52,538,0.30079763635840784,478.70891425472706,4,1,1,France,Male,Regular,0
2373,32,68,594,10.066657890299144,2293.2630417420196,2,1,0,Germany,Female,Regular,1
2374,49,58,411,32.14507502920735,586.792842814414,4,1,0,Spain,Female,Premium,0
2375,68,69,387,16.129996888087163,1147.401655832917,1,0,1,Germany,Male,Regular,0
2376,28,55,775,103.7281447878525,259.40119151483566,3,0,0,France,Male,Regular,1
2377,75,12,603,7.715848308391315,174.91275711243733,1,1,1,Germany,Male,Regular,0
2378,40,47,604,104.1083775078319,476.0816390781225,4,1,0,France,Female,Regular,1
2379,43,50,589,25.945057872563382,168.20338708231614,2,1,1,France,Male,Regular,0
2380,51,18,507,16.137167442843435,1085.272393424474,2,1,0,Germany,Female,Regular,0
2381,63,20,669,18.141252177032513,1461.3040411480456,4,1,1,Germany,Female,Regular,0
2382,51,30,519,20.029161655921484,595.3733999803454,4,1,0,Spain,Male,Regular,1
2383,46,25,530,35.31810416963467,1009.2362932155097,4,1,0,France,Male,Regular,0
2384,21,41,648,21.838680554311996,723.3557702319931,2,0,0,Spain,Female,Regular,1
2385,34,38,554,52.09359727411923,1866.8046643964924,1,1,0,Germany,Male,Regular,1
2386,52,28,751,27.684830165992334,611.2913843215965,3,1,0,France,Female,Premium,0
2387,30,22,441,55.68280045871644,346.0560067582662,4,1,0,Spain,Male,Regular,1
2388,58,67,368,46.37092309638024,319.6282089956154,1,1,1,France,Female,Regular,0
2389,56,47,388,14.015728790090614,449.57957899115127,1,0,0,Germany,Male,Regular,1
2390,32,60,435,83.7717516004918,353.65253635661264,1,0,1,France,Female,Regular,0
2391,72,67,822,80.21790875192616,583.6050218083994,4,1,1,Spain,Female,Regular,0
2392,46,24,741,225.40429275684096,109.69876808457974,2,1,1,Germany,Male,Regular,0
2393,46,66,337,9.621633175210869,959.6160138441454,1,1,1,France,Male,Regular,0
2394,28,1,507,94.14054886338837,548.2259092956102,1,0,1,France,Female,Regular,1
2395,69,49,509,102.77879917662256,729.3361488322414,1,0,0,Spain,Male,Regular,1
2396,49,69,812,51.38404818416772,788.080593964358,3,1,1,France,Male,Regular,0
2397,19,29,659,35.299948384520185,711.8782701306661,1,1,1,France,Male,Premium,1
2398,64,71,300,157.63048223525143,216.06077574997738,1,1,1,France,Female,Premium,0
2399,31,26,680,180.02864691554228,963.9675983130993,2,1,1,Germany,Female,Regular,0
2400,37,17,836,51.3188777728065,175.4178283238112,1,1,1,France,Female,Premium,0
2401,39,53,693,22.279980850366368,308.3589918164427,1,0,1,France,Male,Regular,0
2402,28,0,349,84.95860878288117,365.41161125913925,4,1,0,France,Female,Regular,0
2403,44,60,695,4.67464230462284,458.2875385607734,2,0,1,Germany,Male,Regular,0
2404,20,2,331,17.16647981515587,73.69662881494384,1,0,1,France,Female,Premium,0
2405,34,67,844,211.8679062357679,567.775066208261,1,1,0,Germany,Male,Regular,0
2406,79,41,533,84.19013089431078,199.33879750347373,3,1,1,France,Female,Premium,1
2407,61,36,325,140.323800516686,594.1815021400064,3,1,1,France,Female,Regular,0
2408,73,50,733,45.16805546637762,188.5547154318277,1,1,1,Spain,Female,Regular,0
2409,45,19,360,26.184775847297686,716.8765267277345,3,1,0,France,Female,Regular,1
2410,46,7,740,194.8323497024835,1217.0883516340455,1,1,1,France,Male,Regular,0
2411,38,45,429,18.51157717243362,615.7703035396878,4,1,0,France,Male,Regular,1
2412,64,55,653,70.82000710158806,235.5896183378776,3,0,1,France,Female,Regular,0
2413,33,46,497,40.845686855102386,316.1580291346292,4,0,1,France,Male,Premium,0
2414,54,9,670,12.971393453408547,1207.9253700196216,1,1,1,Germany,Female,Premium,0
2415,76,48,446,0.8818962556095187,449.01018280554126,3,1,0,France,Female,Premium,0
2416,37,40,797,24.206270940099586,1204.3692924362174,1,1,1,France,Male,Premium,0
2417,23,29,347,39.668865390578446,1106.9150947267854,2,0,1,France,Male,Regular,0
2418,36,4,471,10.117463009245071,328.9251150294922,4,1,1,France,Male,Regular,0
2419,74,70,614,26.769142110107996,1761.9767455915894,2,1,0,France,Female,Premium,0
2420,22,30,675,47.75026964033795,120.6838371912672,4,1,1,France,Male,Premium,0
2421,20,51,832,62.74982016144398,264.2130371723745,1,0,1,Germany,Male,Regular,0
2422,76,22,719,2.709217151505317,668.8165574589027,3,1,1,France,Male,Regular,0
2423,18,47,695,54.559121200257074,228.65199124368064,2,1,1,France,Male,Premium,0
2424,75,39,821,2.9168128901148753,200.67634456280402,3,1,1,Germany,Female,Premium,0
2425,77,5,486,1.4295165790404667,1607.7092595530382,3,1,1,Spain,Female,Regular,0
2426,55,37,332,8.268032043971354,73.68223822035522,2,1,1,Spain,Male,Premium,0
2427,32,40,368,53.01441481641513,655.2245248630527,2,1,1,Spain,Female,Premium,0
2428,51,38,490,2.7133826644512036,192.29234047824374,3,1,0,France,Male,Regular,1
2429,78,68,400,1.0558813990200286,2000.0,1,1,1,Germany,Female,Regular,0
2430,52,56,784,6.275865926366573,961.4274827285839,2,1,1,Spain,Female,Regular,0
2431,66,15,584,149.50837996619822,875.079423353707,1,1,1,Germany,Female,Regular,1
2432,42,70,689,118.9073406425481,143.64257181758424,1,1,1,France,Male,Regular,0
2433,41,46,459,4.521732855702232,159.0993864161618,2,0,1,Germany,Female,Premium,0
2434,29,12,346,18.121228033062923,292.1309687322369,1,1,1,France,Female,Regular,0
2435,35,10,458,147.14981810685083,641.0379707295767,4,1,1,France,Female,Regular,0
2436,32,23,745,5.1397279413814765,474.9133683310235,1,0,1,Germany,Female,Regular,0
2437,61,72,822,4.968700307581972,1629.551478325946,1,0,1,France,Female,Premium,0
2438,33,3,454,4.496448600854487,933.2832914916762,1,0,1,France,Female,Regular,0
2439,44,45,638,187.48721332337666,686.2088148120312,3,0,1,Germany,Male,Premium,0
2440,25,17,664,67.95507569611652,1134.342488442508,1,0,1,Spain,Male,Premium,0
2441,77,40,447,12.070745998432098,458.34037744838395,1,1,0,France,Male,Premium,1
2442,63,32,443,2.3518163700987507,695.6137535441108,1,0,0,France,Female,Premium,0
2443,42,9,402,167.96656944749358,145.0079842110781,1,0,1,Germany,Male,Premium,0
2444,34,72,392,27.711805373978844,263.41181613575543,3,1,1,France,Male,Regular,0
2445,46,58,585,45.61187141781768,1566.0200361253758,3,1,1,France,Male,Premium,0
2446,70,30,723,16.369417362755478,390.0793284966642,3,1,1,France,Female,Premium,0
2447,25,27,418,71.01537987386561,373.13617083186745,2,1,1,Germany,Male,Regular,0
2448,32,59,328,10.95772253668595,398.9335758635727,2,0,1,France,Male,Premium,0
2449,44,2,810,77.30248701960684,917.094550801316,3,1,1,Germany,Male,Premium,0
2450,63,54,329,13.107412206855393,206.1404919585982,2,1,1,Germany,Male,Regular,0
2451,67,13,665,5.1521726441219915,529.9890891231845,3,1,1,France,Male,Regular,0
2452,69,57,437,32.58323544509429,95.99258082580148,1,1,0,France,Female,Regular,0
2453,24,17,774,83.89033649549845,1522.9623579475403,3,1,1,France,Female,Premium,1
2454,20,12,691,24.29565148103827,329.18193660647654,3,0,0,France,Male,Regular,1
2455,46,23,734,1.4649348130698208,247.71672048617995,2,1,1,France,Male,Premium,0
2456,61,71,533,40.29448965946034,1144.0803979650866,3,1,1,Spain,Male,Regular,1
2457,70,70,354,57.045422981937136,1581.5799253405028,4,0,1,France,Male,Regular,0
2458,41,23,591,67.48750465648307,661.2414637165451,1,1,1,France,Male,Regular,0
2459,77,26,611,25.701951921959843,762.2209312682764,3,1,1,France,Male,Regular,0
2460,75,36,847,5.102723305156858,429.89884130859565,3,1,1,France,Female,Regular,0
2461,20,38,388,43.8927512493489,811.6139415615907,3,0,0,Germany,Male,Premium,1
2462,37,62,511,19.990149800952945,965.0272008702646,3,1,1,Spain,Male,Regular,0
2463,63,25,617,146.76713199064562,360.53923635331523,2,1,1,Germany,Male,Regular,0
2464,32,72,764,34.92930805787728,820.2957414113037,2,1,0,Germany,Female,Premium,1
2465,42,10,386,31.958149938876122,458.89860962382517,4,1,0,Spain,Female,Regular,1
2466,47,30,708,18.495936588008572,342.30560311088965,2,0,0,France,Female,Premium,1
2467,31,0,539,20.683925198137697,1099.6551670839638,4,1,0,France,Male,Regular,0
2468,24,49,356,35.94938795875346,138.63841141030287,4,1,1,France,Male,Regular,0
2469,34,10,412,18.31208479468071,928.0365412444125,3,1,1,Germany,Male,Regular,0
2470,79,59,369,111.42255237291752,352.42536989783963,4,1,0,Spain,Female,Regular,1
2471,61,61,483,28.90331695423058,2000.0,1,1,1,France,Male,Regular,0
2472,37,35,575,17.267118894184634,847.2542438947032,2,1,0,Germany,Female,Regular,0
2473,53,55,532,8.444300972643642,173.4810191000423,4,1,1,Germany,Female,Regular,0
2474,26,32,353,55.79057650974123,372.93710670241063,1,1,0,Germany,Female,Regular,1
2475,55,18,556,1.3062627600310113,185.4857338440006,2,1,0,Germany,Female,Regular,1
2476,65,10,389,29.891467054696914,288.82048923894814,1,0,0,Germany,Female,Premium,1
2477,74,10,734,39.9389222397012,221.25040735052707,3,0,1,Spain,Male,Regular,0
2478,77,69,707,20.759457502515094,356.3994800950439,3,1,1,France,Male,Premium,0
2479,80,0,568,69.2782807909642,647.381886894209,2,1,1,France,Male,Premium,0
2480,39,69,665,56.29822312675105,324.9726573537272,4,1,1,Germany,Female,Regular,0
2481,71,55,650,177.71565810655966,835.4773294672051,1,1,1,France,Female,Premium,0
2482,70,30,598,35.541815670537005,301.6838576228542,3,1,1,Spain,Female,Premium,0
2483,70,44,458,38.58921665929678,861.9976700191263,4,1,0,Spain,Female,Regular,1
2484,19,41,786,14.1074914580123,794.5269327354974,3,1,0,Germany,Male,Regular,1
2485,41,46,825,24.346006753633223,404.2015026173651,3,1,1,France,Female,Regular,0
2486,25,68,654,1.3613964864876584,1943.1653216440025,4,1,1,France,Male,Regular,0
2487,28,57,700,58.442316099950084,1396.6029460985271,2,1,1,France,Male,Regular,0
2488,30,31,704,18.6709167506215,84.10589770770002,4,0,0,France,Male,Regular,1
2489,34,31,395,38.866347752495315,297.54235647482557,1,1,0,France,Female,Regular,0
2490,25,63,691,14.718042724743006,2000.0,2,0,1,Germany,Male,Regular,0
2491,38,70,651,48.51572969348341,448.70306876878226,1,1,1,France,Female,Regular,0
2492,35,41,587,29.672558262598127,780.4457768612893,2,1,1,France,Female,Regular,0
2493,47,58,822,32.87555310311557,764.9341413835729,3,1,0,Germany,Female,Regular,1
2494,35,29,461,142.89176852099564,322.59192609465987,4,1,1,France,Male,Regular,0
2495,63,20,481,61.23604885652662,408.87742066124946,1,1,1,Germany,Male,Regular,0
2496,64,66,848,15.183780199462548,479.1440464758045,2,1,0,Germany,Male,Premium,1
2497,48,12,381,35.05108695787435,170.80619605534918,3,1,1,Germany,Male,Premium,0
2498,55,0,823,31.431009760568525,211.3333542060498,3,1,0,Germany,Male,Regular,0
2499,49,64,303,79.25009758474228,644.4889385650046,4,0,1,France,Female,Regular,0
2500,28,32,794,89.59450811726218,200.3236306510204,4,0,1,Germany,Female,Regular,0
2501,62,37,350,16.66486170593271,206.9989060673814,1,1,1,Germany,Female,Regular,0
2502,42,24,560,86.06079712517672,371.48996800503915,2,1,0,Germany,Male,Premium,0
2503,50,25,433,9.892154058931377,531.5596708706606,3,1,1,Germany,Male,Regular,0
2504,77,63,661,71.9363740931792,364.7534149004299,1,1,0,Spain,Male,Regular,1
2505,55,32,516,14.303138797772597,966.5312111370638,1,1,1,France,Female,Premium,0
2506,58,40,367,17.68619067008455,310.77287273206997,3,1,1,France,Male,Regular,0
2507,25,41,442,95.68545471754643,663.2450125365823,2,0,0,Germany,Male,Regular,1
2508,28,65,645,27.24281307280919,1134.7914005251416,1,1,0,France,Female,Regular,1
2509,39,48,493,233.17082645670212,226.66807188330105,4,1,0,Spain,Female,Premium,0
2510,68,47,545,8.240373186695049,193.85383286658654,3,1,1,France,Male,Premium,0
2511,41,71,613,31.120368676395106,796.5036313373498,3,1,1,Spain,Female,Regular,0
2512,58,48,683,65.92250255185803,1460.7812163419728,3,0,0,France,Male,Regular,0
2513,34,46,576,0.2690756187884812,260.7655032175443,2,1,1,France,Male,Regular,0
2514,29,55,371,8.235199762159446,201.92786272136033,2,1,1,France,Female,Regular,0
2515,74,64,428,1.0283401801866463,344.80932085153154,1,1,1,France,Female,Premium,0
2516,63,11,657,247.2273896349004,924.483447855966,1,1,1,France,Female,Regular,0
2517,49,68,824,71.48612543992448,235.3428150788227,3,1,1,Germany,Male,Regular,0
2518,32,5,519,23.385041954896142,539.7639690178503,1,0,0,France,Male,Regular,0
2519,33,64,305,8.497022086881891,926.4960069254628,3,0,1,France,Male,Premium,0
2520,71,24,527,4.7365957057978125,195.54693613509497,4,0,1,France,Male,Regular,0
2521,39,0,316,37.95443566500553,242.36537250187087,1,1,1,Germany,Male,Regular,0
2522,45,31,311,186.25916313297424,1437.444367367135,2,1,1,France,Female,Regular,0
2523,37,-1,798,56.136685961830935,358.1864958007407,2,1,0,France,Female,Regular,1
2524,50,48,801,22.7174103301678,335.6872991347579,3,0,1,France,Male,Regular,0
2525,27,18,369,34.74252884956113,936.4053166769653,4,1,1,Spain,Male,Premium,0
2526,57,59,407,250.0,714.9209718180045,1,1,1,Spain,Female,Regular,0
2527,49,28,500,36.57010581530271,582.6167586190383,1,1,1,Spain,Male,Premium,0
2528,67,49,351,166.49244442847814,808.5120793901524,4,1,1,Spain,Male,Premium,0
2529,77,1,848,0.8248524968051081,570.0993059316061,4,0,1,Spain,Female,Regular,0
2530,50,72,558,63.820567451297784,444.67202660708784,1,0,0,Spain,Male,Regular,0
2531,19,55,781,49.330489637695955,876.9418008803151,3,1,1,Spain,Male,Premium,0
2532,50,16,563,57.81151792637736,753.8627213772613,1,0,1,France,Female,Regular,0
2533,50,72,602,42.26448764596766,610.6665777067693,4,1,0,Germany,Female,Regular,1
2534,58,35,424,2.259114770790413,96.0514767112403,2,0,0,Germany,Female,Premium,0
2535,30,60,569,8.100302198880097,1268.8735296347506,1,1,1,Germany,Female,Regular,0
2536,47,16,779,127.71365333864291,678.949310113666,4,1,1,France,Male,Regular,0
2537,50,48,431,13.258535486542186,323.6709005562245,2,1,0,France,Male,Premium,0
2538,30,70,301,247.64617606854938,929.5318122726454,1,1,0,France,Female,Regular,1
2539,69,19,414,56.907456154683025,1068.4512547370591,3,0,1,Spain,Male,Regular,0
2540,43,54,780,29.38123801182595,554.7257886665653,3,1,0,France,Female,Regular,1
2541,39,2,300,126.31697681576439,829.3252333352551,1,0,1,France,Male,Regular,0
2542,56,42,630,79.23389671965512,936.426627954989,1,0,1,Spain,Female,Regular,0
2543,19,56,690,28.015245730112415,291.1101199078307,2,1,1,Germany,Male,Regular,0
2544,55,47,442,3.552945155956982,239.8343536582586,3,1,1,Germany,Female,Regular,1
2545,56,67,627,101.36317026713095,998.7747463961194,4,0,1,Germany,Female,Regular,0
2546,43,54,676,72.41698499749617,1341.0307295832542,1,1,1,Spain,Male,Premium,1
2547,63,36,389,78.20765550333958,259.49779285071367,3,1,1,France,Male,Regular,0
2548,75,45,341,68.2968948953796,169.9512872609127,3,0,1,France,Female,Regular,0
2549,67,41,334,16.131242050496272,826.2046344660248,1,1,1,Spain,Female,Regular,0
2550,32,14,793,97.89509000238418,503.96937874706884,1,1,1,Germany,Female,Regular,0
2551,51,32,423,0.11175245031673502,372.18974316386857,4,0,1,Germany,Female,Premium,0
2552,59,21,356,13.542970406857973,1304.093699089979,1,0,0,Germany,Male,Premium,1
2553,72,19,755,2.3839180608427424,216.39933024135374,4,0,1,France,Female,Regular,0
2554,61,23,534,5.860210847841599,352.30900544103963,1,1,1,France,Male,Regular,0
2555,66,63,691,38.00487171460178,164.94346060261438,2,1,0,Germany,Male,Regular,0
2556,57,64,791,1.8983967872686067,247.389656050781,1,1,1,France,Female,Regular,0
2557,28,72,642,10.006828155168561,225.70928235233737,2,1,1,Germany,Male,Premium,0
2558,78,16,475,13.246487205303112,107.6468927050822,1,0,1,France,Male,Regular,0
2559,20,60,351,53.259669417389986,876.6892378941199,3,1,1,France,Female,Premium,0
2560,76,14,849,31.632765972918914,1018.177357726118,1,1,1,Spain,Female,Premium,0
2561,23,50,777,30.662533999211135,182.9680932771691,2,0,1,Spain,Female,Premium,0
2562,26,26,788,73.14420527940483,651.4417126320235,1,0,1,France,Female,Premium,0
2563,23,60,304,30.506651867246546,306.25998989499305,1,1,0,Spain,Male,Regular,0
2564,26,59,508,21.423030192642305,804.1740198906906,3,1,0,France,Male,Premium,1
2565,56,30,516,164.10548734071796,218.58406124563277,3,0,1,France,Female,Regular,0
2566,48,11,835,0.41639451271181843,1055.4729527360164,2,1,1,France,Female,Regular,0
2567,49,45,641,18.220453054444256,111.7615105254891,1,1,1,France,Female,Regular,0
2568,58,31,700,47.00263067260414,775.9356327794713,1,0,0,France,Male,Premium,1
2569,67,36,761,76.34896075449362,226.66237543895244,3,1,0,Germany,Female,Regular,1
2570,29,31,510,84.75331814861839,102.20680059594243,2,1,1,Germany,Male,Regular,0
2571,25,52,325,2.3584134300673343,462.24669969689717,1,1,1,Spain,Female,Regular,0
2572,25,60,551,61.744295698780824,810.1065298924567,2,1,1,France,Female,Regular,0
2573,67,45,302,63.69359779514293,427.9903648033679,2,0,1,Spain,Female,Regular,0
2574,45,6,301,12.044976838404372,779.0656428531217,2,1,0,Germany,Male,Regular,0
2575,79,3,301,5.982834844634166,1446.5565336334362,3,0,1,France,Male,Regular,0
2576,37,51,449,69.2519889609095,309.22859430994305,4,1,1,France,Male,Premium,0
2577,79,30,303,14.350781810972531,435.32870663055866,3,0,1,France,Male,Premium,0
2578,64,35,796,0.08376032294092303,263.16716858750516,1,1,1,France,Male,Premium,0
2579,76,53,849,12.652607091487441,541.6389711085928,2,1,1,Germany,Male,Premium,0
2580,80,53,767,1.578042704568947,649.4880540088873,2,0,1,Germany,Female,Premium,0
2581,24,20,369,14.32991211334026,867.5785284291227,2,0,1,France,Male,Premium,1
2582,28,42,500,20.399884293768896,660.7676275823818,1,1,0,Germany,Male,Regular,1
2583,37,21,607,15.831530668638482,182.90007539466336,1,1,1,Germany,Male,Regular,0
2584,33,42,551,126.24711466519092,313.6826616953873,2,1,0,Germany,Female,Regular,0
2585,21,26,586,13.232986431576094,1092.7236120206417,2,1,0,Germany,Female,Regular,1
2586,23,36,591,31.51188892126745,632.4266824744482,2,1,0,France,Female,Premium,0
2587,75,47,453,157.82744892004152,806.7567646170417,1,1,1,Germany,Female,Regular,1
2588,39,33,432,105.68073914894403,316.1334442753222,2,1,0,France,Female,Regular,1
2589,43,3,573,18.49947919249893,362.30179970682724,2,1,0,Germany,Male,Premium,0
2590,80,25,808,19.762643668641765,368.6614103254448,3,1,1,Germany,Female,Regular,0
2591,20,18,652,44.98758820046451,536.8208916203774,2,1,1,Spain,Male,Regular,0
2592,80,44,304,124.96824385486316,463.6317243235579,3,1,1,France,Male,Regular,0
2593,58,25,592,0.5025064621611554,800.3065886288219,2,0,1,France,Male,Premium,0
2594,77,21,659,24.971192930506163,1433.7068532299695,3,1,1,France,Female,Premium,0
2595,59,57,513,94.78121731629372,440.7429418164362,3,0,1,France,Male,Regular,0
2596,31,62,705,26.4214816526282,354.81623069830164,1,1,1,France,Female,Regular,0
2597,28,27,735,63.65808389742026,586.215158569083,2,1,1,Germany,Male,Regular,0
2598,35,71,314,58.8705851195818,142.07819237953737,2,1,0,France,Male,Regular,1
2599,71,43,572,11.49951620491059,198.04261153932495,2,1,1,France,Female,Regular,0
2600,29,42,344,29.8550003807246,663.1889261481074,3,1,1,France,Female,Regular,0
2601,40,48,711,41.757052565217286,638.3716303780918,1,1,1,Spain,Female,Regular,1
2602,29,65,486,62.84458767821896,868.5305972401512,4,1,1,Germany,Male,Premium,0
2603,30,16,469,86.4081534678621,831.1205797681658,3,0,0,France,Male,Premium,0
2604,42,39,700,71.34190537804777,448.78493005806166,4,1,1,France,Female,Regular,0
2605,62,37,545,1.4359982785103418,537.2273389985634,3,1,1,France,Female,Premium,0
2606,68,72,342,55.529867411574806,1660.5137140174982,3,1,0,Germany,Male,Regular,1
2607,75,8,478,34.38962351777342,858.903939142747,2,1,0,Germany,Male,Premium,0
2608,36,60,756,42.649571082410176,1047.3200507809718,3,1,1,France,Male,Regular,0
2609,72,15,834,23.33774263167086,636.1853927846757,3,1,1,Germany,Male,Regular,0
2610,63,1,543,62.592756587901874,263.9228843260259,1,1,1,France,Male,Regular,0
2611,53,71,316,56.02579843575787,1382.8045417683784,2,1,1,Spain,Male,Premium,0
2612,62,42,411,43.31393256747727,484.92169230802216,1,0,1,France,Female,Regular,0
2613,25,41,846,98.88236059769615,366.59950444102526,4,1,1,Spain,Female,Regular,0
2614,46,55,329,5.373694301056092,452.7973652466125,2,0,0,Germany,Female,Premium,1
2615,72,66,491,17.90689180936365,213.79292452234017,1,1,1,France,Male,Premium,0
2616,70,29,736,34.17275654924534,297.355847644276,2,1,1,Germany,Male,Regular,0
2617,72,12,478,159.22953099344875,281.15429452077655,2,0,1,France,Female,Premium,0
2618,49,18,773,3.7342046268273754,69.28138056219935,4,0,1,Germany,Male,Premium,0
2619,68,18,433,20.55485867161008,741.8962021367139,3,0,0,France,Male,Regular,1
2620,61,8,611,130.11061373616712,50.426211052572526,4,1,1,Spain,Male,Regular,0
2621,35,53,324,114.11342765787467,660.2132067794661,1,1,1,Spain,Female,Premium,0
2622,23,60,670,100.21505996443712,399.65257945058,2,1,1,Germany,Male,Regular,0
2623,35,7,824,18.4366862692947,677.1272495191944,3,0,0,France,Female,Regular,1
2624,36,49,618,93.81222991205378,563.6095009580661,1,0,1,France,Male,Regular,0
2625,39,41,529,35.194171609885906,1035.0334887942151,4,1,1,Germany,Male,Premium,1
2626,54,39,401,48.3501103094815,469.38405878535343,2,0,0,France,Male,Regular,1
2627,49,10,749,13.644593138879104,602.0416717794111,4,1,0,Germany,Male,Regular,0
2628,73,31,677,61.323514089811084,2089.5918700025336,2,1,0,France,Female,Regular,1
2629,58,16,502,19.85231511479472,636.8848567829324,2,1,0,Germany,Male,Regular,1
2630,76,30,566,21.070611469671203,1811.7091122666752,3,1,1,France,Female,Premium,0
2631,20,47,761,50.642446218989704,758.692375185849,4,1,1,Germany,Male,Regular,0
2632,45,47,664,13.710785755940632,155.159725374976,1,1,1,Spain,Female,Regular,1
2633,27,52,403,12.70841418427363,258.45675566805204,2,1,1,France,Male,Premium,0
2634,68,18,410,23.03538394708299,1112.2363514027243,2,1,1,Spain,Male,Regular,0
2635,52,5,727,75.26822687766106,685.6005159425758,1,0,1,France,Male,Premium,0
2636,78,48,768,12.724103724437988,581.1197351095667,1,1,1,France,Male,Regular,0
2637,46,72,549,77.3979511459775,922.4876927764898,1,1,0,France,Male,Regular,1
2638,71,49,781,59.471499471427705,415.0905818929873,1,1,1,France,Male,Regular,0
2639,80,19,630,56.82815178183953,630.5248109716056,4,0,0,Germany,Female,Regular,1
2640,32,22,500,32.19458706223778,253.23764401343468,2,0,1,Spain,Female,Premium,0
2641,50,53,753,68.49897542465831,116.87801827882473,3,1,1,France,Female,Regular,0
2642,24,68,803,0.6805870473370598,228.85226260039357,1,1,1,Germany,Female,Premium,0
2643,29,58,845,18.235878405889324,218.5825422584802,3,0,1,Germany,Female,Regular,0
2644,66,40,410,56.83712418913467,193.74968339223045,3,1,0,France,Female,Regular,1
2645,47,2,843,218.2896528167844,289.10564967024555,3,1,0,France,Female,Regular,0
2646,38,52,508,0.12587536741560149,1220.6106494329822,4,1,0,France,Female,Regular,1
2647,48,54,332,35.66466437536356,782.9841216121459,1,1,1,France,Female,Premium,0
2648,75,56,406,128.74360009770527,682.0902389292518,3,1,1,France,Male,Regular,0
2649,78,19,564,99.58596197231968,1003.0338326518531,3,1,0,Spain,Female,Regular,1
2650,41,38,525,1.170401881673172,965.1035508791296,2,1,1,Spain,Male,Regular,0
2651,37,67,786,37.70414356867652,381.5074239876303,1,1,1,Germany,Female,Regular,0
2652,54,62,478,0.21481586927530466,583.8651131663186,4,0,0,Spain,Male,Regular,1
2653,21,42,521,77.93128689349584,412.52585452712464,1,1,0,Germany,Female,Premium,1
2654,45,0,669,18.471717292028647,808.7011570942773,1,1,1,France,Male,Premium,0
2655,61,20,466,72.53431919137226,509.5174317990547,1,1,1,Spain,Female,Premium,0
2656,79,16,599,144.83358558305747,1116.6351282726268,1,1,0,France,Female,Regular,1
2657,37,51,680,186.66258331685023,444.13388514446564,2,1,1,France,Female,Regular,0
2658,77,42,334,112.26828057672617,719.3292924858691,3,0,1,Germany,Male,Regular,0
2659,41,51,706,11.416816346768968,87.2283881082816,2,1,1,France,Male,Regular,1
2660,67,66,801,10.82082207753236,916.583976655844,4,1,1,Germany,Female,Premium,0
2661,66,43,613,49.14562879930371,740.6309990330645,3,1,0,France,Male,Regular,0
2662,68,31,400,39.26901003129045,284.7346711166894,1,1,0,Germany,Male,Premium,0
2663,49,9,514,0.47901765913550787,247.97249984557888,2,0,1,Germany,Female,Regular,0
2664,58,63,361,24.856603096340045,720.2734714542796,1,1,1,France,Male,Regular,0
2665,53,68,668,118.59193859432995,1820.8248124992465,1,0,0,France,Female,Premium,0
2666,75,67,667,114.31542340381921,302.1129992318836,4,1,1,France,Male,Regular,0
2667,70,27,393,11.401956010025206,303.52005657225635,3,1,1,France,Male,Regular,0
2668,51,52,768,24.06035323323569,142.58919374714068,4,1,1,Germany,Female,Regular,0
2669,53,50,325,41.09063707081327,337.9688085289763,4,1,1,France,Female,Premium,0
2670,19,59,734,95.79280918231439,293.34960600956623,3,1,0,Germany,Female,Premium,1
2671,32,13,420,37.96375505860746,535.2454273693115,4,1,0,Germany,Female,Regular,1
2672,51,16,349,172.41415459122774,309.0400957305803,3,1,0,Germany,Female,Premium,0
2673,53,66,335,80.23548987729025,292.32162877575263,4,0,1,France,Male,Premium,0
2674,23,46,709,152.97821672519686,549.5219065873748,2,0,1,France,Male,Regular,0
2675,56,55,588,65.74376918073052,422.6234803860131,3,1,1,Germany,Male,Regular,0
2676,59,35,678,105.03290726839387,1477.4322696481547,1,1,0,Germany,Male,Premium,1
2677,68,17,399,88.89395022082324,764.9262420539113,4,1,1,France,Male,Regular,0
2678,68,0,623,14.640659490122458,389.917112865014,4,1,1,Germany,Female,Regular,0
2679,75,34,628,13.038144891514266,227.3960609872365,3,0,1,Germany,Female,Premium,0
2680,71,63,520,99.89618399002059,587.5563980451769,4,1,1,Germany,Male,Regular,0
2681,78,57,409,4.423953814146772,328.96950446164647,4,1,1,France,Female,Regular,0
2682,29,58,448,26.260056626851018,244.9015478052846,3,1,1,Spain,Male,Regular,0
2683,20,5,705,85.92297003229058,846.9836099466548,3,1,0,Germany,Male,Regular,1
2684,62,2,709,83.89636656261665,223.41581805160706,4,1,0,France,Female,Regular,0
2685,35,72,428,7.47042769804132,1234.0855802135616,3,1,0,Germany,Female,Premium,1
2686,57,36,783,33.44320096547982,168.56409667294562,4,1,0,Germany,Male,Regular,1
2687,38,36,407,32.68021084416352,816.7784395985246,4,1,0,Germany,Male,Premium,1
2688,32,32,688,19.557511760241393,59.6553771070467,4,0,1,Germany,Male,Regular,0
2689,50,60,724,124.55497634500622,144.0077963991708,1,0,1,France,Male,Premium,0
2690,52,3,746,52.93847479930191,359.41608603846043,3,0,0,France,Female,Premium,0
2691,43,13,367,196.07208573788967,230.39736032762852,1,1,1,Germany,Male,Regular,0
2692,25,32,365,3.454976581609205,713.5618490594127,2,1,0,France,Female,Regular,0
2693,53,32,803,25.072665150791394,63.20854150601123,2,0,1,Spain,Male,Regular,1
2694,65,47,803,90.13219312502623,587.2962278553018,4,1,1,France,Female,Regular,0
2695,47,2,620,27.468419670466137,151.71804097502863,1,1,0,France,Male,Regular,0
2696,40,22,746,15.182309651451417,252.5367309365629,4,1,1,Spain,Male,Regular,0
2697,59,67,509,250.0,495.5731955108757,4,0,1,France,Male,Regular,0
2698,61,20,669,103.2276029922547,633.7126621776493,4,1,1,Germany,Male,Regular,0
2699,31,42,757,39.53509661955874,503.3974049313628,4,0,1,France,Female,Regular,0
2700,31,25,462,41.24363723334735,914.1281727945483,4,1,1,Germany,Male,Premium,0
2701,19,40,631,0.3443309504170169,772.1821321028094,2,1,1,Germany,Female,Regular,0
2702,72,37,649,198.15155619019592,762.1912776681977,3,1,1,Germany,Male,Premium,0
2703,54,24,767,82.07098658176645,2710.425449537271,3,1,0,Spain,Female,Regular,1
2704,22,31,725,1.8710433886788835,2854.9121877764373,3,0,0,France,Male,Premium,1
2705,55,59,626,9.699277401079371,1168.560983452406,2,1,0,France,Male,Regular,0
2706,62,66,405,86.027197964927,480.5790731124948,1,1,0,Germany,Female,Premium,0
2707,58,64,554,4.543607278116158,446.8342454762966,2,0,1,Germany,Female,Regular,0
2708,79,60,657,142.18123612573837,565.8664049154692,2,1,1,Spain,Female,Premium,0
2709,71,18,743,250.0,1168.7393592725798,1,1,0,France,Male,Premium,1
2710,77,45,412,108.76803155692971,761.2366660181463,4,1,0,Germany,Male,Regular,0
2711,78,48,329,67.14335412172207,269.31215311220274,4,1,1,Germany,Male,Regular,0
2712,64,21,823,33.401498873729025,664.7593650025277,4,1,1,France,Female,Regular,0
2713,31,68,345,4.301297298717185,636.7968607946264,1,0,0,France,Female,Regular,1
2714,73,13,470,65.54936988715563,384.7548831930317,2,1,1,France,Male,Regular,0
2715,56,43,429,25.280724104714015,334.7732992012085,2,0,1,France,Male,Regular,0
2716,42,15,652,42.22509560191917,646.0847327245408,1,1,1,France,Female,Premium,0
2717,37,11,502,17.363853285915106,604.2647004896205,4,0,1,France,Female,Premium,0
2718,19,54,525,13.863886591241132,713.1158484951856,1,1,1,Germany,Female,Premium,0
2719,56,50,379,19.60007936964273,1437.9919080592651,2,1,1,France,Male,Regular,0
2720,23,38,609,84.05422135752512,445.41805192009616,3,1,1,France,Male,Premium,0
2721,34,32,334,27.799129563700614,382.582064072589,3,1,1,Spain,Female,Premium,0
2722,76,32,460,18.677099228856225,140.8839585895502,3,0,1,Germany,Male,Premium,0
2723,42,28,734,28.36718836127869,373.0155683071465,4,0,0,France,Male,Premium,0
2724,74,68,837,1.641005071303353,134.26950169727417,4,0,0,Germany,Male,Premium,0
2725,45,72,524,110.63917689908102,278.7482848476286,4,1,0,France,Female,Regular,1
2726,19,30,745,40.12149770754645,565.038130617238,4,1,1,France,Male,Regular,0
2727,52,30,616,5.536870995605526,350.243966395281,1,0,1,France,Female,Regular,0
2728,54,45,713,17.012453229709664,359.29120584067283,3,0,1,France,Female,Regular,0
2729,22,51,394,205.37984603831228,77.4217958048788,3,0,1,France,Male,Premium,0
2730,80,15,524,44.954160015508506,602.7360611008813,4,1,0,France,Male,Regular,1
2731,18,40,365,17.223549156545957,1108.106955911095,4,0,1,France,Male,Premium,0
2732,57,2,696,27.786413077902257,1377.7507252233709,1,0,1,Germany,Female,Regular,0
2733,29,58,509,14.952305254174975,403.08632505690696,1,1,1,Germany,Female,Regular,0
2734,73,51,773,1.6160499214257273,1009.8556657751612,1,0,0,France,Male,Regular,0
2735,53,33,789,92.26751704669053,1278.0098003476626,3,0,1,Germany,Male,Regular,0
2736,62,48,479,17.29937307609063,1301.486596392672,3,1,1,France,Female,Regular,0
2737,40,27,823,91.13487942069894,726.9447308773355,3,1,1,Germany,Male,Regular,0
2738,64,12,758,32.557771927592825,250.13509363716443,3,1,1,Spain,Female,Premium,0
2739,48,68,367,10.099361454639691,654.8130479240373,1,1,1,France,Female,Regular,0
2740,28,66,628,80.94126512258619,178.19845619121952,4,1,1,France,Male,Regular,0
2741,27,60,501,23.66938592557072,261.191721544773,3,0,1,France,Male,Regular,0
2742,20,59,774,61.50372337506367,150.57172226654123,1,1,1,Germany,Male,Regular,0
2743,71,70,817,90.77075421065271,293.7985092382589,4,0,1,Germany,Male,Premium,0
2744,31,33,314,164.82248875393887,1687.5937684719834,2,1,0,France,Male,Regular,1
2745,33,62,341,4.486090485867173,258.1089889726286,4,1,1,Germany,Male,Regular,0
2746,27,60,842,0.4210923120000598,214.1904379277185,2,1,1,France,Female,Regular,0
2747,46,20,588,39.750688302275094,1411.001125110567,2,1,0,Spain,Male,Regular,1
2748,27,29,832,15.34263038551153,169.82979902682663,3,1,1,France,Male,Premium,0
2749,29,59,543,31.65924852741357,999.3009770946579,1,1,1,Spain,Female,Regular,0
2750,47,17,473,3.771679520587981,164.01126809378042,4,0,1,Spain,Female,Regular,0
2751,58,68,833,34.816516738538425,433.0502848707966,2,1,0,Spain,Male,Premium,1
2752,18,52,808,6.668321921690114,1632.1905710511394,1,1,1,France,Female,Premium,0
2753,22,4,543,91.18968392165249,563.9640212898771,4,0,0,France,Female,Regular,1
2754,37,72,359,71.24901581246972,583.8120969355722,3,1,1,Germany,Male,Regular,1
2755,25,71,403,3.848025280544662,87.12864539941641,4,1,0,Germany,Male,Regular,0
2756,60,51,602,90.50137228192416,2000.0,3,1,1,Germany,Female,Regular,0
2757,29,3,376,19.649054864797165,373.33727165985357,4,1,0,France,Male,Regular,0
2758,18,33,317,21.75961136298407,124.20508456068352,4,1,1,Germany,Male,Regular,0
2759,74,68,833,9.91057119009878,1275.2275215640773,2,0,0,France,Female,Regular,0
2760,71,46,483,90.18273331762823,227.19386559277345,2,1,1,France,Male,Premium,1
2761,37,68,849,25.93497405640324,371.06495764327076,2,1,1,Germany,Female,Regular,0
2762,45,37,580,2.5034322646290628,1361.1191418656872,3,0,1,France,Male,Premium,0
2763,74,25,587,169.4381917175725,512.8292130948357,4,1,1,Germany,Female,Regular,0
2764,60,0,824,14.778133074982472,587.3810586935091,4,1,1,Germany,Female,Regular,0
2765,54,3,773,137.58230031848117,445.68025763629475,3,1,0,Germany,Female,Regular,0
2766,64,38,566,17.9222800060469,811.64036794504,4,1,1,Germany,Male,Regular,0
2767,54,53,656,89.01919921396868,1757.381040473854,2,0,1,France,Male,Regular,0
2768,29,32,300,54.56487919236069,269.4721725450658,3,1,1,France,Female,Regular,0
2769,54,32,326,98.76612533325788,1014.4891874060313,3,0,1,France,Female,Regular,0
2770,66,71,847,186.7314842543817,605.2445050521804,4,0,1,Spain,Male,Regular,0
2771,66,14,459,102.5849702858209,633.4815121127178,2,0,0,Germany,Male,Regular,1
2772,73,15,698,25.847648005448658,484.47352589173465,4,1,1,France,Male,Premium,0
2773,61,20,842,84.23595826393823,593.1915747408796,4,0,0,Germany,Male,Regular,0
2774,73,44,426,62.17915345379226,537.2089574448366,3,1,1,France,Female,Premium,0
2775,45,61,509,3.1791446724479795,268.3840058518172,3,1,1,France,Female,Regular,0
2776,64,30,449,132.79193605686126,185.17073826390578,1,0,1,Germany,Male,Premium,0
2777,32,41,330,31.364329027710937,548.4790060574005,4,1,1,France,Male,Premium,0
2778,23,11,601,7.219539476407959,258.81062799553314,1,1,0,Germany,Male,Regular,0
2779,61,64,556,27.70215074085059,193.653260646098,4,0,1,France,Female,Regular,0
2780,76,72,356,46.20874213812459,133.81712227977982,1,1,1,Spain,Female,Premium,0
2781,78,2,308,42.54225514743481,478.8407459074144,4,1,1,France,Male,Regular,0
2782,37,11,304,42.75903454596256,472.5864061848198,3,1,0,France,Female,Regular,1
2783,67,56,413,14.774912510412038,1345.2431258126771,3,1,0,Spain,Female,Regular,1
2784,31,15,504,50.07914974498291,846.5573257629254,1,1,1,Germany,Female,Regular,0
2785,19,2,323,118.98131710727542,635.741526622896,1,1,1,Spain,Female,Regular,0
2786,26,18,792,24.605668633049362,679.7926179484039,1,1,0,France,Female,Regular,1
2787,80,72,705,49.79109179343191,1433.9802370018808,2,1,0,France,Male,Regular,0
2788,54,9,402,13.984835822596931,202.55954965325145,1,0,0,France,Male,Regular,1
2789,37,1,359,2.474273852077387,1041.9724924406771,1,0,1,France,Male,Premium,0
2790,43,70,385,44.06203180831616,640.5937842341267,1,1,1,France,Female,Regular,0
2791,46,20,671,2.4358729553498137,406.5673680498343,2,1,1,France,Female,Premium,0
2792,18,18,501,64.29252269555926,252.76147886997393,2,0,1,France,Male,Premium,0
2793,72,46,388,55.48659886465019,344.16059469847255,4,1,0,France,Female,Regular,0
2794,52,21,736,23.048231728252173,169.12181020846282,3,1,1,France,Female,Premium,0
2795,23,32,419,26.491088138143603,292.8022803223511,1,1,0,Spain,Female,Premium,0
2796,54,31,455,124.90624322334081,178.37877165719158,1,0,1,France,Male,Regular,0
2797,70,63,698,0.6610317124561123,362.4115995498104,3,1,1,Spain,Female,Premium,0
2798,76,49,487,41.425828013617284,515.8639213848985,4,1,0,France,Male,Regular,1
2799,22,71,351,128.43254170147452,1364.0991033839337,4,1,1,France,Male,Premium,0
2800,50,41,830,122.6629855986203,340.6815414426268,1,1,1,Spain,Male,Premium,0
2801,66,8,779,43.93238089120112,100.96350102747151,3,0,1,Germany,Male,Premium,0
2802,68,20,529,24.00108203135446,2521.968766003831,1,1,0,Germany,Male,Regular,1
2803,31,1,780,5.2071476556442144,467.11387202927426,1,1,0,France,Male,Regular,0
2804,29,18,429,9.544964255884858,608.4635012451042,1,1,1,Germany,Female,Regular,0
2805,59,19,354,56.920701941306326,890.4624064204133,3,1,1,France,Male,Regular,0
2806,37,72,570,0.8386991878313069,533.4892427152206,3,0,1,France,Female,Premium,1
2807,70,13,399,107.48701029915576,199.3600660162187,4,1,0,Spain,Male,Regular,1
2808,67,66,368,44.32864446181164,67.06682199766202,3,1,0,France,Male,Premium,1
2809,41,11,598,2.309876167353225,730.6067176436586,3,1,0,Germany,Female,Regular,1
2810,76,50,828,13.70654332272718,377.72630126684226,3,0,0,France,Male,Regular,0
2811,60,25,653,45.09485477378879,670.7554438206442,2,1,1,France,Female,Premium,0
2812,79,55,451,1.8125222424581156,347.44874405200545,4,1,1,Germany,Male,Premium,0
2813,51,63,629,75.70352352204664,2000.0,3,1,1,France,Male,Regular,0
2814,42,7,415,126.23774769406057,1059.1989049410404,1,1,1,France,Female,Regular,0
2815,67,36,841,162.49303855473502,411.2671580329254,2,1,1,France,Female,Premium,0
2816,46,26,622,66.14893816626557,150.70161778537508,2,1,1,Germany,Male,Premium,0
2817,74,44,528,97.18454546335991,1196.2089386225832,4,1,0,France,Male,Regular,0
2818,56,3,659,47.171209656670435,208.83021048758854,2,1,1,Spain,Male,Premium,0
2819,48,39,304,30.67464260324499,172.33459125873958,2,1,0,Spain,Female,Regular,1
2820,73,70,327,62.43713487141855,1039.049753913578,4,0,0,Spain,Male,Regular,0
2821,64,32,663,12.691780033799926,616.6790793597233,3,1,1,Germany,Female,Regular,0
2822,60,30,761,5.814575774789623,94.82179245002264,4,1,0,Germany,Male,Regular,0
2823,67,54,530,71.74293252711591,432.87959674627496,1,1,1,Germany,Female,Regular,0
2824,40,11,694,158.72715160397763,887.1277460678326,3,0,0,Germany,Male,Regular,0
2825,61,10,570,43.07584579072627,615.9749306941593,3,1,1,Germany,Female,Regular,0
2826,55,71,603,32.9413816759515,721.4178236486869,2,0,1,Spain,Male,Premium,0
2827,37,31,682,38.22187351950523,845.5612253098676,3,1,1,Spain,Male,Regular,0
2828,40,56,327,32.54886644131765,441.66906561410957,2,1,1,Germany,Male,Regular,0
2829,79,37,818,29.18776539357054,217.1421274754451,3,1,1,France,Male,Premium,0
2830,62,59,498,146.9068533386328,310.6162988936567,4,1,1,France,Female,Regular,0
2831,69,18,381,32.67355846970454,701.4427677607674,2,1,1,France,Female,Regular,0
2832,33,55,387,4.229031646554137,408.9970987505108,4,1,1,France,Male,Regular,0
2833,67,13,689,72.51854098622367,875.2064361215988,2,0,1,Spain,Female,Premium,0
2834,59,32,750,24.842980490951454,810.6241334412349,2,1,1,Spain,Female,Regular,0
2835,77,9,732,62.01343786795596,149.39261623575737,2,1,1,France,Female,Premium,0
2836,72,63,673,43.32378793271474,369.4503281592341,3,1,1,Germany,Male,Regular,0
2837,25,63,734,62.445033242371984,362.39069839453845,3,0,1,France,Male,Regular,0
2838,67,61,486,3.1999443801999394,310.11268057179376,4,0,0,Germany,Male,Regular,0
2839,38,72,689,1.7230158706276106,209.95997087989622,1,1,0,France,Male,Regular,1
2840,18,43,517,23.78431725475536,481.9491447533047,4,0,0,Spain,Male,Regular,1
2841,72,58,407,59.072442171082194,271.3941114174536,1,1,1,France,Female,Regular,0
2842,25,51,849,12.659686382585075,381.43821510840024,2,1,1,France,Female,Regular,0
2843,46,28,648,28.405147936418672,122.26109197677158,1,1,0,Germany,Male,Premium,1
2844,49,20,821,197.66898624070075,435.1145993876254,1,0,1,France,Male,Premium,0
2845,55,21,325,12.095588540213834,1673.8050099177237,2,0,0,France,Male,Regular,0
2846,22,8,347,94.17514326330422,1195.1174943667868,4,0,1,France,Male,Regular,0
2847,64,8,669,87.28032033245267,322.06243512623485,2,1,0,France,Female,Regular,0
2848,39,72,313,110.98218427940839,738.8083754637158,2,1,0,Spain,Male,Regular,1
2849,64,23,486,123.33864932706106,1287.5497771208516,1,1,0,France,Male,Premium,1
2850,51,16,823,35.394789671115504,730.8584439347802,2,1,1,France,Female,Regular,0
2851,18,43,578,57.274784446693374,373.542879226851,4,1,1,France,Female,Premium,0
2852,72,44,640,48.2334812334226,1161.0473197309843,1,1,1,France,Female,Regular,0
2853,72,7,627,18.477049336815508,1082.4956617934815,4,1,0,Germany,Male,Regular,0
2854,43,17,324,16.41045456260393,728.6796962722556,2,1,1,France,Female,Regular,0
2855,60,33,828,20.89485096653007,147.20043615347598,4,1,1,Germany,Female,Premium,1
2856,27,0,725,12.324302243023148,718.2246317553934,4,1,1,Germany,Male,Premium,0
2857,47,7,328,70.81367398561476,1688.7607115962596,2,1,0,France,Female,Premium,1
2858,67,40,622,167.01386618846746,1069.2351805004312,3,1,1,Germany,Female,Regular,0
2859,35,54,612,101.16128106452977,1094.7589290322524,4,0,1,France,Male,Premium,0
2860,34,4,569,12.291216586748948,586.4973372997121,3,0,1,France,Male,Regular,0
2861,43,58,594,2.665580739336854,377.86777843758705,2,1,1,France,Male,Regular,0
2862,25,17,522,70.75401795944394,1157.2433739735802,3,1,0,France,Male,Regular,0
2863,64,48,374,24.732344237215948,832.6111363523547,3,1,1,France,Male,Regular,0
2864,57,64,401,87.03790648027122,506.31614121864766,3,0,0,Germany,Female,Regular,0
2865,66,53,831,75.53300499718377,415.7356535999807,3,1,0,France,Male,Premium,0
2866,29,60,472,49.09619286015281,955.5749401946666,4,0,1,Spain,Male,Regular,0
2867,44,7,303,14.741332337732016,629.9928911524742,4,1,1,Germany,Male,Premium,0
2868,25,2,778,5.492739312864912,96.09643976297858,1,0,1,France,Female,Regular,0
2869,42,33,694,14.560971145678508,1984.9075291983834,3,1,0,Germany,Female,Regular,1
2870,63,68,466,35.64297952152962,1120.268140264577,2,1,1,Spain,Male,Regular,0
2871,21,54,599,194.27629777945245,1317.13574916537,4,0,1,Spain,Female,Regular,0
2872,50,39,417,3.290285661674703,676.4333127601786,3,0,1,France,Male,Regular,0
2873,18,49,811,11.161677819222966,408.9076864193123,2,1,1,France,Female,Regular,0
2874,36,32,474,49.34631782373609,447.16510848542845,1,0,1,Germany,Male,Regular,0
2875,48,17,458,18.146465565342897,1074.1409563788077,2,1,1,Spain,Male,Regular,0
2876,33,56,683,97.77429735473173,706.3065284357533,2,1,1,Germany,Male,Regular,0
2877,31,15,526,7.5072598701582045,234.69319020472048,3,0,0,France,Male,Premium,0
2878,70,37,337,165.05519245028768,401.77149564722816,4,1,1,France,Male,Regular,0
2879,65,40,762,121.73438477928298,180.1716381066401,2,1,0,France,Male,Premium,0
2880,22,2,730,109.25301831737086,144.16722567023024,2,1,1,Germany,Female,Regular,1
2881,58,52,403,9.501703602126547,219.85078132776067,1,1,0,France,Female,Premium,0
2882,43,62,492,19.986289794664184,106.46646974906449,4,1,1,France,Female,Regular,0
2883,79,31,549,81.50674174420016,451.82781143898285,4,0,0,France,Male,Premium,0
2884,45,35,312,82.4630373869133,794.4024042735382,4,1,1,Germany,Female,Premium,1
2885,19,21,687,61.0687363662171,624.7586183341133,4,1,1,France,Male,Regular,0
2886,67,15,370,29.714970682257665,763.8600845977455,4,0,1,France,Male,Premium,0
2887,23,51,737,18.668481443818784,198.7559084889041,1,1,1,Germany,Female,Premium,0
2888,80,28,343,164.7850576060253,191.57313614442225,4,1,0,Germany,Female,Regular,0
2889,26,13,571,7.498271587277706,482.22740886000435,4,0,1,France,Female,Premium,1
2890,50,16,313,2.237007030400506,213.49792017032044,3,1,1,Germany,Male,Premium,0
2891,58,68,670,0.4586229331980474,186.73652617053418,1,1,1,France,Male,Regular,1
2892,42,12,411,74.58872411510606,859.4542964640119,1,1,0,Germany,Male,Regular,0
2893,65,71,678,2.9188184311196084,690.1918118512883,4,0,1,Spain,Male,Regular,0
2894,30,55,613,38.67922212077783,500.0140094578887,2,1,1,Germany,Female,Premium,0
2895,26,4,714,22.887347789833477,180.9352479055178,3,0,1,Germany,Male,Premium,0
2896,70,11,784,7.944387690878423,876.8671544946488,3,0,1,Spain,Female,Regular,0
2897,30,40,468,67.4683304487566,561.4582745409805,2,1,1,France,Male,Regular,0
2898,48,-3,545,2.8288790066220524,1156.6776351177855,4,0,1,Germany,Female,Regular,1
2899,58,32,565,19.165163193693445,478.0753470056351,4,1,1,Germany,Male,Regular,0
2900,28,49,542,41.29865258274797,415.4421007833331,1,0,1,Spain,Male,Regular,0
2901,21,55,599,25.742997817338388,832.3478688107831,4,0,1,Spain,Male,Regular,0
2902,51,8,626,14.997733593945439,1960.9012746046674,1,0,1,France,Male,Regular,0
2903,78,49,829,130.18518814894384,622.2664453579273,1,1,1,France,Female,Regular,0
2904,55,35,641,133.66098571255344,1527.4759233870968,3,0,0,France,Female,Premium,1
2905,63,38,548,26.90080960754353,875.3904237831031,2,0,1,France,Male,Premium,0
2906,21,44,679,25.02268136535759,1340.1120586681889,2,1,1,France,Female,Regular,0
2907,55,16,831,18.36405291437134,620.5752451292518,1,0,0,Germany,Female,Regular,0
2908,36,55,680,96.81251531584918,951.4963156892326,3,1,1,France,Male,Regular,0
2909,23,45,341,41.956680636427926,585.0661320774975,2,1,1,Germany,Male,Premium,0
2910,51,66,644,4.689288824519262,77.31322255263264,1,1,1,France,Female,Regular,0
2911,35,68,560,95.97533646717963,607.3612568184669,1,1,0,Germany,Male,Premium,0
2912,30,13,605,38.273666128107024,651.2822756265379,2,1,1,Germany,Male,Regular,0
2913,58,66,539,26.857778737225168,412.24051584031355,2,1,1,Germany,Male,Premium,0
2914,40,20,612,20.614286561492488,199.66955352194032,2,1,0,France,Female,Regular,1
2915,36,60,740,5.236179832964776,1577.8400572851085,3,1,0,France,Male,Regular,0
2916,62,28,432,156.9826223309792,79.97516718219285,1,1,0,Germany,Male,Regular,1
2917,28,26,350,67.59339407346211,395.29423758801636,4,1,1,France,Male,Premium,0
2918,18,66,691,7.065366672043563,431.46036022366496,2,1,0,France,Female,Regular,1
2919,41,9,822,35.79713365237927,556.2887965197849,3,0,1,France,Female,Regular,0
2920,79,15,807,40.54872061060515,276.3129320542186,3,0,1,France,Female,Regular,0
2921,71,40,653,9.18945708034155,411.96095488734284,2,0,1,Germany,Male,Premium,0
2922,24,54,694,27.8628124673174,1666.7542229803928,2,1,0,Germany,Male,Premium,1
2923,42,60,395,51.887071746086896,978.4636268333724,2,1,0,France,Male,Premium,0
2924,38,48,405,16.704493861745508,214.7123071898329,2,1,0,Germany,Male,Regular,0
2925,32,72,812,20.144093992603228,539.2978865871835,3,1,1,Spain,Female,Regular,0
2926,18,51,541,6.5070559943915,1537.3976803440391,2,1,1,France,Female,Premium,0
2927,29,1,787,26.65702497355089,243.6789471601908,1,1,0,Spain,Female,Regular,0
2928,75,49,814,43.836350597468105,359.6434033244505,1,1,1,Germany,Female,Regular,0
2929,24,42,360,6.194644809251518,625.4244084879963,2,0,1,Spain,Female,Regular,0
2930,32,15,715,47.697599728685084,900.4401375470682,2,0,0,France,Male,Regular,1
2931,38,57,593,25.35771977832915,1024.149476114655,3,1,1,France,Male,Premium,1
2932,36,64,601,56.68849505526349,211.246834004683,1,1,1,France,Female,Premium,0
2933,77,11,469,18.904923854463153,570.0913091735883,1,0,0,France,Male,Regular,1
2934,46,3,340,42.02430016016058,50.0,3,0,1,France,Female,Regular,0
2935,42,40,530,47.44106398248232,360.7097480070545,2,1,1,France,Female,Premium,0
2936,50,6,708,58.641054695796925,519.5093835982215,4,1,0,Spain,Male,Regular,0
2937,66,68,596,70.72213853033641,187.10357488617137,3,1,1,France,Female,Regular,0
2938,49,68,754,7.329483234882332,809.3075715784009,3,1,0,France,Male,Regular,0
2939,66,29,356,167.96834356165314,280.1015802057702,4,1,1,France,Female,Premium,0
2940,52,70,539,92.78144372288442,1698.638509944936,1,0,1,Spain,Male,Regular,1
2941,61,5,475,41.313222387154305,249.33030445578743,3,1,1,France,Male,Regular,0
2942,55,18,362,110.52713541211541,1009.8965619893402,1,1,1,Germany,Female,Regular,0
2943,43,65,850,24.098383124711077,1280.756956150732,1,1,1,France,Female,Regular,0
2944,28,9,437,1.744406302429391,50.0,3,0,0,France,Male,Premium,0
2945,52,15,753,64.91992193192277,362.18653575437946,3,1,1,Germany,Female,Regular,0
2946,25,36,748,143.53800098975552,927.4780004209979,2,1,0,Germany,Female,Regular,0
2947,63,31,525,8.82818805250116,817.8033381530944,1,1,1,Germany,Male,Regular,0
2948,31,46,742,51.62352646936746,700.6950288564477,3,1,1,Germany,Male,Regular,0
2949,27,71,505,83.94624904697052,549.9979656668602,1,1,0,Germany,Male,Regular,0
2950,19,42,326,117.72922216485422,859.292990384966,3,1,0,France,Female,Regular,0
2951,63,35,756,16.184655073154524,430.1128206526609,3,1,1,Germany,Male,Regular,0
2952,26,39,406,6.890386693873266,322.81483068441463,2,0,0,France,Male,Regular,1
2953,20,9,743,14.240982911944029,1206.9030383307245,2,0,1,France,Female,Premium,0
2954,38,30,335,43.10452819803407,228.3848429724459,2,1,1,France,Female,Regular,0
2955,43,30,454,125.49784406057016,917.0769332774939,3,1,0,Spain,Female,Premium,1
2956,25,4,468,43.67782568479519,217.6319730339113,2,1,1,France,Male,Premium,0
2957,65,0,571,126.05030368349989,793.1501790768882,1,0,1,France,Male,Premium,0
2958,19,2,846,73.49184777934671,77.82701867530939,1,1,1,Germany,Male,Premium,0
2959,23,66,719,45.61362381534153,601.6727603753603,3,1,0,Germany,Female,Regular,0
2960,45,70,483,1.1019803459532693,240.39694434317863,2,0,1,France,Female,Premium,0
2961,70,34,536,20.25394172678097,50.0,4,0,1,Germany,Male,Regular,0
2962,46,14,808,2.9588225237191614,979.9510105089329,3,0,1,France,Male,Premium,0
2963,43,67,740,19.448275186176893,930.5279065749061,4,1,1,Germany,Male,Regular,1
2964,42,25,421,3.218046747130157,692.5705086946883,3,1,0,Germany,Male,Regular,1
2965,29,42,716,9.185077113807399,594.2607142179498,4,1,1,Germany,Male,Premium,0
2966,22,59,834,26.43979941466852,426.91279021852637,1,1,0,Germany,Female,Regular,0
2967,51,35,674,36.1684388996822,630.6066812611149,4,1,0,France,Male,Premium,1
2968,65,64,625,12.240177751996574,464.92958673740054,2,1,1,France,Female,Premium,0
2969,54,28,779,65.94625113731858,450.731569765435,4,1,1,Germany,Male,Premium,0
2970,32,18,449,44.62439182958741,427.3012681093471,4,0,1,France,Female,Premium,0
2971,61,2,789,58.84391502906803,391.650892387648,1,1,1,Spain,Female,Regular,0
2972,53,35,452,65.98147032727871,1032.1975525799949,2,1,1,Spain,Female,Premium,0
2973,32,42,316,64.89958631465133,212.26101809165056,2,1,1,Germany,Male,Regular,0
2974,60,14,850,137.6266798289276,670.6205525853505,4,1,1,France,Male,Premium,0
2975,65,43,647,13.539303127613515,625.9600830659492,3,1,0,France,Male,Regular,1
2976,40,35,758,15.746198599869485,888.7104017226046,2,1,1,Spain,Female,Regular,0
2977,23,32,501,4.946896346565999,546.7155844965612,2,1,0,Germany,Female,Premium,1
2978,63,4,722,44.89631444178893,233.4624424921079,3,1,1,France,Male,Regular,0
2979,67,13,579,25.141674608246227,484.96252472016346,1,1,1,France,Female,Regular,0
2980,61,67,721,34.27868466435706,962.2641924818184,1,1,1,France,Female,Regular,0
2981,76,46,764,9.305724506840212,651.8794607475382,1,0,0,Germany,Male,Premium,1
2982,60,60,654,52.357036215001905,139.28782724069322,2,0,0,France,Male,Regular,1
2983,62,3,677,48.2503360236611,270.3570679891609,2,1,1,France,Male,Premium,0
2984,38,8,423,15.37957630406184,1091.6942040771282,3,1,1,Germany,Male,Regular,0
2985,40,52,379,31.31338480825615,1037.8630406503637,3,1,0,France,Male,Regular,0
2986,60,71,532,112.35796306662303,818.3304405449845,3,1,1,France,Female,Regular,1
2987,72,45,779,74.25030353029395,150.55321282907738,4,0,0,France,Male,Premium,0
2988,33,53,453,12.870181429220317,202.30523754130147,1,1,1,France,Female,Regular,0
2989,64,36,708,105.53829430854971,254.1349675973966,2,1,1,Germany,Male,Regular,0
2990,70,22,330,3.484279143958982,296.9579741779004,3,1,1,Germany,Female,Regular,0
2991,77,26,802,26.71567979525542,226.6147598989566,2,1,0,France,Female,Regular,0
2992,32,69,670,4.175506269487907,238.39653986017635,4,0,1,Germany,Female,Premium,0
2993,42,71,622,128.99221311328995,1788.064484780271,3,1,0,France,Female,Regular,1
2994,53,60,631,2.0776986290027133,1123.2540445734267,3,1,1,France,Female,Premium,0
2995,28,45,542,8.198958350874499,96.02306566253715,4,1,0,France,Female,Regular,1
2996,68,49,729,123.27870302155921,683.7794180655696,1,1,1,Germany,Female,Premium,0
2997,32,18,481,43.632552925174814,707.0224582411416,1,1,1,Spain,Male,Premium,0
2998,21,0,772,79.28313360950995,50.0,2,1,1,France,Female,Regular,0
2999,38,39,675,0.827142082118173,725.3498774285965,2,1,0,France,Male,Premium,0
3000,30,31,380,27.15840840724177,409.2281094788012,3,1,1,Germany,Female,Premium,0
3001,39,21,849,208.23501541022463,249.99637494062839,1,1,1,Spain,Female,Regular,0
3002,36,65,719,43.35349326520121,1109.1798992144625,2,1,1,Spain,Female,Regular,0
3003,51,39,766,94.7503737569733,132.7779421536601,1,0,0,Germany,Female,Regular,0
3004,31,37,727,165.60369257517388,750.107673068929,2,0,1,Germany,Male,Regular,0
3005,78,47,356,57.76556242486672,1585.3536885784488,4,1,0,Germany,Male,Regular,0
3006,21,54,621,19.847359070420982,481.6127917127876,4,1,0,Germany,Male,Premium,0
3007,65,54,841,18.452339043193696,385.6292869356828,2,1,1,Germany,Male,Regular,0
3008,70,50,794,3.6972596942586615,524.6249335216005,4,1,1,France,Male,Regular,0
3009,69,59,565,27.91089719427368,526.7982801828471,1,1,0,Spain,Male,Premium,0
3010,63,7,526,123.48479546715964,105.34834850788127,2,1,0,France,Female,Premium,1
3011,44,67,353,32.51036447136508,276.2078599664649,4,1,1,France,Male,Regular,0
3012,46,71,303,120.95308606492641,209.76401447121276,2,1,1,Germany,Female,Regular,0
3013,64,16,738,84.95225092392418,849.2495460673384,1,1,0,Germany,Male,Regular,1
3014,45,1,609,207.34650284108446,705.0511247921742,1,1,1,France,Male,Premium,0
3015,52,69,388,147.53343497956507,593.3800310899667,2,1,1,Germany,Male,Regular,0
3016,25,58,619,61.291031820425836,730.6448283830143,2,1,0,Spain,Female,Regular,0
3017,33,18,674,102.48143445975437,415.06149552302674,1,1,1,Germany,Male,Regular,0
3018,59,30,800,68.93172894141108,651.0861207615105,2,0,1,Germany,Male,Premium,1
3019,53,71,533,60.76761776616419,1154.7861278198725,2,1,0,France,Female,Premium,0
3020,47,13,636,62.86157299958474,1651.7805436156261,2,1,1,France,Female,Regular,0
3021,35,23,484,63.83500259582418,639.0185850669416,3,0,0,France,Female,Regular,0
3022,19,42,737,23.854958104174788,793.5412095089494,1,1,0,Spain,Female,Regular,1
3023,66,55,479,27.54441061773914,507.84677932955265,3,1,1,Germany,Male,Regular,0
3024,30,50,375,17.412041929928034,551.5901644851151,3,1,1,France,Male,Premium,0
3025,21,31,571,8.023731946061618,1133.6172608305985,3,1,1,Germany,Female,Regular,0
3026,43,49,354,30.665384707571103,948.4130648503407,4,1,1,Germany,Male,Regular,0
3027,42,38,376,115.10390571261577,536.1013046992329,3,1,0,Germany,Male,Regular,1
3028,47,65,595,52.67210581246042,195.38622371986594,2,1,1,Spain,Female,Regular,0
3029,28,24,518,2.891009505707978,273.24259529716124,3,0,1,France,Female,Regular,0
3030,24,65,576,83.35333658256761,960.347111158948,4,1,1,Germany,Male,Premium,1
3031,48,65,565,136.9782254805407,711.7655078244989,4,1,1,Germany,Female,Regular,0
3032,61,41,342,88.42825941273713,424.38006443776067,3,1,1,Spain,Male,Regular,0
3033,27,72,660,65.01343274909742,233.19685704984965,1,0,0,Spain,Male,Regular,1
3034,56,35,527,8.133029083164429,447.9615733532804,2,0,1,Germany,Male,Premium,0
3035,30,8,526,21.46227356314821,271.08361485659236,2,1,1,France,Male,Regular,0
3036,48,35,362,41.65344894559298,727.2520743332199,1,1,1,France,Female,Regular,0
3037,24,37,470,3.9987610472036152,645.2832199712473,2,0,1,Spain,Female,Regular,1
3038,80,38,606,5.617590122227844,720.9940402184161,4,1,0,Spain,Male,Regular,1
3039,73,41,333,136.09776300315553,351.9340791893989,4,1,1,France,Female,Regular,0
3040,66,60,429,60.64919635344831,336.3148412724287,2,1,1,France,Male,Regular,0
3041,59,45,693,16.08518474273321,459.25581373364923,1,1,1,Spain,Male,Regular,0
3042,78,60,450,19.82727356247558,598.2740567122567,2,0,0,France,Male,Premium,0
3043,59,17,683,24.26027404723796,1310.1858399940572,3,1,0,Germany,Female,Regular,0
3044,73,69,316,3.9019308749032486,586.8611374850292,4,0,1,Germany,Female,Regular,0
3045,53,14,313,67.19566288526052,369.6183039083,4,1,1,Germany,Male,Regular,0
3046,37,47,380,9.729870611954903,430.2174812236508,3,1,1,France,Male,Premium,1
3047,21,72,506,81.7685710912342,933.4525969652518,4,1,0,Germany,Female,Regular,1
3048,71,25,503,93.49873207062,1080.1418304997592,3,1,1,Germany,Female,Premium,1
3049,24,42,678,50.86555860765595,87.78537723714656,4,1,1,Germany,Female,Regular,0
3050,71,59,843,73.45227439901268,67.01557061263485,1,0,1,Spain,Male,Regular,0
3051,18,56,322,9.427153517940726,1132.85760349296,4,0,1,Spain,Female,Regular,0
3052,61,70,461,42.89389626541944,533.647704737109,2,1,1,France,Female,Premium,0
3053,73,13,443,56.47409155965253,63.28204249498503,2,1,0,Germany,Male,Premium,1
3054,62,49,403,54.170508559844656,185.0054287001238,2,1,1,France,Female,Regular,0
3055,59,31,681,6.237920976392677,284.37081429317914,2,1,0,France,Female,Regular,1
3056,64,21,754,21.108884106736696,541.8850193048152,1,1,0,France,Male,Regular,0
3057,76,54,716,19.654908851794115,722.5891152796077,4,1,1,France,Male,Regular,0
3058,30,56,623,42.4931926228448,262.1623797260016,2,1,1,Germany,Male,Regular,0
3059,72,25,470,72.45896666462363,210.97521343083477,4,1,0,France,Female,Regular,1
3060,39,57,573,42.26719791141897,853.6880856935304,1,0,0,France,Male,Regular,1
3061,71,61,751,70.28964921643725,574.7033723780131,3,1,1,France,Male,Premium,0
3062,38,53,424,5.210702915619234,538.7257766666629,1,0,1,Spain,Male,Premium,0
3063,39,28,682,105.24358456477303,926.3649277260839,2,0,1,France,Male,Premium,0
3064,45,21,616,38.4600751358399,362.86876942169675,1,0,0,Germany,Female,Premium,0
3065,26,64,406,1.9109910549374207,253.05034047927006,2,1,1,Spain,Female,Regular,0
3066,43,35,762,51.53081611944328,661.9930074244012,1,1,0,Spain,Male,Regular,1
3067,26,47,729,36.42288491084108,243.12935500218768,2,0,1,Spain,Male,Regular,0
3068,32,4,636,12.446763889812082,1126.589395750337,3,0,1,France,Female,Regular,1
3069,27,33,795,72.28639458327538,78.90395329420029,3,0,0,France,Male,Regular,1
3070,41,70,661,135.57900961581265,367.3796627335239,4,1,0,France,Male,Regular,0
3071,75,45,731,19.480827173839117,844.9888976324509,4,1,1,France,Male,Premium,0
3072,74,34,819,34.05259944132202,318.5228356468693,1,0,1,Spain,Female,Regular,0
3073,78,46,705,6.85832808970856,792.5861487273243,3,1,0,Spain,Female,Premium,1
3074,59,12,676,132.82015160646435,725.0854983287365,2,0,0,France,Female,Regular,0
3075,25,9,451,19.194677287031148,290.84371067614563,3,1,1,Germany,Male,Premium,0
3076,41,65,621,10.832278183154594,1159.029002329906,3,0,1,Spain,Male,Regular,0
3077,33,69,513,32.54546241750567,1211.481841127141,3,1,1,France,Female,Regular,0
3078,66,71,364,2.212355672297358,1762.0281483269498,3,1,1,Spain,Female,Regular,0
3079,43,24,569,14.573584280448493,1209.9929343977112,2,1,0,France,Female,Regular,0
3080,44,43,836,3.5027648093384767,1077.8848537805495,3,1,1,Germany,Female,Regular,0
3081,54,59,399,6.8122480938063665,268.5584641863238,3,1,1,Germany,Female,Regular,0
3082,21,46,404,5.948048693869287,585.1616699247066,1,0,0,Germany,Male,Premium,0
3083,67,53,430,102.95056537946404,70.45758476426343,4,0,0,France,Male,Premium,1
3084,41,19,688,133.27457635908166,1721.9465623902315,4,1,1,Spain,Male,Regular,1
3085,36,45,620,32.1723634958293,892.315036232785,4,0,0,France,Male,Premium,0
3086,53,28,737,49.76900868264219,1160.6108087187201,4,1,0,Germany,Female,Regular,1
3087,77,42,318,59.52024616313507,88.5135829757355,2,1,1,France,Male,Regular,1
3088,56,12,524,24.82258172133714,727.1369021278633,1,1,1,Germany,Male,Regular,0
3089,27,20,759,23.11847950415918,225.78367590671314,1,1,0,France,Male,Premium,0
3090,42,0,693,56.284122976213965,311.4193094717204,1,0,1,France,Male,Regular,0
3091,35,18,525,23.637531158675824,955.8784756877712,3,0,1,France,Female,Regular,0
3092,36,59,659,43.49535395041278,81.86742594912637,3,0,1,Germany,Male,Regular,0
3093,53,32,729,36.20020075763484,446.4344094183825,1,1,1,France,Male,Regular,0
3094,27,3,314,37.165277108842126,314.1830968732038,2,0,1,Spain,Male,Premium,0
3095,50,2,845,88.409627048336,925.3559205219162,4,1,1,Spain,Female,Regular,0
3096,72,52,713,60.879438937054395,591.0019598776312,2,1,0,France,Male,Premium,1
3097,67,27,654,161.8044742203425,579.4090475395274,1,1,0,Germany,Female,Regular,0
3098,22,69,756,78.26546009689142,356.4221303083913,4,1,0,Spain,Male,Regular,0
3099,64,71,830,7.879057877994752,2042.7831563722168,4,0,0,Spain,Female,Premium,1
3100,66,54,495,67.06285733272586,362.4175123655245,4,0,1,France,Male,Regular,0
3101,52,62,414,54.77798073617307,217.4440676750776,2,1,0,France,Male,Premium,1
3102,61,13,716,51.92913047370232,203.327023412971,1,1,0,Germany,Female,Premium,1
3103,51,23,651,32.76797335533146,390.18886875914353,3,0,1,Spain,Female,Premium,0
3104,50,68,374,3.225001817425284,434.3658386592058,4,1,1,Germany,Male,Regular,0
3105,72,40,335,151.29387291958244,50.0,4,1,0,Germany,Male,Regular,0
3106,38,59,541,95.50171575965423,2409.510509674574,4,1,0,Spain,Male,Premium,1
3107,34,68,362,33.3552653863505,279.26797292264746,4,1,1,France,Male,Regular,0
3108,39,30,808,8.633274409948779,690.7059150312126,4,0,1,France,Female,Regular,0
3109,65,29,487,86.9980226258711,616.7974980429004,3,1,0,Germany,Male,Regular,0
3110,54,17,392,28.164893397282718,536.1104855171501,4,1,0,France,Male,Premium,0
3111,32,39,304,24.72415495515314,567.9663956146306,4,1,0,France,Male,Regular,1
3112,52,34,737,54.73831947132847,511.10666596150276,3,0,1,France,Male,Regular,1
3113,45,38,465,71.08061788421185,484.06964689139176,2,1,0,France,Female,Regular,1
3114,24,59,745,3.2451019798778167,67.91613810275582,1,0,0,France,Female,Premium,0
3115,49,17,324,72.95538674706829,921.7855484775476,2,1,0,Germany,Male,Premium,0
3116,28,56,807,66.20176580418335,635.6612701438333,4,1,0,Spain,Male,Regular,1
3117,27,30,397,44.48360979254817,1469.6721492830202,2,1,1,France,Female,Regular,0
3118,26,58,567,20.656136224674867,674.329900964313,3,0,1,France,Female,Regular,0
3119,31,1,692,9.004331640256872,1212.4065288599309,4,1,0,France,Female,Regular,0
3120,30,38,584,5.415630617409527,50.0,2,1,1,France,Female,Regular,0
3121,78,72,408,0.05921974186527488,115.07388805221726,1,0,0,France,Male,Premium,1
3122,74,62,326,11.562577605567146,180.15882027029164,2,1,1,Spain,Male,Regular,0
3123,79,17,354,26.495068219663043,581.1955469265226,4,1,0,Spain,Female,Premium,0
3124,42,15,432,13.96217761618678,286.23042290322576,4,0,0,France,Male,Regular,1
3125,19,38,351,18.479257125591605,754.4622388754781,4,1,1,France,Male,Regular,0
3126,52,70,792,24.751913075509606,1063.590521778659,3,1,1,France,Male,Regular,0
3127,24,53,597,18.42742268506742,1223.9098468882364,4,1,1,Germany,Male,Premium,0
3128,38,34,698,64.48035443510095,904.2687468686264,2,1,1,Spain,Female,Regular,0
3129,35,9,317,33.83680796853911,197.89501096935936,1,1,0,France,Female,Premium,1
3130,20,61,545,0.9758179490972648,249.20348425867573,2,1,0,France,Female,Regular,1
3131,59,43,802,12.85235631526307,1107.4019592601305,1,1,1,Spain,Male,Regular,0
3132,71,66,388,61.83482915355233,397.88109954210546,4,1,0,France,Female,Regular,1
3133,78,24,502,17.900257362406077,784.0631803522507,1,1,1,Germany,Male,Regular,0
3134,56,47,539,126.37511813275617,755.9711178885623,3,1,1,Spain,Male,Premium,0
3135,58,31,789,62.35515907079376,101.51910896544973,3,1,0,France,Female,Regular,0
3136,66,3,312,17.11937316809099,190.76572178975576,3,0,1,France,Female,Regular,0
3137,28,47,614,36.325876030445556,2490.638601050442,3,1,0,Germany,Male,Premium,1
3138,56,60,497,55.01654275491569,820.5411004320856,3,1,1,Germany,Male,Regular,1
3139,41,46,542,10.744253912151565,1027.0286630758535,1,0,0,Spain,Male,Regular,0
3140,77,0,806,14.130578651885711,248.99599739238448,1,0,1,Spain,Male,Regular,0
3141,63,2,342,35.37485711262354,408.7739613112911,4,1,1,France,Male,Regular,0
3142,36,70,629,129.4432224791223,95.80975243758748,1,1,1,France,Female,Regular,1
3143,21,63,728,21.08051466497637,706.2904875010776,1,1,0,Germany,Female,Premium,0
3144,43,16,461,25.719124437580387,2000.0,2,0,1,Spain,Female,Premium,0
3145,55,61,734,10.5743508403524,431.18994361429196,4,1,1,France,Female,Regular,0
3146,59,39,532,44.97274949235818,688.1200590878793,1,1,0,Germany,Female,Premium,1
3147,49,12,410,67.38268066165904,271.1830160271208,4,1,0,France,Female,Regular,0
3148,56,34,531,29.04830287875538,2000.0,3,1,1,Spain,Male,Regular,0
3149,62,48,572,69.36461888059941,259.55581874538063,1,1,1,Spain,Male,Regular,1
3150,63,2,340,18.02014587941193,540.4362091382836,2,0,0,Germany,Male,Regular,1
3151,53,55,765,61.376474529451016,374.1877476212188,2,1,1,Germany,Male,Regular,0
3152,57,50,376,14.943523703395453,812.4747677962988,3,1,1,Germany,Male,Regular,0
3153,54,58,789,75.85422811717335,546.3710700975269,2,1,0,Spain,Male,Regular,1
3154,50,15,416,88.7868985697992,1280.8882796408825,2,1,1,Spain,Male,Premium,0
3155,53,17,733,79.90602689970326,361.91412028428607,3,1,1,Germany,Male,Premium,0
3156,20,6,318,12.133689408579091,781.2234640372011,1,1,1,France,Male,Regular,0
3157,26,44,495,59.249283298331555,761.9250181032187,2,1,0,Germany,Male,Regular,0
3158,25,35,750,38.66803710718016,489.67833728706836,2,0,1,Germany,Female,Premium,0
3159,50,35,724,213.56717940297406,334.86655480987605,1,1,1,Germany,Female,Regular,1
3160,76,41,693,22.437696275773465,283.6372144641321,3,1,1,Spain,Male,Regular,0
3161,23,6,583,73.75657444472225,535.4454531019626,2,1,1,Germany,Female,Regular,0
3162,58,14,333,23.107973130684478,273.4407010049334,2,1,1,Germany,Female,Premium,0
3163,56,55,594,25.280087445681517,1126.8541414797455,3,1,1,Spain,Male,Regular,1
3164,21,39,550,5.882462603077112,1149.212433795658,2,1,0,France,Male,Regular,0
3165,30,47,638,13.699556846062258,1619.2073114661537,1,0,0,France,Female,Regular,1
3166,66,65,739,8.985306195455198,676.494274721153,2,0,1,France,Female,Premium,0
3167,77,54,479,8.670106334677817,2000.0,2,1,0,France,Male,Premium,0
3168,19,55,527,0.4528711271422508,1555.5564301102254,2,1,1,France,Female,Regular,0
3169,77,46,322,78.9407725109534,493.3439251814538,1,0,0,France,Male,Regular,1
3170,22,56,626,31.549125420530245,552.247420502279,1,1,1,France,Male,Regular,0
3171,61,5,453,81.5247961997665,298.4091193344185,4,1,1,Germany,Male,Regular,0
3172,44,31,445,47.40847634529633,504.1099977983606,2,1,1,Germany,Male,Regular,0
3173,49,17,551,88.9928282786336,63.80323547279755,1,1,1,Germany,Female,Regular,0
3174,38,72,601,35.035284033091635,139.81535457140683,2,1,1,Spain,Male,Regular,1
3175,25,72,369,4.938062557969122,346.03344552917525,3,1,1,France,Female,Regular,0
3176,55,6,842,47.95516803238969,1639.714048991363,3,1,1,Germany,Male,Regular,0
3177,25,8,392,56.62368792571012,356.547538732023,2,0,0,Germany,Male,Premium,1
3178,67,63,462,49.242421729072966,349.4626357764722,3,0,1,Germany,Male,Regular,0
3179,20,6,380,80.80709551136526,65.7900870964604,1,0,1,Germany,Female,Regular,0
3180,71,53,362,65.7450774708932,785.482109732839,2,1,0,Spain,Female,Regular,1
3181,61,39,735,28.33739737626089,337.08862599114747,2,0,1,Germany,Male,Regular,0
3182,78,2,347,85.49155469172457,965.2409252173,2,1,0,Spain,Male,Regular,0
3183,75,16,744,58.84813455310339,723.7740828764075,4,0,1,France,Male,Premium,0
3184,20,65,373,6.4125103343054874,657.9492598955188,4,1,1,Spain,Female,Regular,0
3185,39,51,841,38.81262784467371,150.71701540660052,4,1,1,France,Female,Regular,0
3186,23,19,456,65.19993542721187,404.2388291068001,2,0,0,France,Female,Regular,1
3187,19,3,786,40.29208194401788,651.4653485322278,2,1,1,France,Male,Regular,0
3188,40,5,565,148.82457937409345,1060.0163141217356,4,1,1,France,Female,Premium,0
3189,61,48,555,5.35094273092549,395.30375151394554,3,1,0,Germany,Male,Premium,1
3190,19,27,338,64.06460019784704,582.4201904123166,1,1,0,France,Male,Regular,1
3191,55,10,354,86.99179992957129,904.6997539154801,3,1,1,France,Female,Premium,0
3192,34,16,327,60.6428063740875,766.7651358619187,4,1,1,France,Male,Regular,0
3193,52,30,417,24.35423458134203,72.86420328747774,1,0,1,Spain,Female,Premium,0
3194,51,34,669,24.345715669565042,735.506740729749,4,1,1,France,Female,Regular,0
3195,40,15,508,44.16305153738414,285.6678538165576,1,1,0,Spain,Male,Premium,0
3196,47,30,615,25.300033824589676,128.32813092401094,1,0,0,Germany,Male,Premium,1
3197,69,61,692,107.35733243421721,271.0709701295192,1,0,1,Spain,Male,Regular,0
3198,25,26,743,5.8227931160955375,601.3351360054255,4,1,0,France,Male,Regular,0
3199,39,34,558,50.965664131370204,1169.5712430873486,4,0,1,Germany,Male,Regular,0
3200,61,44,497,7.200156419644807,102.55309906974556,1,1,1,Germany,Male,Premium,0
3201,75,34,744,38.84381232961344,301.5093618647691,2,0,1,Germany,Male,Regular,0
3202,53,27,604,62.865374381746555,870.0218237163783,2,0,1,Germany,Male,Regular,0
3203,22,8,638,9.04678087619645,953.8650134859503,2,0,1,Germany,Male,Regular,0
3204,30,14,828,60.87540328596057,298.7810372328681,2,0,1,France,Male,Premium,0
3205,46,20,353,7.539983524108264,1043.3015467254,3,1,1,Spain,Female,Regular,0
3206,48,51,411,48.452115719349734,333.84699256217516,3,1,1,France,Male,Regular,0
3207,64,41,718,35.21576859682546,593.4076822963424,2,1,1,France,Female,Regular,1
3208,74,45,604,17.69643262324531,409.04677132573323,4,1,0,Germany,Male,Premium,1
3209,72,54,737,5.913773954948516,397.1542300715863,2,1,1,Spain,Female,Premium,0
3210,33,43,384,66.5626913448453,496.9735735342055,1,1,1,France,Male,Premium,0
3211,59,64,823,24.047577653329252,493.2380742240964,1,0,0,Germany,Male,Regular,0
3212,79,24,551,4.52527976639512,543.0326653720224,4,1,1,France,Female,Premium,0
3213,47,46,425,74.09388333098337,488.4676436277387,1,1,1,Spain,Female,Regular,0
3214,74,55,704,13.25655886859586,1131.881916444472,2,1,1,France,Female,Premium,0
3215,72,37,603,66.67599840907398,380.9596010887939,2,1,1,France,Male,Premium,0
3216,33,10,327,41.60881845642268,542.9126572960836,4,1,0,France,Male,Regular,0
3217,29,66,565,10.816404693582323,211.24201069090523,4,1,1,France,Female,Premium,0
3218,34,14,351,3.974120122326139,261.8302929256154,4,1,0,Spain,Male,Premium,0
3219,33,-3,810,44.977705612043465,364.74239051401906,3,1,0,France,Female,Regular,1
3220,29,6,506,1.2767547712403815,196.35468480668638,1,1,0,France,Female,Regular,0
3221,25,0,810,3.3852824191446973,689.6901350296533,1,0,1,France,Male,Regular,0
3222,37,48,500,60.569861861742226,136.51255590866816,3,1,1,Spain,Female,Premium,0
3223,20,72,583,38.70418052602265,854.56281594783,1,1,1,France,Male,Premium,1
3224,33,28,656,19.74816718303174,805.644821527947,4,0,1,Germany,Male,Regular,0
3225,47,25,346,38.74259054552541,178.15541679044503,1,1,1,Spain,Male,Regular,0
3226,62,44,436,44.78144911843385,214.5762267262775,2,1,1,France,Male,Premium,0
3227,40,70,429,41.65333138503006,632.3509230878609,3,1,1,France,Male,Regular,0
3228,45,11,494,51.43855047120972,526.352397258395,3,1,0,France,Male,Regular,0
3229,68,31,663,140.9111975826004,864.4214799081383,1,0,1,Germany,Male,Regular,0
3230,57,30,731,24.61471309194784,270.57727969159896,3,1,0,Germany,Male,Premium,1
3231,71,50,368,17.916058730056644,320.2180582073292,1,1,1,Spain,Female,Regular,0
3232,22,48,757,1.9596510504044398,74.45825608092875,1,1,0,France,Female,Regular,1
3233,37,66,839,7.954069105911779,586.2277548933026,2,1,1,Spain,Male,Regular,0
3234,57,0,634,5.616448948341389,244.2169677111921,2,0,1,Germany,Female,Premium,0
3235,73,26,825,20.431820584427385,241.67867952219933,1,1,1,Germany,Female,Regular,0
3236,61,39,315,47.07923839359561,754.2998435335069,3,1,0,Germany,Male,Regular,0
3237,18,13,755,2.3720829751001418,281.7654139567126,3,0,0,France,Female,Regular,0
3238,74,68,809,65.03611846076511,797.2229110705085,2,1,1,Spain,Female,Regular,0
3239,47,5,508,25.32781667325958,277.20605047788206,1,1,1,Spain,Male,Premium,0
3240,38,32,457,165.5283373139652,333.85728115838987,1,1,0,Spain,Female,Regular,0
3241,37,54,636,42.011061716128154,592.3369953425481,2,1,1,France,Male,Regular,0
3242,23,18,540,73.7808339258631,734.726543695348,1,1,1,Germany,Female,Regular,0
3243,39,28,357,98.72930130258503,847.6522798753501,2,1,0,France,Female,Regular,1
3244,35,60,604,109.84206813510369,198.3995655291195,1,1,1,France,Male,Premium,0
3245,25,69,644,36.538480549090664,356.3515952512525,3,0,1,France,Female,Regular,0
3246,56,23,313,25.27056193785556,263.95105154669096,2,1,1,Germany,Female,Regular,0
3247,49,22,658,41.107583433467134,979.1894823139825,1,1,1,France,Female,Premium,0
3248,50,9,676,25.71411302096407,579.4720500701075,1,1,1,France,Female,Premium,0
3249,70,53,542,13.76890187703854,223.1886597580336,2,1,1,France,Male,Regular,0
3250,33,53,444,19.572180555279296,581.7893073700384,4,0,0,Germany,Male,Regular,1
3251,29,48,714,13.248423278385712,52.67181736723528,4,1,0,France,Female,Regular,0
3252,55,16,693,15.697033618674608,65.61125266112818,1,1,0,France,Female,Regular,0
3253,69,53,657,4.914155276564859,280.80748411747334,1,1,0,France,Male,Regular,1
3254,51,44,457,27.79661707141905,55.73388136247667,1,1,1,France,Male,Premium,0
3255,78,29,317,13.412531689017596,1797.6290295577314,4,0,0,Germany,Female,Premium,0
3256,31,43,646,29.743574873646565,648.3043655951551,2,0,1,Germany,Male,Regular,0
3257,53,54,357,78.55853513225952,759.7321189102194,4,1,1,France,Male,Regular,0
3258,50,18,454,29.73866250936572,386.55351248442463,3,0,1,France,Female,Regular,0
3259,40,28,786,154.62523387504518,1022.4215680752047,4,0,1,France,Female,Premium,0
3260,67,1,830,7.998866606370503,410.0226673165292,4,1,1,Spain,Male,Premium,0
3261,62,35,786,94.9444076379798,307.2506134441971,1,0,1,France,Female,Regular,0
3262,19,18,450,14.268112537535771,433.9099452792566,2,1,1,France,Female,Regular,0
3263,58,6,658,135.85463622950303,82.71665786525155,2,0,1,Spain,Male,Premium,0
3264,38,25,667,12.883380769707149,674.2666058760204,4,1,1,France,Male,Premium,0
3265,19,36,346,68.71073790215931,979.5129392548145,1,1,0,Germany,Male,Regular,1
3266,44,2,506,3.206551587830769,336.7119211101975,2,1,1,France,Male,Regular,0
3267,74,72,749,49.6874088265303,1748.5409872758653,1,0,0,Spain,Male,Regular,1
3268,26,70,782,12.338154078411465,577.5672261393629,4,1,1,France,Female,Regular,0
3269,18,42,442,55.45928073683293,421.9448345753655,2,1,1,France,Male,Premium,0
3270,28,61,699,50.50663342717395,491.9728371266768,3,0,1,Germany,Female,Premium,0
3271,20,70,396,128.6514170158518,440.04850305155657,4,0,1,France,Male,Premium,0
3272,69,29,346,49.26548785753715,477.0281151796174,4,1,1,Germany,Female,Regular,1
3273,79,38,490,26.23345111969378,1180.5981126506158,3,1,1,France,Female,Regular,0
3274,40,67,439,10.756772895991867,693.736550753011,4,1,1,France,Female,Regular,0
3275,43,43,530,53.56702953810858,563.9171555080694,3,1,1,Germany,Female,Premium,0
3276,21,4,639,6.18565063402733,707.1792344695666,3,1,1,Germany,Female,Regular,0
3277,35,54,790,88.16350666758795,564.8904600121604,4,1,1,Spain,Female,Regular,0
3278,72,29,348,14.206721767482067,197.81799478200588,3,1,1,France,Male,Regular,0
3279,23,28,752,37.13356501656194,753.0439897699142,3,1,0,Germany,Female,Premium,0
3280,52,25,615,45.310498734932025,848.1588448849471,4,1,1,France,Female,Regular,0
3281,39,25,621,22.50926503677725,1458.0180308331837,4,1,1,Germany,Female,Regular,0
3282,60,31,386,54.513426378743446,701.7510860365244,3,0,0,Germany,Male,Regular,1
3283,32,52,773,14.398569641186187,543.5244762451485,1,1,1,Germany,Female,Regular,0
3284,39,29,581,1.7619105291046795,656.0178120063173,4,1,0,France,Female,Regular,0
3285,77,2,373,160.0367388307966,428.2292996918998,4,1,1,France,Male,Regular,0
3286,54,42,752,19.286494105872286,1210.9846068045865,1,0,1,France,Female,Regular,0
3287,69,6,346,62.49424676602501,1728.6289337569963,4,1,1,Spain,Female,Regular,0
3288,59,48,395,35.41645290500296,667.677860786332,1,1,0,France,Male,Premium,0
3289,29,72,330,55.281645348780565,553.5019385445636,2,0,0,Spain,Female,Regular,0
3290,64,40,833,5.879332138643291,246.01107787069282,4,1,1,France,Female,Premium,0
3291,66,53,316,36.57858954643218,818.6795337116131,4,1,0,Germany,Female,Regular,0
3292,59,64,511,24.897078499071824,1986.897370535883,2,1,0,France,Male,Regular,1
3293,55,26,534,30.06027583143831,222.17154386807434,4,1,1,France,Female,Regular,0
3294,35,7,691,169.3770521850043,558.3128869744828,3,1,1,Spain,Female,Premium,0
3295,62,44,653,7.3258473346997075,1149.922954752044,3,0,0,Germany,Male,Premium,1
3296,52,63,604,70.26370234419322,1917.61959126011,2,1,1,France,Male,Regular,0
3297,47,9,849,20.049466531022354,616.2438853666735,3,1,1,Spain,Male,Premium,0
3298,41,12,839,17.149732201156265,58.69360394576394,2,1,1,Germany,Male,Regular,0
3299,59,62,808,15.788811908278369,405.3017337547035,3,0,1,Germany,Female,Premium,0
3300,47,34,694,21.44550686672966,2000.0,4,0,0,Germany,Male,Regular,0
3301,31,60,730,22.089631178157486,549.5295937129077,3,1,1,France,Male,Regular,0
3302,23,53,476,15.786728176653316,498.41690853501643,4,0,1,France,Female,Regular,0
3303,20,7,705,55.05474054492508,193.82155520225695,3,1,1,France,Male,Regular,0
3304,33,28,600,2.44491264480349,779.0290568312503,2,0,1,France,Male,Regular,0
3305,24,36,744,20.195351562469202,536.3633406730712,3,1,0,Germany,Male,Premium,1
3306,69,29,426,16.439483640179763,902.2731105622778,4,1,1,France,Female,Regular,0
3307,31,20,648,69.59912953329716,424.82714968289105,2,1,1,France,Male,Premium,0
3308,26,10,320,7.920401542759642,143.3874070014291,3,1,0,Germany,Male,Regular,0
3309,32,2,719,141.24645842211703,1639.2520446140177,1,1,1,France,Female,Premium,1
3310,38,46,451,9.347730363541116,495.3551815422368,1,1,1,France,Female,Premium,1
3311,52,40,459,23.103944778069817,127.80664808768569,2,1,1,France,Male,Regular,0
3312,19,65,779,11.138443165871422,417.5694322617624,1,1,1,Germany,Male,Regular,0
3313,44,4,742,16.892515329226253,1187.3980717320237,1,1,0,Germany,Male,Regular,1
3314,19,50,395,71.56975412337249,131.523788712985,3,1,0,Spain,Female,Premium,0
3315,52,67,651,32.35181285461745,266.5885676642983,3,1,1,Spain,Male,Regular,0
3316,35,37,374,8.871221404934387,974.3626112039735,4,1,0,France,Male,Regular,1
3317,31,29,658,2.3878660156565723,141.2840017502771,3,0,1,France,Female,Regular,0
3318,37,10,432,13.062798253978528,331.95879906327656,2,1,1,France,Male,Regular,0
3319,35,16,699,145.5721101135314,111.9835336807724,4,1,0,Germany,Female,Regular,0
3320,27,25,438,93.31878948149973,278.9204664536671,4,1,1,France,Female,Regular,0
3321,42,22,545,29.006437519212337,806.4910186711072,3,1,1,France,Female,Regular,0
3322,19,55,590,32.888540636134564,1946.4187991494084,4,1,1,France,Male,Premium,0
3323,42,51,411,114.81332456295897,89.78081922130472,4,1,1,Germany,Female,Premium,0
3324,78,47,469,44.74424676896444,276.13713480678473,3,1,0,France,Male,Premium,0
3325,71,19,539,106.33381317134476,660.4944745713697,2,0,1,France,Female,Regular,0
3326,50,1,636,33.8478578917079,712.4484439366414,3,1,1,France,Male,Premium,0
3327,53,30,437,11.163279132913189,1020.9281145357814,1,0,1,Spain,Male,Regular,0
3328,48,26,535,64.71803557683909,713.353029547091,4,0,1,Germany,Male,Regular,0
3329,31,1,302,37.36890449465927,212.24052210748064,3,0,1,France,Male,Regular,0
3330,18,9,415,55.19726117127313,551.8830693295355,2,0,0,France,Male,Regular,1
3331,63,12,771,8.553114052093292,52.12886683093814,2,1,1,France,Male,Regular,0
3332,33,34,430,52.14967491052784,270.65608205810076,4,1,1,France,Male,Premium,0
3333,71,69,782,24.08415021206253,929.8505664856456,1,1,0,France,Female,Regular,1
3334,63,65,700,20.173187069802694,747.4217217543458,3,1,1,France,Female,Regular,0
3335,78,5,500,55.65719937146092,350.3125457820567,1,0,1,Spain,Female,Regular,0
3336,69,30,591,44.85371691467478,2000.0,3,1,0,France,Male,Premium,0
3337,20,9,641,52.36375838552826,222.31081263507107,2,1,0,France,Female,Premium,0
3338,52,20,515,168.09844529929325,521.1794528733778,2,1,1,France,Female,Regular,0
3339,58,22,665,60.39845052149408,725.9621808959702,4,0,1,France,Male,Regular,0
3340,23,2,768,51.20757439772359,171.4548344106964,1,0,0,France,Female,Premium,0
3341,42,31,717,47.53803283510316,266.68077729988175,2,1,1,France,Male,Premium,0
3342,30,19,326,25.434249939777608,195.319698844648,4,1,0,France,Male,Premium,0
3343,70,28,754,91.37711257854323,694.3944364300243,2,1,1,France,Male,Regular,0
3344,51,51,313,23.977541150940272,96.84367181176263,3,0,1,Spain,Female,Regular,0
3345,25,55,397,60.239262434401816,1480.2402096734695,1,0,0,France,Male,Regular,1
3346,38,33,578,17.346390435689134,227.16368309103407,1,0,0,France,Male,Premium,0
3347,51,60,789,7.994146326668089,1493.8672943959618,3,1,1,Germany,Female,Regular,0
3348,21,71,506,6.949502187912975,329.699339668908,3,0,1,France,Female,Regular,0
3349,42,68,532,50.332502168845274,2542.4440854390987,1,0,1,Spain,Male,Premium,1
3350,32,64,538,19.871493648461136,905.3395628216957,4,1,1,Spain,Female,Regular,1
3351,21,10,549,16.082580535193376,407.5164656238687,4,0,1,Germany,Male,Regular,0
3352,62,62,605,44.831676512057776,312.6637751320919,2,1,1,Spain,Female,Regular,0
3353,77,20,762,1.3002485842060143,888.3172980824353,4,1,0,France,Female,Regular,0
3354,29,2,535,14.133111447728105,569.573007315061,1,0,1,France,Female,Premium,0
3355,49,9,590,20.81725040661499,598.2821849370408,4,1,1,Spain,Female,Regular,0
3356,49,26,338,61.614085787895775,384.88437032308315,3,0,1,Germany,Female,Regular,0
3357,45,11,482,39.373030052708756,502.72183153393206,1,1,0,Germany,Female,Regular,0
3358,30,1,329,96.8931467398627,1206.165466941653,2,1,0,France,Male,Regular,1
3359,48,16,687,20.361310121129613,744.8020406773859,1,1,1,France,Female,Regular,0
3360,31,64,442,17.580176429130468,353.5208865168051,1,1,1,France,Male,Regular,0
3361,37,63,718,1.6880474865649273,1064.3028604151737,4,0,1,France,Male,Regular,0
3362,35,24,373,151.53409868798386,151.7827677641592,4,1,0,Germany,Female,Regular,1
3363,46,14,354,34.806796761553066,311.4605296466316,4,1,0,France,Female,Regular,0
3364,77,32,323,34.910389663759396,1462.1064405472184,2,1,1,Germany,Female,Regular,0
3365,80,61,321,128.48150924771855,627.1803760889723,2,0,1,France,Male,Premium,0
3366,23,47,727,17.1187577456642,803.1809521224809,2,1,0,Germany,Female,Regular,1
3367,49,34,331,20.181299769090977,868.4908716159284,2,1,0,Spain,Male,Premium,1
3368,46,64,638,53.40624361355712,228.84300935961738,3,1,0,Germany,Female,Regular,0
3369,60,71,814,76.89679904016464,197.6094165442259,1,0,1,France,Female,Premium,0
3370,79,24,811,60.083892891979,298.35414593670794,4,1,1,Germany,Female,Regular,0
3371,19,56,369,77.7281441054323,2000.0,1,1,1,Spain,Female,Regular,0
3372,77,31,387,42.796017623505314,1077.7529896320707,1,1,1,France,Female,Regular,0
3373,40,67,518,99.32433675647304,104.39280486053526,1,0,1,Germany,Male,Premium,1
3374,36,11,569,39.937245114019035,2000.0,4,1,1,France,Male,Regular,0
3375,48,62,377,13.0254401164538,1044.7243513263272,1,0,1,Germany,Male,Regular,0
3376,68,-2,309,39.011685091218304,514.8951951696106,3,1,0,France,Male,Premium,1
3377,22,50,767,62.404017357434704,1305.57584907414,4,0,0,France,Male,Premium,0
3378,36,69,635,53.004495688116116,350.90607651589755,3,0,1,France,Female,Regular,0
3379,51,7,485,13.920708487032151,177.33729562654338,4,1,1,France,Male,Premium,0
3380,27,67,845,2.097288995076654,303.01931505470964,1,1,1,Spain,Male,Regular,0
3381,42,9,420,14.549761772031719,1819.269646579429,1,1,1,Germany,Female,Premium,1
3382,19,38,573,206.88997365921597,829.7389693968879,1,0,1,Germany,Female,Regular,0
3383,79,22,709,10.195623017065722,234.4833747556844,3,1,1,France,Male,Premium,0
3384,28,67,657,31.215746891138433,940.1657136447749,1,1,1,Germany,Female,Premium,0
3385,67,51,397,50.85333852697411,662.0828775359103,2,1,1,France,Male,Regular,0
3386,78,3,540,105.79415100492598,183.55063403354134,3,1,1,France,Female,Regular,0
3387,48,54,413,71.40972965525783,1724.9028799956875,2,0,0,France,Male,Regular,1
3388,73,20,786,119.8190290844496,407.31611198558375,4,1,1,France,Female,Regular,0
3389,32,55,540,46.36552303075722,461.4766940664085,2,1,0,France,Female,Regular,0
3390,26,65,455,100.24224175342798,985.6259261684426,2,1,0,France,Male,Regular,0
3391,40,58,651,15.31559319491054,105.84202280522692,3,1,1,Spain,Male,Regular,0
3392,36,6,343,28.15551803227328,251.838207727675,4,1,1,Spain,Male,Regular,0
3393,26,48,611,92.8220918273174,377.63350710851563,2,1,1,France,Female,Premium,0
3394,52,15,437,19.693900017192654,801.3749704325902,1,0,1,France,Male,Premium,0
3395,38,15,735,102.4833203704905,239.83982267505218,1,1,1,France,Male,Regular,1
3396,26,33,442,22.558314002723208,296.25200065175477,4,1,1,France,Male,Regular,0
3397,45,32,598,22.580272226921945,1707.3531209949326,2,0,1,France,Female,Regular,0
3398,79,25,561,18.48315449553477,544.4079912747397,3,1,1,France,Male,Regular,0
3399,63,60,811,39.586875910368576,492.92516839205484,4,1,0,France,Female,Regular,1
3400,68,62,361,6.909611238013456,586.6858777402343,4,0,1,Spain,Female,Regular,0
3401,24,40,722,1.8644668691362578,156.05054536527064,4,0,0,France,Male,Regular,0
3402,33,57,695,113.85219323435469,1240.2515233387808,4,0,0,France,Female,Regular,0
3403,33,9,330,132.21030629902074,931.8760619907398,1,1,1,France,Female,Regular,0
3404,77,23,629,3.9613961708325833,542.1411105479375,3,1,0,Germany,Male,Premium,1
3405,50,49,468,39.89179109451566,929.1528286769934,1,1,0,Germany,Female,Premium,1
3406,21,56,565,38.791903552298265,255.62760516093036,4,1,1,Germany,Male,Regular,0
3407,21,13,607,23.295057231175136,1880.1666529825768,3,0,0,Germany,Female,Regular,1
3408,56,59,758,42.07131895813084,348.8645462170197,1,1,0,Germany,Male,Premium,0
3409,57,8,484,30.635474842960758,1393.8125969689754,2,1,1,France,Female,Regular,0
3410,34,35,633,33.63145754013495,338.8551064888689,2,1,1,France,Male,Regular,0
3411,54,72,814,70.39364012183866,614.213343398762,4,1,1,Germany,Male,Regular,0
3412,56,45,740,37.32320683052427,716.2215279749089,2,0,1,France,Female,Premium,1
3413,77,47,690,19.552827546446142,440.8815920195344,3,0,1,Germany,Male,Premium,0
3414,69,50,553,43.54867624952974,460.3011168711245,4,0,1,France,Male,Regular,0
3415,46,64,634,51.18739401268275,1211.1499863432668,2,0,1,Spain,Male,Premium,1
3416,69,72,699,54.2815472049235,1351.017318937108,3,1,0,France,Male,Regular,1
3417,53,24,465,48.15688720007509,443.5970404326737,1,1,0,Germany,Male,Regular,1
3418,77,5,559,54.62198363740263,302.0715401124658,1,1,1,France,Female,Regular,0
3419,55,25,303,18.55990797577964,370.71159777337175,3,0,1,France,Male,Premium,0
3420,56,2,418,29.541617090683523,830.8990194352425,2,0,1,Spain,Female,Regular,0
3421,67,51,769,55.23747956014823,416.3454431777285,3,1,0,France,Female,Regular,0
3422,80,59,769,70.19615014913703,63.60622535734441,3,1,0,France,Male,Premium,0
3423,54,62,792,28.470970597699193,91.9833903250625,3,1,0,France,Male,Regular,0
3424,69,64,799,22.73272902648573,326.0486415384251,1,1,1,France,Male,Regular,0
3425,80,51,369,62.91839700738514,825.1312032173792,1,0,0,France,Male,Premium,0
3426,79,13,669,12.562568788566846,907.4472792186041,1,1,1,Germany,Male,Premium,0
3427,78,71,480,0.47687667785276155,676.8900431499178,2,1,1,France,Female,Premium,0
3428,52,70,304,31.854035031242034,2084.7163349119046,4,0,1,France,Female,Premium,1
3429,24,27,496,9.520095040619136,355.09261086039356,1,0,1,France,Male,Premium,0
3430,44,70,346,23.76349430623663,957.440792233913,1,1,1,France,Male,Premium,0
3431,45,9,439,17.211503062302366,430.7238176151261,3,0,1,Germany,Male,Premium,0
3432,39,56,839,75.08792928058178,957.389183704427,2,1,1,Spain,Male,Regular,0
3433,31,65,726,20.1291008655603,168.1653203638994,3,1,1,Spain,Female,Regular,0
3434,24,49,609,51.176510499025184,407.86151509532766,3,0,0,Spain,Female,Premium,0
3435,54,13,573,56.029491247953786,649.1106770847389,3,1,1,Germany,Male,Regular,0
3436,78,15,838,30.482073236940288,249.15717802684728,3,1,1,France,Male,Premium,0
3437,39,53,689,4.2276982466515785,608.6571463953638,1,0,1,Germany,Male,Regular,0
3438,22,44,758,60.259524949997214,2076.855900033365,2,0,1,France,Female,Premium,1
3439,79,41,660,3.9071543663469814,169.30447257148532,1,1,1,France,Female,Premium,0
3440,72,21,368,5.224320428965646,753.3941012063309,4,1,1,Germany,Female,Regular,0
3441,19,67,730,10.907636857023856,447.88255535801125,3,1,1,Spain,Male,Premium,0
3442,79,18,331,16.451307230164527,50.0,1,1,1,France,Male,Regular,0
3443,44,65,812,93.6870052779866,642.4273610796984,2,1,1,France,Female,Regular,0
3444,38,38,481,56.18447198901357,965.289316592038,4,0,1,Germany,Male,Regular,0
3445,71,72,547,24.486876479990915,425.8192139066495,1,1,1,France,Male,Premium,0
3446,55,18,596,192.28239724610955,816.3022291504432,1,1,1,Spain,Male,Regular,0
3447,32,29,329,13.959415161677702,559.875453251308,4,0,0,France,Male,Regular,1
3448,38,53,601,47.056636164657014,861.8235244458793,2,1,0,Germany,Male,Regular,0
3449,27,24,775,93.93588712966692,308.5047943623267,4,0,0,Germany,Female,Regular,0
3450,40,17,651,80.98011424371495,1163.8153836447798,4,0,1,France,Female,Premium,0
3451,75,27,781,4.732446095285848,1119.356643534799,3,1,1,France,Male,Regular,1
3452,73,10,616,59.7463955943648,1136.2354227288374,3,1,0,Spain,Male,Regular,0
3453,56,37,696,14.911121740846822,104.54902444990425,4,1,0,France,Male,Regular,1
3454,22,67,388,21.982139227804627,1197.5781429471217,3,1,1,France,Male,Premium,0
3455,18,24,533,33.56849993540542,167.98789325081958,2,0,1,France,Male,Premium,0
3456,30,60,467,78.21131816174098,650.9002136968451,1,1,1,Germany,Male,Regular,1
3457,38,29,425,9.088172188543155,730.4162745451943,4,1,1,France,Male,Premium,0
3458,43,44,419,5.745590050901538,334.4995917113404,3,1,1,Germany,Male,Regular,0
3459,67,60,727,8.328783526833645,793.9672388563727,2,0,0,France,Male,Premium,0
3460,62,50,489,12.309321522034704,811.0185674772168,2,1,1,Spain,Female,Regular,0
3461,38,8,727,3.067280066696732,561.7255713246366,2,1,1,France,Male,Regular,0
3462,70,1,501,130.42594910119314,2000.0,4,1,1,France,Male,Regular,0
3463,35,4,358,19.215772885163236,1061.440686691199,3,0,1,Spain,Male,Regular,0
3464,54,66,522,9.73847337012758,344.4288367663708,2,0,1,France,Male,Regular,1
3465,62,68,791,50.7826585564248,742.7745743321548,3,1,1,Spain,Female,Regular,0
3466,49,51,310,77.32224458429053,575.4729574926926,1,1,0,France,Male,Premium,0
3467,53,6,811,69.96577154496858,325.0075824279753,2,1,0,France,Female,Regular,1
3468,34,58,609,63.41795668108006,1019.5301192814599,2,1,1,Germany,Female,Regular,0
3469,52,67,333,2.592565946818154,1155.8432631847772,3,1,1,Germany,Male,Premium,0
3470,66,8,639,76.19961117942161,401.9394669012802,3,0,0,France,Female,Regular,0
3471,77,21,780,34.8455769690138,1180.9962042086652,3,1,1,Spain,Female,Regular,0
3472,28,26,392,52.360707843300794,339.6617347580821,1,1,0,Germany,Female,Regular,0
3473,80,9,432,156.66315355934657,458.7247902675836,4,1,1,France,Male,Regular,0
3474,38,60,718,83.21385812386038,580.0706689618268,3,1,1,France,Male,Regular,0
3475,69,49,767,87.25486673570963,1253.0701721288106,2,1,0,Spain,Male,Regular,1
3476,72,9,743,10.012091636623122,665.4637601074736,1,1,1,France,Female,Regular,0
3477,70,5,329,32.352997713626074,634.3695132932688,3,0,1,Spain,Male,Premium,0
3478,43,61,597,149.11660788442555,512.9469476614614,3,1,1,France,Male,Regular,0
3479,79,4,360,43.695727534880305,523.6409909871309,2,1,1,France,Male,Regular,0
3480,21,69,757,5.411919848553223,1410.410261659037,2,0,0,France,Male,Premium,0
3481,51,67,603,65.80481145780703,1239.5062646101164,3,1,0,France,Female,Regular,1
3482,69,55,639,2.193772532196026,624.7830040093036,1,1,0,France,Male,Regular,0
3483,65,58,747,67.79742780197489,1107.7612041768298,3,0,1,France,Male,Regular,0
3484,77,62,601,105.91852775210326,835.6998341477911,4,0,1,France,Male,Regular,0
3485,35,58,839,27.691017999508823,238.34318418698174,1,1,1,France,Male,Premium,0
3486,57,50,784,26.68875320818663,628.7892138642377,2,1,0,Germany,Male,Regular,0
3487,52,49,376,18.135468386349594,1008.2286628609743,2,1,1,Spain,Male,Regular,0
3488,58,3,814,104.75346511592973,302.1615172298333,1,1,1,France,Female,Regular,0
3489,46,47,848,39.67983364714693,775.8871587835353,1,1,1,Germany,Female,Premium,0
3490,69,38,391,43.28700360893593,802.3094502872991,2,1,1,France,Male,Regular,1
3491,46,50,765,54.19220252316269,490.9123948282489,4,0,0,France,Female,Regular,0
3492,55,53,765,17.85024617329065,951.8678042223049,1,1,0,Germany,Male,Regular,1
3493,59,40,339,28.35095851645393,737.5020744717249,2,1,1,Spain,Female,Regular,1
3494,38,35,628,67.66344034411546,817.1207590129411,3,0,1,Spain,Male,Regular,0
3495,59,69,584,211.63541558573195,209.30395408346322,1,0,0,France,Male,Regular,0
3496,30,42,365,1.7453894431898427,545.7292301853618,4,1,1,Germany,Female,Regular,0
3497,66,25,408,2.1792329597075284,535.8802167827293,1,1,1,France,Male,Regular,1
3498,58,58,714,27.93802486354535,319.21894931066936,4,1,1,France,Female,Regular,0
3499,34,52,391,53.8849014452175,57.87942315719696,2,1,1,Spain,Female,Regular,0
3500,73,13,667,24.417718937898407,385.1068931353141,1,1,0,France,Female,Premium,1
3501,26,40,722,250.0,679.87541500721,1,0,1,Germany,Male,Regular,0
3502,58,46,539,10.867969225721763,847.8813058846414,4,1,1,France,Male,Regular,0
3503,18,53,734,0.39785156913472564,529.3662676223802,4,1,0,Spain,Female,Premium,0
3504,19,54,511,10.544037531453865,781.2319398479239,3,1,1,France,Female,Regular,0
3505,77,31,699,108.94867608229303,805.2031102963457,4,1,0,France,Female,Premium,1
3506,65,61,825,7.841404294770077,173.06488903623514,2,1,1,France,Male,Regular,0
3507,46,58,767,32.59784160395457,376.2428077976348,1,0,1,France,Male,Regular,0
3508,50,64,469,27.173999461423016,1084.6095825334573,4,1,1,Germany,Female,Regular,0
3509,27,67,509,54.78961163199925,658.3363124520896,3,1,1,France,Male,Regular,0
3510,67,29,555,2.8071246077184515,743.0988143278146,3,0,1,Germany,Female,Regular,1
3511,75,17,372,53.757021688803164,115.34484446831587,4,1,1,Germany,Female,Regular,0
3512,77,25,446,21.90599941044769,358.9677219738394,3,1,1,France,Female,Regular,0
3513,57,18,639,130.21124554569516,103.01599229360899,1,1,1,Germany,Female,Regular,0
3514,38,65,616,94.48647793623495,1207.3935276581688,2,1,0,Spain,Female,Premium,1
3515,45,56,453,25.500152148716555,397.8330825767139,3,1,1,France,Male,Regular,0
3516,28,5,554,247.32561769992762,191.63828140835938,4,1,1,France,Female,Regular,0
3517,72,13,650,2.667072292306865,1672.7605284715278,4,1,0,France,Female,Regular,1
3518,51,11,846,77.70778149769149,277.0133260875681,1,1,0,France,Female,Premium,1
3519,25,50,611,28.44362078373034,218.74847134786341,2,0,1,Germany,Male,Regular,0
3520,76,34,433,28.396714699886775,998.4163029845489,4,1,0,France,Female,Regular,1
3521,39,46,428,9.324539688538842,1054.204243382859,2,1,1,France,Female,Regular,0
3522,25,54,735,36.16794155016835,343.3643396148093,3,1,1,France,Female,Regular,0
3523,66,63,579,4.426180366966941,1048.2505151299529,1,1,1,Germany,Male,Regular,0
3524,32,9,657,47.93084637256382,502.980722991993,3,1,1,Germany,Female,Premium,0
3525,34,50,551,13.826586188071671,771.6557695081179,2,1,1,Germany,Male,Regular,1
3526,77,11,434,64.523405864861,310.42149010774847,4,0,1,France,Female,Premium,0
3527,40,32,822,46.74329921287206,599.9664027619069,4,0,1,Germany,Female,Regular,0
3528,41,70,618,68.6008403605648,146.65714824843798,1,1,1,France,Female,Premium,0
3529,62,16,379,69.2631586956531,613.4816155585762,3,1,1,Germany,Female,Regular,0
3530,36,60,490,10.951914797174812,113.28209444639867,2,1,1,Spain,Male,Regular,0
3531,22,9,752,0.033747860949019395,204.86444026573437,4,0,0,France,Female,Premium,0
3532,49,35,643,22.76649164773712,1021.2161147105195,4,1,0,France,Female,Regular,1
3533,61,59,329,125.70805028114533,478.90973211306425,1,0,1,Germany,Male,Regular,0
3534,18,69,713,43.125578416564416,1378.4785367003824,1,0,1,Spain,Female,Regular,0
3535,40,16,667,65.00620124988646,774.5196918912429,3,0,1,Spain,Male,Regular,0
3536,54,44,801,105.83447051835546,277.40456278046986,4,1,0,France,Male,Regular,1
3537,25,36,320,118.25401727121871,623.7371422505516,3,1,1,France,Male,Regular,0
3538,30,61,848,37.64752994693874,853.1199543262372,2,1,1,Germany,Male,Regular,0
3539,25,71,545,38.9289450109504,569.0672092590462,3,1,1,Spain,Female,Regular,0
3540,74,28,582,95.16992978651277,599.8098806180127,1,1,1,France,Male,Regular,0
3541,40,31,531,82.37917336426685,266.4914458446605,3,1,1,France,Female,Premium,0
3542,60,13,615,60.0087678391797,381.0682982882213,1,0,1,France,Female,Regular,1
3543,18,19,635,46.37571077430671,747.753230202699,4,0,1,France,Female,Regular,1
3544,62,47,710,48.01410365518367,493.4781967722345,2,0,0,Spain,Male,Regular,1
3545,68,32,544,22.542322833935227,119.07510002039125,4,0,0,France,Male,Regular,0
3546,41,17,686,91.91669492912744,131.20153026462214,3,1,1,Spain,Male,Regular,0
3547,52,36,657,48.08790741715434,885.9456435479599,4,1,0,France,Female,Regular,0
3548,41,9,321,12.649738822156529,987.457251301218,1,1,1,Spain,Male,Regular,1
3549,34,63,318,13.711532723659161,343.26276132288194,4,1,0,Germany,Female,Regular,0
3550,22,0,586,98.88145059268986,135.33325433299578,2,0,1,France,Female,Regular,0
3551,37,62,575,49.135891180163604,995.9089438214255,1,1,1,Germany,Female,Regular,0
3552,38,33,371,25.43340833987115,892.3692642503675,2,0,1,France,Female,Regular,0
3553,57,9,664,10.357405610683506,638.1685300003685,3,0,0,France,Male,Regular,0
3554,75,20,634,47.108123540083255,58.84216456958378,2,1,0,France,Female,Premium,1
3555,48,55,498,10.186068202356187,610.9596737780234,1,0,1,Spain,Female,Premium,0
3556,63,36,316,31.759673767463315,395.4707090957626,1,0,1,France,Female,Regular,0
3557,53,28,517,56.58424037968556,84.95349762961605,2,1,0,France,Female,Regular,0
3558,28,11,446,41.66823628224181,1246.3111752126156,4,1,1,Germany,Male,Regular,0
3559,69,16,509,127.61640220150557,56.33356705053174,3,0,0,Spain,Female,Regular,0
3560,32,47,713,2.02658109723558,872.509492301552,1,1,1,France,Male,Premium,0
3561,36,25,629,16.410960644799076,586.8949093857561,3,1,1,Spain,Female,Premium,0
3562,24,11,651,2.9390153088966273,211.98102588549332,4,1,1,Germany,Female,Premium,0
3563,68,20,462,10.821074132697056,522.880233273182,2,1,1,France,Female,Regular,0
3564,45,41,400,6.6185082609647825,231.36476210030094,2,0,1,Spain,Male,Regular,0
3565,68,60,626,65.96200542080757,589.2352169300126,1,1,0,France,Male,Regular,0
3566,60,57,626,23.052269025633937,768.1042470272713,1,0,1,Germany,Female,Regular,0
3567,75,53,454,129.54288112190966,136.66840834396962,3,1,1,Germany,Female,Premium,0
3568,22,33,309,1.182765775171736,1567.7407438464968,4,1,1,Spain,Female,Regular,0
3569,22,6,652,52.9106017853779,538.192449104193,2,1,1,Spain,Male,Regular,0
3570,47,34,482,176.24424115130785,743.5890115122969,3,0,0,Germany,Female,Regular,0
3571,71,14,754,9.669451991953355,132.25419114065744,3,1,0,France,Male,Regular,0
3572,49,64,305,29.208561150491118,384.46132502707775,3,1,1,Germany,Male,Premium,0
3573,25,28,632,60.51461840025777,1096.1824801643827,4,0,1,France,Male,Regular,1
3574,27,58,632,50.13847607974662,1577.7416252305534,2,1,1,France,Female,Regular,0
3575,55,5,557,41.738662982993326,527.0323807544437,2,0,0,France,Male,Premium,0
3576,64,51,510,19.782382402195825,823.7669347688012,4,1,1,Spain,Female,Premium,0
3577,49,20,350,65.134430315224,509.4073770612613,4,1,1,France,Female,Premium,0
3578,65,67,744,52.95832192785896,162.7463564598449,3,1,1,France,Female,Regular,1
3579,45,27,676,8.8846314680421,1285.6883984995025,3,1,0,France,Male,Premium,1
3580,34,52,785,166.33799179555152,324.6235131368732,3,1,1,France,Male,Premium,0
3581,48,58,350,40.55971480988233,479.42385926739024,4,0,0,France,Female,Premium,0
3582,25,68,453,37.270636954883585,663.5030111659556,2,0,0,France,Male,Regular,0
3583,57,61,609,94.27165305253337,404.47115781692935,2,1,1,France,Male,Regular,0
3584,42,3,698,51.14002741806407,942.2780121194775,2,1,1,Spain,Male,Regular,0
3585,26,17,433,3.8699383229382947,138.32052004853895,3,1,1,France,Female,Regular,0
3586,19,55,519,35.32067692074098,286.3609341036607,2,1,1,Germany,Male,Regular,0
3587,32,23,462,75.84213731412501,174.78654001652058,3,1,1,France,Male,Regular,0
3588,67,65,801,60.19532702222031,50.0,4,1,1,Germany,Male,Premium,0
3589,20,12,414,176.62580259573892,620.8102277434168,1,1,1,France,Male,Regular,0
3590,66,61,798,1.2615972340930017,785.2938763430863,4,1,1,Germany,Female,Premium,0
3591,53,53,771,15.137684483827654,416.61472791047254,3,1,1,Germany,Female,Premium,0
3592,79,14,448,39.83174546918422,270.3223753004531,2,1,1,Germany,Male,Regular,0
3593,21,72,540,48.31211463165292,186.0322173495157,1,0,0,France,Female,Premium,1
3594,31,2,422,16.034786156429114,994.5454318596217,1,1,1,France,Female,Regular,0
3595,58,36,368,87.66589520039231,656.4961781624243,1,1,1,Germany,Male,Regular,0
3596,58,36,362,8.97713863461632,309.12822250842515,4,1,1,Spain,Male,Premium,0
3597,42,2,315,0.04247351597443679,1929.4169213194152,1,1,0,Germany,Female,Regular,1
3598,75,70,689,152.23709138431815,1322.1814599650468,3,0,0,Spain,Male,Premium,1
3599,72,34,557,24.84258530231466,1408.7283524921645,3,1,1,France,Female,Premium,0
3600,79,51,516,157.90056271690403,702.5756594203384,4,1,1,France,Female,Premium,0
3601,80,27,778,16.281770410628056,1143.3682529137607,2,1,0,France,Female,Regular,0
3602,67,17,413,3.2775455452252014,451.6388951403712,2,1,1,Germany,Female,Regular,0
3603,27,35,679,74.03456090818774,862.5621112952068,4,1,1,France,Male,Regular,0
3604,38,32,536,90.33945202372631,220.9396025167534,2,1,1,Germany,Female,Regular,0
3605,53,63,775,33.87224533799511,1129.599783360277,2,1,1,Germany,Male,Regular,0
3606,29,25,428,3.835971885833945,382.89595972168615,1,1,0,Germany,Female,Regular,0
3607,44,55,809,53.08520394724251,1588.472433774095,4,1,0,Germany,Female,Premium,1
3608,57,39,464,10.05344828932206,799.907555086894,4,0,0,France,Male,Regular,0
3609,19,16,576,94.65027244594738,2000.0,2,1,0,France,Male,Regular,0
3610,71,39,556,16.01185548819219,76.71157916928502,2,1,1,France,Female,Regular,0
3611,30,6,431,94.09724893435182,393.7199527752733,4,0,0,Spain,Male,Premium,0
3612,70,56,556,27.836894069879897,119.87150389187546,3,1,1,Germany,Female,Regular,0
3613,49,7,440,45.37743267778244,1002.573623040463,4,1,1,France,Female,Regular,0
3614,48,55,508,77.92833309970794,569.7270508616858,1,0,1,France,Female,Premium,0
3615,33,30,818,2.0639821999845767,1493.0267375914596,2,0,1,France,Male,Regular,0
3616,49,58,350,86.06486561662739,162.4875173936199,1,1,1,Germany,Female,Regular,0
3617,49,71,802,7.462603982213234,420.5526658420048,4,1,0,Spain,Female,Regular,1
3618,77,11,558,22.19094156612603,102.02948715866837,2,1,0,Germany,Female,Regular,0
3619,51,47,477,32.00696570512686,1214.5625149028303,4,1,0,Germany,Female,Regular,0
3620,28,30,842,112.89329528117338,1017.4088345365495,4,1,1,Spain,Male,Regular,0
3621,27,62,655,1.1348125120699957,86.56953323916206,1,1,1,Germany,Male,Regular,0
3622,32,38,617,40.95849691748267,427.3827102439936,1,1,1,Germany,Male,Regular,0
3623,34,19,663,51.434142803308646,556.3659468330175,3,1,1,Spain,Male,Regular,0
3624,57,47,354,19.03245265191062,733.4374000436458,2,1,1,Germany,Male,Regular,0
3625,35,69,455,17.15880687335028,387.87834761460766,4,1,1,Germany,Female,Premium,1
3626,72,53,343,33.71324476482868,751.686879242421,2,1,1,Germany,Female,Regular,0
3627,26,70,841,10.35738461358287,412.48921182990324,1,1,1,Germany,Male,Regular,0
3628,42,28,621,31.566768326048095,510.7192479957609,2,1,1,France,Male,Regular,0
3629,57,72,313,72.4138765088498,912.286114367843,3,0,1,France,Male,Regular,0
3630,76,47,656,93.34425313946278,656.0387851307453,4,1,1,France,Female,Premium,0
3631,31,55,782,24.3197730041039,511.0475253880385,4,0,0,Germany,Female,Regular,1
3632,77,19,658,48.02541815134425,1784.4158470688983,4,1,1,Spain,Female,Premium,1
3633,75,8,617,0.0010259085695605663,213.60715930633293,1,0,1,France,Female,Premium,0
3634,42,31,374,39.964565010143424,1101.198134031595,4,0,0,France,Female,Regular,1
3635,67,44,493,184.91883127579746,293.93637567985445,1,1,1,France,Female,Regular,0
3636,39,8,662,18.717586457991782,773.698793838358,3,1,1,France,Female,Regular,0
3637,69,6,395,45.165779243588815,923.1126576078664,4,1,1,Germany,Male,Regular,0
3638,47,15,339,71.83385774812636,595.5379141995611,2,1,1,France,Female,Premium,0
3639,37,18,696,46.943821592524074,444.07539988499536,1,1,1,Spain,Female,Regular,0
3640,38,5,406,27.107212811776243,904.0496114204327,1,1,0,Spain,Male,Regular,0
3641,61,10,316,8.27768078751199,687.0915934382208,2,1,0,France,Female,Premium,1
3642,49,60,826,31.15320893682039,290.16859904088926,2,0,1,France,Male,Regular,0
3643,68,41,798,17.462571836660658,781.2769624560544,3,0,0,France,Male,Regular,1
3644,63,12,824,59.52327019621916,66.36722871722317,1,1,0,France,Male,Regular,0
3645,66,11,342,29.16199992791667,1660.4412095457837,3,1,0,Germany,Female,Regular,0
3646,73,19,649,94.81593683432236,1340.7265243826466,2,1,1,Spain,Male,Regular,0
3647,38,49,329,10.741562030354052,228.00324153375183,4,1,0,France,Female,Premium,0
3648,52,35,740,27.0402028449449,954.4116090670159,2,1,1,France,Female,Regular,0
3649,75,68,841,40.76630303436764,309.4515299049828,2,0,1,Spain,Female,Regular,0
3650,49,36,754,6.734584763098672,490.3504325790772,3,1,1,France,Female,Regular,0
3651,47,11,393,44.325684788203716,317.91234184683066,3,0,1,France,Male,Premium,0
3652,72,39,594,17.18944528706155,555.8390300075073,2,1,0,France,Female,Regular,0
3653,56,56,848,13.03819399797338,400.81000058807217,3,1,1,Germany,Male,Regular,1
3654,66,1,388,7.652357597787257,163.12039547799213,1,1,1,France,Male,Regular,0
3655,29,49,802,21.530063985890905,289.3689706568058,3,0,1,Spain,Male,Regular,0
3656,58,40,513,132.2413879642881,314.45845432835614,3,1,1,Spain,Female,Premium,0
3657,64,42,721,1.5748356945465392,563.4881625204446,4,0,0,Spain,Female,Premium,1
3658,35,8,825,95.57995120749605,495.419449004925,4,1,1,Germany,Male,Regular,0
3659,38,61,491,25.321838260972974,784.2467865160966,4,1,1,Germany,Female,Regular,0
3660,30,46,523,41.23136406630426,194.8770918934112,1,0,0,Spain,Female,Regular,0
3661,79,4,686,35.95529014497944,864.6138872770694,3,0,1,France,Male,Premium,0
3662,38,-4,773,130.00931765473482,673.9147369033838,3,0,0,France,Male,Regular,1
3663,79,57,502,73.51190840437418,293.0975559057005,4,0,1,France,Female,Premium,1
3664,25,21,746,209.40047139714605,238.86369732861746,1,0,0,France,Male,Regular,0
3665,63,37,367,79.09842175536077,311.73556461390655,3,1,1,Spain,Male,Regular,0
3666,57,18,391,17.540927322766915,108.23840775241983,3,0,1,Germany,Male,Premium,0
3667,63,30,477,164.6849248324046,2000.0,3,1,0,Spain,Male,Regular,0
3668,24,66,302,205.41950951647925,367.54087361934035,3,0,1,France,Male,Regular,0
3669,40,41,402,6.567756897371532,457.92949071316866,1,0,1,Spain,Male,Regular,0
3670,61,34,572,115.65409146537804,828.2795221556306,4,0,0,France,Male,Regular,1
3671,49,12,833,54.56230174675276,187.52543032131018,4,1,1,Germany,Female,Regular,0
3672,28,57,415,127.54832920558785,343.14211108301276,1,1,1,Germany,Female,Premium,0
3673,39,17,763,123.6918197215415,852.2979070852844,3,0,1,France,Female,Regular,0
3674,39,66,403,110.99177853510352,818.617220311682,3,0,1,Germany,Male,Premium,0
3675,60,-2,558,108.26112467723456,67.48227052011482,1,1,0,France,Male,Regular,1
3676,42,54,607,6.258110690670936,472.651400368102,1,1,1,France,Male,Regular,0
3677,39,57,666,7.745965073292127,516.9802895292464,2,1,1,France,Female,Regular,0
3678,45,62,601,6.265658141682717,404.7463374438768,1,1,1,Germany,Female,Regular,0
3679,46,59,326,4.772109309854957,958.7675313483829,3,1,0,France,Male,Premium,1
3680,30,23,807,21.792500846055542,698.5121532184226,1,1,1,Germany,Male,Premium,0
3681,35,71,826,57.594073690765136,644.457098079645,4,1,1,France,Female,Premium,0
3682,19,8,664,21.90142534147668,688.5379869576736,3,0,1,France,Male,Premium,0
3683,46,49,597,63.70194351598919,86.18580600798975,1,1,1,Spain,Female,Regular,1
3684,38,52,660,85.81862916015635,531.0403694036924,1,0,1,Spain,Male,Regular,0
3685,32,23,803,54.86287136733049,836.2900833983929,1,0,1,Spain,Female,Premium,0
3686,69,20,329,31.28421506546491,184.46193669565872,3,1,1,France,Female,Premium,0
3687,44,45,738,17.514585125733994,1297.6102565803756,1,1,1,France,Female,Regular,1
3688,67,61,639,6.642487675675976,959.9567031773174,1,1,1,Spain,Female,Premium,0
3689,48,69,425,34.026537959321516,541.3326469959727,4,0,0,France,Male,Regular,0
3690,32,71,665,63.576719559817406,700.4438415791736,2,1,0,Spain,Male,Premium,1
3691,68,13,742,39.730566125744915,332.5913838076061,4,0,1,Germany,Male,Regular,0
3692,40,41,562,63.91361499821804,306.8749667021804,2,1,1,Spain,Male,Regular,0
3693,41,49,521,20.4149313624911,602.9821358071605,4,1,1,France,Female,Regular,0
3694,61,60,301,3.4565760043048575,281.282051413622,1,0,1,Spain,Female,Premium,0
3695,30,3,693,73.72304957408869,582.6036193286166,1,1,0,Spain,Male,Regular,0
3696,39,71,605,12.405385952698108,339.5968092115064,3,0,1,France,Female,Premium,0
3697,60,16,445,47.89276732165361,648.5213385258168,3,0,1,Germany,Male,Regular,0
3698,54,56,829,81.55676654715178,663.947866211314,4,0,1,France,Female,Regular,0
3699,78,47,827,7.489427163970258,940.1800837474678,4,1,0,France,Female,Regular,0
3700,50,43,607,45.626728506182566,133.6740892141893,2,1,1,France,Male,Regular,0
3701,73,44,639,58.45834138475122,533.5688336132745,3,1,0,France,Female,Premium,0
3702,20,32,651,68.62566129819369,162.38454756973812,4,1,1,France,Male,Regular,0
3703,80,30,508,7.988876360707567,719.9470569500418,1,1,1,Germany,Female,Regular,0
3704,71,46,504,87.18166540995944,50.11579820978775,4,1,1,Germany,Female,Regular,0
3705,36,5,314,4.94399833419644,917.8629831304477,2,1,1,France,Male,Regular,0
3706,40,71,727,36.65508883528224,311.662268081343,3,0,1,France,Male,Premium,0
3707,46,70,775,29.296562021168786,1104.6731452477322,3,1,1,France,Male,Regular,0
3708,47,33,597,12.536406210393727,579.5196617082106,1,1,1,Spain,Male,Regular,0
3709,56,52,393,17.971847842727286,692.7562665692637,3,1,0,Germany,Female,Regular,0
3710,61,13,406,8.982403684176479,481.68617300311024,3,1,1,Germany,Male,Regular,0
3711,64,15,718,27.732449194517105,626.1181760697484,2,1,1,France,Male,Regular,0
3712,42,42,577,1.8078388239101535,290.70624590481447,3,0,1,France,Male,Regular,0
3713,54,72,427,109.8731041601952,390.4515320165561,4,1,1,Spain,Male,Regular,0
3714,64,11,758,8.92568091236966,235.93724392859284,1,1,1,Germany,Female,Regular,0
3715,25,70,337,108.58563005523763,194.29350977832556,3,1,0,Germany,Female,Regular,1
3716,59,18,497,99.59989295652062,465.86608495096954,4,1,1,France,Male,Regular,0
3717,75,40,656,30.044556370775517,87.17954167252175,1,0,1,Germany,Male,Regular,0
3718,33,52,306,34.43044592486509,388.62107674415546,1,1,1,Germany,Female,Regular,0
3719,25,28,631,17.97061582307957,76.66658316271081,2,1,1,France,Male,Regular,0
3720,18,69,818,250.0,825.5581571954324,3,1,1,France,Male,Regular,0
3721,61,63,493,55.55026690093672,702.5853480420047,1,1,1,France,Female,Premium,1
3722,22,62,615,151.62840900399758,322.4195954700093,1,0,1,France,Female,Regular,1
3723,20,21,300,26.789810874300375,269.5796194722183,1,0,1,Germany,Female,Regular,1
3724,18,26,361,107.28615293895744,579.2611833520241,1,1,0,Spain,Female,Regular,1
3725,21,51,642,29.731619162228597,131.10164546605256,2,1,1,Germany,Female,Regular,0
3726,57,11,317,100.80601509442577,1483.802166396184,1,1,0,Germany,Male,Regular,1
3727,52,36,670,7.016382288712333,59.84851237688733,1,1,1,Spain,Female,Regular,0
3728,49,10,534,50.64757484608361,1694.847747853287,2,1,0,Spain,Female,Regular,1
3729,59,37,368,56.76954761755278,331.90626709936083,2,1,1,France,Female,Regular,0
3730,51,39,746,53.380497890255626,467.7445094065998,2,1,1,France,Male,Regular,1
3731,60,13,307,29.62236104559586,550.1617293555387,1,1,0,Germany,Female,Premium,0
3732,42,70,761,57.587381302063925,436.1267937053054,4,1,1,France,Female,Premium,0
3733,27,50,610,13.686532441176396,353.62629241189,4,0,1,Spain,Female,Premium,0
3734,38,64,433,45.29828525659694,728.0892326964887,1,1,1,Spain,Female,Premium,0
3735,63,51,684,40.39816010849578,188.82006046645756,3,1,1,Spain,Male,Regular,0
3736,56,29,355,19.161178906725,152.34932049758373,3,1,0,Germany,Female,Premium,0
3737,44,56,659,75.4488259157042,134.17713827307972,3,1,1,Germany,Male,Regular,0
3738,44,29,413,4.2164977857717245,385.40194954311306,2,1,1,Germany,Male,Regular,0
3739,19,41,387,9.403280795526298,2000.0,3,1,0,France,Male,Regular,0
3740,58,10,437,31.85252580621441,485.64956452153956,3,0,1,France,Male,Regular,0
3741,65,26,407,111.15945183699887,1122.7512009976138,2,0,1,France,Male,Regular,0
3742,30,23,799,42.80208014825293,445.850573830541,4,0,1,Germany,Male,Regular,0
3743,26,38,834,92.27917213501826,1194.2757128556027,1,1,1,Spain,Female,Regular,0
3744,69,71,443,36.4459432143139,267.8506894676935,4,1,0,France,Male,Regular,0
3745,53,17,355,76.96201435694783,797.9743787558033,2,1,0,France,Female,Regular,0
3746,39,44,305,19.711230598686026,860.1478059656465,3,0,1,Spain,Female,Regular,0
3747,59,11,841,84.40845160242318,860.6992421672356,3,1,1,France,Male,Premium,0
3748,43,48,746,25.681984858433122,436.96703692932783,4,0,0,Germany,Female,Regular,1
3749,75,38,684,40.91638114318957,858.0507188534457,2,1,0,France,Female,Regular,1
3750,71,21,606,9.672046922768269,716.6612819234872,2,1,1,Spain,Female,Regular,0
3751,29,40,601,126.557807395724,1172.2810371564524,4,1,0,Germany,Female,Premium,1
3752,34,63,704,60.44242011088835,831.1678924924212,3,1,0,France,Female,Premium,0
3753,31,33,809,97.89831334542792,787.2319547973535,2,1,0,France,Female,Regular,1
3754,31,50,372,11.651040256065183,141.73163587613433,4,0,1,Spain,Male,Premium,0
3755,74,6,564,3.504192351501026,310.09931422474125,3,0,1,Spain,Female,Premium,0
3756,51,5,526,20.564798477743814,305.17569012894677,3,1,1,France,Female,Regular,0
3757,70,23,492,36.35437364463959,50.0,3,1,1,France,Male,Regular,0
3758,74,18,673,81.06790455536535,542.6085245406958,1,1,1,France,Male,Regular,0
3759,37,8,309,25.352173880822587,567.050903417982,2,0,1,France,Female,Regular,0
3760,28,35,601,15.732682864629632,201.7553791448606,2,1,1,France,Female,Premium,0
3761,33,39,658,23.304175142800005,1028.5556536982037,3,0,1,Spain,Female,Regular,0
3762,68,23,351,60.80351937143027,239.1160390766004,1,1,0,France,Male,Regular,0
3763,48,47,398,20.490082136192093,582.7723909174772,2,1,1,France,Female,Regular,0
3764,72,62,312,193.5575538600698,828.1281526347424,2,1,1,France,Male,Premium,0
3765,23,68,689,9.617327298176095,54.863793319540896,1,1,0,Germany,Female,Regular,0
3766,73,52,656,69.93780933293056,88.7655354559765,2,1,1,Germany,Female,Regular,0
3767,36,53,310,44.47801136988831,718.0551400751878,2,1,1,France,Male,Regular,0
3768,54,41,380,13.269656352381473,967.4735838710715,4,1,1,France,Male,Regular,0
3769,75,44,560,70.04271971964306,1191.4062032612826,2,1,1,France,Female,Regular,0
3770,21,13,305,29.66873137644993,328.5431531474049,1,1,1,France,Female,Premium,0
3771,64,28,757,57.347855998672834,474.5714805124414,1,1,1,France,Female,Regular,0
3772,78,5,672,54.273537681829,217.81382853517164,3,1,1,Spain,Female,Regular,0
3773,21,6,780,5.862851821115673,180.55724487145756,4,1,1,France,Male,Regular,0
3774,37,36,521,91.6237687380933,957.9393052032037,3,0,1,Germany,Male,Premium,0
3775,27,52,380,57.20270100960916,176.32242070720523,4,0,1,France,Male,Regular,0
3776,41,16,814,75.83990853494574,907.5045654423841,4,0,0,Spain,Male,Regular,1
3777,71,37,359,29.689155531795418,126.66235382645917,3,1,1,Spain,Male,Regular,0
3778,52,57,520,10.849483871291056,729.6538040716267,2,1,0,Germany,Female,Regular,1
3779,43,0,648,19.74210095369363,595.7360677056338,4,1,1,France,Female,Regular,0
3780,54,67,527,115.86931887513478,248.20273384996455,3,0,1,France,Female,Regular,0
3781,55,43,589,139.04604844083786,258.5532262747356,3,1,1,Spain,Female,Regular,0
3782,38,46,592,32.87610760383845,338.74397514689485,3,1,1,Spain,Male,Regular,0
3783,71,34,492,17.747790777882045,153.901279443582,3,1,1,Spain,Female,Regular,0
3784,57,59,773,65.52431479590454,315.3030796165931,3,0,0,France,Male,Premium,0
3785,56,51,556,72.62021467068051,556.0375292508837,2,1,1,Germany,Male,Regular,0
3786,38,17,805,84.4961581151222,924.2585049854506,1,1,0,Germany,Female,Regular,1
3787,27,40,687,1.5788581402848674,1246.124897510188,2,1,1,France,Male,Regular,0
3788,55,2,697,0.4890778108503878,365.35755087494914,1,1,1,France,Female,Regular,0
3789,63,68,665,22.092630934629508,325.3822277878907,4,1,1,France,Male,Regular,0
3790,21,13,589,8.273022445565891,276.39631158161734,4,1,1,Spain,Female,Regular,0
3791,77,25,608,81.73313457423819,367.8796875649038,3,1,0,France,Female,Regular,0
3792,74,69,577,38.05458582769988,633.7388893414336,2,1,1,Spain,Female,Regular,0
3793,62,69,763,87.24802899134538,64.06655979493192,3,1,0,France,Male,Regular,1
3794,37,39,488,9.734673315868385,1000.9571511612465,2,1,0,France,Female,Regular,0
3795,34,50,477,49.338705617749554,291.4359608254138,4,1,1,France,Male,Premium,0
3796,72,4,827,43.39551958775561,202.47180499067738,2,1,1,Germany,Male,Regular,0
3797,24,31,674,20.804439569184584,281.0042812670984,3,1,1,Germany,Female,Regular,0
3798,21,0,753,36.39534818169069,407.9185482298951,3,1,1,France,Male,Regular,0
3799,46,53,516,44.46145335169873,486.09742113429496,4,1,1,Spain,Male,Regular,0
3800,31,21,341,110.13146989612841,770.4706310619672,1,1,0,Spain,Male,Regular,1
3801,20,52,493,2.8623059596249183,245.31542761172588,4,0,1,France,Male,Regular,0
3802,41,12,626,86.68600111427088,606.6823327198159,3,1,0,Germany,Female,Premium,1
3803,54,24,672,195.99366008980962,182.82331513550074,4,1,1,France,Female,Regular,0
3804,33,39,764,65.79646575503622,2000.0,1,0,1,Spain,Female,Premium,0
3805,75,31,462,66.84607210321388,66.13556159163171,3,1,1,France,Male,Premium,0
3806,72,27,575,12.293383562664776,625.5490369053576,1,0,0,Spain,Male,Regular,0
3807,69,2,663,37.01962143600497,190.1527023573076,2,0,0,France,Male,Regular,0
3808,21,61,779,61.19862698348665,332.1257073438122,2,1,1,Germany,Male,Regular,0
3809,73,26,759,46.10047820749143,507.24734124304626,4,1,1,Spain,Male,Premium,0
3810,79,44,564,24.31735146938609,350.74917674298314,3,0,0,Germany,Female,Premium,0
3811,41,24,838,140.76930838040553,399.56912098384316,2,1,1,France,Male,Regular,0
3812,51,57,685,36.07596871794275,1495.134877371113,3,0,0,Germany,Male,Premium,1
3813,47,42,384,175.12143078671517,560.8276835883345,3,1,0,Spain,Male,Regular,1
3814,35,54,615,41.49139710536849,70.41243741425347,3,0,0,France,Female,Regular,1
3815,36,13,542,78.84453014823728,1531.6249118833598,1,0,1,France,Female,Regular,0
3816,48,7,768,67.74426225889658,687.5287769050173,4,1,0,Spain,Female,Regular,0
3817,77,47,641,54.061773474061205,337.1608817405572,1,1,0,Germany,Female,Regular,0
3818,77,24,476,0.7283211421264529,669.2131784669954,3,0,1,France,Female,Premium,1
3819,36,64,429,4.029555219543149,363.9348411982886,2,1,1,Spain,Male,Premium,0
3820,66,11,382,43.55204233190983,894.5780998140818,2,0,0,France,Female,Regular,1
3821,80,56,659,121.39688501142429,941.4077292876265,2,1,1,Spain,Female,Regular,1
3822,63,54,387,45.9574489966624,453.2001969362831,4,0,1,Germany,Female,Premium,0
3823,36,12,831,13.459112438969653,408.28047619153995,1,1,1,Germany,Female,Regular,0
3824,39,72,770,19.299185562367477,170.80086801061134,1,1,1,France,Male,Regular,0
3825,41,55,797,48.796712532766456,139.60690333558642,4,1,0,Germany,Male,Regular,0
3826,62,61,806,45.447693828928294,635.061649997977,1,1,0,Spain,Male,Regular,1
3827,29,14,653,155.84181487160848,609.435431678878,4,0,1,Spain,Female,Premium,0
3828,47,56,715,37.65383712512552,554.9176226425475,4,0,1,France,Male,Regular,0
3829,75,59,350,21.92640176396371,917.8020607618278,2,1,1,France,Female,Regular,1
3830,55,46,362,37.22126130491624,1042.667940640215,4,1,1,France,Female,Regular,1
3831,70,15,388,77.1436620953055,773.8542365322828,2,0,1,France,Male,Premium,0
3832,48,12,489,38.86599922750664,1169.0821603719266,2,1,0,France,Female,Regular,1
3833,53,44,647,19.730156944770073,1299.2576658563926,2,1,1,France,Female,Premium,0
3834,36,45,837,20.671415352028696,1055.684888008423,1,1,0,Spain,Female,Regular,1
3835,65,53,475,70.69598644647186,294.61825611718785,4,1,1,Germany,Male,Regular,0
3836,62,13,663,3.437945489046397,894.2831475406358,3,0,1,France,Male,Premium,0
3837,53,58,782,16.062306549028044,343.97269171842277,2,1,1,Spain,Female,Premium,0
3838,47,52,418,8.304948298128076,999.5938282926454,2,1,1,Germany,Male,Regular,0
3839,72,26,468,144.72709190788146,1756.1203826528895,1,1,1,France,Male,Regular,0
3840,66,42,446,4.720713536786416,1051.1361848184806,1,0,0,France,Male,Premium,1
3841,72,5,736,70.97882790685118,932.8562616502973,2,0,1,France,Female,Regular,0
3842,50,54,738,49.77015615359805,452.60011648289804,3,1,1,Spain,Female,Premium,0
3843,35,43,488,50.09303023528424,366.3470012912142,1,1,1,France,Female,Regular,0
3844,80,17,459,72.07619639159671,209.7637840539529,1,0,0,France,Male,Regular,0
3845,69,15,701,25.581962072638465,1623.3700243774297,4,1,1,Germany,Female,Regular,0
3846,66,11,317,25.60326667754201,426.2917004124769,1,1,1,France,Male,Regular,0
3847,76,18,439,17.03345631939178,663.9895825982496,1,0,0,France,Male,Regular,1
3848,45,44,414,45.53407924039987,178.94474453960115,4,1,0,France,Female,Premium,0
3849,76,63,627,132.8240893567351,256.14873515113095,2,1,1,Spain,Female,Regular,0
3850,64,58,524,128.84004512402342,789.8683411028926,4,1,1,Germany,Female,Regular,0
3851,28,21,738,60.69453660240441,703.220087723487,4,1,0,Germany,Male,Premium,0
3852,74,49,849,118.32193698654206,1054.6834291260925,2,1,0,France,Female,Regular,1
3853,77,28,685,165.54794984256006,445.0462922596248,2,1,1,Spain,Female,Regular,0
3854,71,44,820,79.26286740024013,1061.2029285890503,4,0,1,Germany,Male,Regular,0
3855,62,8,552,26.198357238786667,227.29955967630318,3,1,1,France,Female,Regular,0
3856,50,34,397,33.00738185730292,1352.5132262379857,1,1,1,Germany,Female,Premium,1
3857,34,14,370,133.86896017187922,653.6812896747176,1,1,1,France,Female,Regular,0
3858,23,35,850,55.43435476752223,415.8501367277471,1,1,1,France,Female,Regular,0
3859,21,12,746,85.93306094974783,406.4704513313376,2,1,0,Germany,Female,Regular,0
3860,37,43,389,6.171361218884158,271.7322976422106,1,1,1,France,Female,Regular,0
3861,65,69,729,10.777461508595488,274.83434214729976,2,0,0,Germany,Female,Regular,1
3862,64,71,518,21.087992511910414,429.8098243573873,2,0,1,Germany,Female,Premium,0
3863,44,35,406,10.427567829483953,70.98862736143658,3,0,0,Germany,Female,Premium,0
3864,32,60,775,118.47101361915462,775.6184355401135,1,1,1,France,Male,Premium,0
3865,23,40,753,12.224140301980299,806.5902125750041,2,0,0,France,Male,Premium,1
3866,64,26,843,40.73001499929477,1130.392027867209,1,1,1,Germany,Male,Premium,0
3867,31,0,425,4.4663684860952815,365.71541666672863,2,1,1,Spain,Female,Regular,0
3868,77,33,446,8.418675030076352,748.6876300730786,4,1,1,France,Female,Regular,0
3869,28,67,579,14.212075563555034,589.3376825296134,2,1,0,France,Male,Premium,0
3870,56,16,323,203.41455058996277,243.8480789872068,2,1,0,France,Male,Regular,1
3871,26,32,419,79.74317115913934,717.0013340798833,2,1,0,Germany,Male,Regular,0
3872,43,6,596,55.97469888885098,581.7170194250211,4,1,1,France,Female,Premium,0
3873,33,64,381,124.00311046296606,629.7425691905567,3,1,1,France,Male,Premium,0
3874,22,14,747,156.4159591801201,659.1498654452339,1,1,0,Germany,Female,Regular,1
3875,74,50,769,30.217720036100616,412.600788344814,4,1,0,Germany,Male,Premium,0
3876,69,53,722,19.851745820100223,595.4583394787286,1,1,1,France,Male,Regular,0
3877,78,58,844,18.939843893947817,963.0408673634037,4,0,0,Germany,Male,Regular,0
3878,27,5,323,1.8191504705210855,681.9667766888988,2,1,0,Spain,Female,Regular,0
3879,67,28,360,16.40007728273587,954.7272084270273,4,1,1,France,Male,Regular,0
3880,20,16,383,21.92881158465102,834.2028110100719,1,0,0,Germany,Female,Regular,0
3881,30,58,524,1.8798412699837013,848.3652074052259,1,1,1,France,Female,Premium,1
3882,60,21,485,107.1104695664872,833.1865615378823,1,0,0,France,Female,Regular,0
3883,66,23,674,94.14663372014306,1064.2826873367844,3,1,1,France,Female,Regular,0
3884,47,50,371,14.48426520802438,1368.0684379435072,4,1,1,Germany,Male,Regular,0
3885,79,49,373,81.11574842679093,1337.7748162184948,2,0,1,France,Female,Regular,0
3886,71,10,640,79.53372239150373,964.2910950189807,4,0,1,Spain,Female,Premium,0
3887,62,55,452,20.399371304093563,678.0274752069422,3,1,1,Germany,Male,Regular,0
3888,23,70,395,59.712352431274226,99.32662397827123,1,1,0,France,Female,Regular,0
3889,34,41,744,17.114505043159035,910.8479108860433,1,1,1,Germany,Female,Regular,0
3890,76,38,409,3.643388239628838,181.1043239353151,3,1,1,France,Male,Premium,0
3891,62,65,757,35.139459174379525,537.0173177439242,4,1,0,France,Male,Premium,1
3892,68,47,350,28.841776087192798,740.4416432120812,2,1,1,Germany,Male,Regular,0
3893,70,56,676,7.433870954444319,1069.5211939213148,1,1,1,France,Male,Regular,0
3894,36,20,372,33.72150583825147,249.63581525332705,3,1,1,France,Male,Regular,0
3895,59,19,511,149.16622423323759,537.8966324621882,3,1,1,Germany,Female,Regular,0
3896,52,14,731,65.72532410737278,258.74083539824585,2,0,0,France,Female,Regular,0
3897,63,68,467,67.13728786855904,451.780040658779,3,1,1,France,Male,Regular,0
3898,43,50,630,70.84815274010839,1200.8638826377696,3,1,1,Germany,Female,Regular,0
3899,68,66,793,68.25283570150191,417.56260344307094,3,1,0,Germany,Male,Regular,1
3900,22,36,442,1.0051068126564315,410.74945302872953,1,1,1,Spain,Male,Premium,0
3901,46,5,744,129.30773877551428,431.5648697788443,1,0,1,France,Female,Regular,0
3902,54,70,693,88.63837747590452,435.1931207985032,4,0,1,France,Female,Regular,0
3903,37,22,811,16.050183232892753,221.12741937693178,2,1,0,Germany,Female,Premium,1
3904,66,7,627,40.231151712705405,1619.4030784947208,3,1,1,Spain,Female,Regular,0
3905,38,72,558,47.72636736443655,1873.9624709349082,3,1,1,Germany,Male,Premium,0
3906,27,3,736,7.075011790792033,759.4090570077288,1,1,1,Germany,Male,Premium,0
3907,22,20,648,14.649029364928342,351.4279372089547,1,1,1,France,Female,Regular,0
3908,53,30,814,1.1762495346232082,500.2537790332614,1,1,1,Germany,Female,Premium,0
3909,23,20,748,99.73727283212722,142.9043546885409,2,0,1,Germany,Female,Premium,0
3910,43,24,698,1.2610224180510232,588.054522397162,1,1,1,Germany,Male,Premium,0
3911,21,14,513,19.187321605376013,735.3950816242948,3,1,1,France,Female,Premium,0
3912,79,34,845,4.073871854874758,730.079404664358,3,1,1,Germany,Female,Regular,0
3913,56,48,588,76.02694066321594,231.54485899328697,3,1,1,Germany,Male,Regular,0
3914,56,39,558,129.50187497184606,1651.1202524258788,4,1,0,France,Male,Premium,1
3915,67,40,557,41.37001251285584,1164.197707706015,2,0,0,Germany,Female,Regular,0
3916,52,36,687,7.515965787248698,633.7690559977864,3,0,1,France,Female,Regular,0
3917,18,56,844,40.8404697959014,532.4720735389508,3,1,1,France,Male,Premium,0
3918,41,41,564,73.55803607756884,481.87120117450957,3,1,1,France,Male,Regular,0
3919,74,46,612,63.36626016612684,329.0897592324581,1,1,1,Spain,Female,Regular,0
3920,53,60,339,67.68535810890694,1952.0687373607666,3,0,1,France,Female,Premium,0
3921,23,13,509,16.36786419406235,340.2643381609171,1,1,0,France,Male,Regular,0
3922,58,67,571,3.8298815784183358,655.2282112743876,1,1,0,Spain,Female,Regular,0
3923,71,52,435,8.065021170570489,64.0082570967799,2,1,1,Spain,Male,Premium,0
3924,63,33,359,155.6205916270462,143.51126292202275,2,1,1,France,Male,Premium,0
3925,77,23,809,47.53298003661758,899.4579560668692,3,1,1,Germany,Male,Regular,0
3926,61,19,814,65.07920923484178,430.28527309398544,2,1,1,France,Male,Regular,0
3927,77,72,314,114.66372446514637,261.36247645207516,1,1,0,France,Female,Premium,1
3928,74,29,554,95.78272345821061,1306.782935776455,1,1,0,Germany,Male,Regular,0
3929,48,7,834,12.320727241830442,724.2241774029378,3,1,1,France,Male,Regular,1
3930,37,35,534,2.990687403011917,397.76325753506245,3,0,1,France,Female,Premium,0
3931,41,37,430,129.59889864444008,1183.6718741769341,3,0,1,Germany,Male,Regular,0
3932,42,51,316,199.9561537841554,391.73626269310404,1,1,1,France,Male,Premium,0
3933,53,14,484,41.890638563641375,740.3789061334478,1,1,1,Germany,Male,Regular,0
3934,38,45,690,109.64256936133734,723.8342273305952,3,1,1,France,Female,Regular,0
3935,47,20,722,13.186302795694191,763.7525117883938,3,0,0,France,Male,Regular,1
3936,41,11,741,5.885079081871743,60.144967481777634,1,1,0,France,Male,Premium,0
3937,61,43,311,34.63905611921217,267.2388991461843,2,1,1,France,Female,Premium,0
3938,59,14,819,83.34896042979697,754.3206838905744,1,0,1,Spain,Male,Premium,0
3939,47,48,379,53.16036875022646,1094.0924493917935,2,1,1,France,Male,Regular,0
3940,39,20,601,50.71174199095252,692.2787418411783,3,1,0,Spain,Male,Regular,0
3941,45,14,515,0.8806556211954275,523.2174820277862,1,1,1,Germany,Male,Regular,0
3942,24,13,547,19.09911689300832,100.65364682530402,3,0,1,Germany,Female,Regular,0
3943,52,41,840,140.25211360569415,152.5549488849699,3,1,1,Germany,Female,Premium,0
3944,72,14,571,7.209314290434857,66.31615906186349,3,1,1,France,Female,Premium,0
3945,45,62,432,64.79818158171057,1112.8090313643168,4,0,1,France,Female,Regular,0
3946,31,67,304,71.21251371557182,402.8148593135579,4,1,0,Germany,Male,Regular,1
3947,73,26,841,65.99411291021984,109.99994786912494,1,1,1,Germany,Male,Premium,0
3948,27,52,440,226.8050383390394,753.492472319587,4,1,0,Spain,Female,Premium,0
3949,33,51,782,26.314581356072026,662.329073309476,1,1,1,Germany,Female,Regular,0
3950,33,69,604,57.315611640092165,411.0785311413512,2,1,1,Germany,Female,Regular,1
3951,71,72,644,10.76218644853249,50.0,1,1,1,Germany,Male,Regular,0
3952,48,52,569,25.51711335267417,409.38511158123356,4,1,1,Spain,Female,Premium,0
3953,59,56,407,33.82046247110452,1011.135661558995,4,0,1,France,Female,Regular,0
3954,42,51,773,12.092594623123148,578.2010672403703,2,1,1,France,Male,Premium,0
3955,30,51,381,118.65614126474242,613.4614925927069,2,0,1,France,Male,Regular,1
3956,23,6,383,62.97389348512385,563.8375038866341,1,1,1,France,Male,Premium,0
3957,61,41,589,16.686842825817816,934.0944603693424,1,1,0,France,Female,Regular,0
3958,26,3,370,7.2487707062353355,164.25810232120688,3,1,0,Spain,Male,Premium,0
3959,62,72,474,16.974552422170294,344.1606009591774,3,1,0,France,Female,Premium,1
3960,53,4,762,48.77356591973957,705.7775064468156,1,1,1,Germany,Male,Regular,0
3961,73,40,694,87.55256189229131,166.46584628870892,2,1,1,Spain,Male,Regular,0
3962,60,14,390,34.97519277937751,1380.862791765721,1,1,0,Spain,Female,Regular,1
3963,37,10,768,5.406811191170105,132.17798109216835,3,1,0,France,Male,Regular,1
3964,35,66,733,14.338448899877609,922.1880468997254,2,0,0,Germany,Male,Regular,0
3965,75,20,548,21.166989587432763,481.08624863671275,3,1,0,France,Male,Regular,0
3966,60,69,540,50.548790240191146,234.34007965323764,1,1,1,France,Male,Regular,0
3967,74,42,795,14.16082791001816,677.1997057693424,1,0,0,France,Male,Regular,0
3968,38,65,639,13.323981571782806,653.6101203450825,4,0,0,France,Female,Regular,1
3969,21,8,770,16.857754288965673,407.1868275857017,1,1,1,France,Male,Premium,0
3970,67,27,762,44.889281178700976,80.6520345768653,4,1,1,Germany,Female,Regular,0
3971,50,25,574,33.925765907555,439.8437813583564,4,0,1,France,Male,Premium,0
3972,44,2,314,92.14294016423239,222.21107459449476,4,1,1,France,Female,Premium,0
3973,24,72,340,59.85520811300864,386.1150345319252,4,1,1,France,Male,Regular,0
3974,23,48,507,54.953900648491505,613.0101972242534,3,0,1,France,Male,Premium,0
3975,80,17,359,8.400230477351228,1490.851698438165,1,1,0,Germany,Female,Regular,1
3976,32,62,664,2.8405718639855047,108.5496355336599,1,1,1,Germany,Male,Premium,0
3977,35,54,539,35.66737853270865,438.0821415890653,1,1,1,Spain,Female,Regular,0
3978,49,22,459,3.716874213717252,368.33712079359117,4,0,1,France,Female,Regular,0
3979,73,33,696,22.629244286714282,168.0758086387159,3,0,1,France,Male,Regular,0
3980,28,72,799,1.3229664693226162,782.7404468111167,3,1,0,Spain,Female,Premium,1
3981,37,14,508,9.728349953848255,1020.0608180526082,4,0,0,France,Male,Regular,0
3982,41,46,432,5.847361865426636,483.92912087743406,4,0,1,France,Male,Premium,0
3983,32,2,680,80.71875500958406,349.29804200300885,1,1,0,Germany,Male,Regular,0
3984,65,23,732,21.242041998169274,1680.4965731133864,3,0,0,France,Female,Regular,1
3985,24,5,688,4.106430489175252,1033.2088474953605,2,1,0,Germany,Male,Regular,1
3986,38,3,731,15.426916639916548,1176.2716240346358,2,1,1,France,Male,Premium,0
3987,59,30,573,57.41241407850225,630.6696049746358,2,0,0,Germany,Female,Regular,0
3988,43,44,650,68.44930528024993,245.64170524339664,2,0,1,France,Female,Premium,0
3989,61,58,433,6.384006085929961,519.5920247683962,4,1,1,Germany,Female,Premium,0
3990,73,44,365,75.38163445236583,305.01993993531914,1,1,1,Spain,Female,Premium,0
3991,31,36,504,23.146170321510574,262.1028660466917,2,1,1,Germany,Female,Premium,0
3992,74,64,597,56.87534910244116,316.0403255824356,1,1,0,Germany,Male,Premium,0
3993,54,8,416,55.66210765246177,248.958902867694,1,1,1,Germany,Male,Regular,0
3994,75,21,566,78.89519899499274,1174.6148871795885,3,0,1,Germany,Female,Regular,1
3995,38,64,448,59.731294541789936,944.2078509213507,2,1,1,France,Female,Regular,0
3996,35,2,493,1.9821946810453148,454.82148827079635,1,1,1,France,Male,Regular,0
3997,22,25,478,36.64443699901789,178.07245821660987,3,0,0,France,Male,Premium,0
3998,20,52,447,9.086956729992975,725.9884087944039,4,1,1,Germany,Female,Premium,0
3999,40,30,764,175.26882559268418,246.6398626587307,1,1,1,France,Male,Regular,0
4000,43,25,304,14.774593720034975,528.2053193043821,1,1,1,France,Male,Regular,0
4001,54,22,825,27.245614048392763,53.529751135998936,3,0,1,France,Female,Regular,0
4002,41,35,579,10.951485723662602,855.3777428410716,1,1,0,France,Male,Regular,1
4003,66,10,798,7.227544750819187,718.4429044138285,4,1,1,Spain,Male,Premium,1
4004,36,71,735,45.93087190331044,491.4764632506844,4,1,0,France,Female,Regular,1
4005,68,72,515,33.979933747567266,267.8557581737969,3,1,1,France,Female,Regular,1
4006,42,21,814,23.47296759781809,987.2282264123862,2,1,1,Germany,Male,Regular,0
4007,38,14,436,4.464463315163788,527.5140345838032,1,1,1,Germany,Male,Regular,0
4008,29,55,579,66.5826132985291,96.91205246913955,1,1,1,Spain,Male,Premium,0
4009,74,19,431,0.2936756628017777,164.07721258340374,2,1,1,Germany,Male,Premium,0
4010,78,43,692,30.59325483038909,511.95263491397975,4,1,0,France,Male,Regular,1
4011,58,52,780,50.061392281163506,254.90825373621496,1,0,1,France,Male,Regular,0
4012,50,52,812,28.1683388210659,220.75666925883078,3,1,0,Spain,Male,Regular,0
4013,67,0,718,6.745702197248901,405.7451623582702,3,1,1,France,Female,Premium,0
4014,70,1,501,75.3102072267282,599.275399862339,3,1,1,France,Male,Regular,0
4015,21,57,761,19.57396477913119,309.50979313431645,1,1,1,France,Male,Regular,0
4016,80,18,501,7.237160609219203,187.9368316773926,2,0,0,Germany,Male,Regular,0
4017,59,61,451,39.954928509293524,1220.5622807535158,1,0,1,Spain,Male,Regular,0
4018,74,71,521,0.9678857499815431,1416.6456404072562,2,1,0,France,Female,Premium,0
4019,24,11,378,19.582821222810047,133.11671238331476,2,1,1,Germany,Female,Regular,0
4020,39,25,499,69.4433573134362,1952.8747118590572,1,0,1,Spain,Female,Premium,0
4021,72,39,398,121.92672998172742,71.78658488726464,4,1,0,France,Male,Regular,1
4022,50,28,512,44.79101680088027,152.0928788536219,2,1,1,Germany,Female,Regular,0
4023,34,14,442,12.270198394151254,729.1827390015205,1,1,1,Spain,Male,Regular,0
4024,41,45,688,12.42307762608915,614.8514746800496,4,1,1,Germany,Female,Regular,0
4025,78,0,673,46.300851997930046,2000.0,4,0,1,Germany,Male,Premium,0
4026,78,65,351,26.10795586297937,901.3182593280817,1,0,0,Spain,Male,Regular,1
4027,51,56,434,9.756013527861823,558.5773368926655,1,1,1,France,Male,Regular,0
4028,45,2,710,77.41644443883456,330.30217110095487,4,1,0,Spain,Male,Regular,0
4029,75,17,769,11.172369654799368,280.3552193414796,1,1,0,Spain,Male,Regular,0
4030,60,51,411,19.403919444961232,740.8139614333948,4,1,1,Germany,Female,Regular,0
4031,58,59,824,3.16986203379614,458.78866746558134,4,1,1,France,Male,Regular,0
4032,56,33,343,60.42785030416542,191.54367678373484,4,0,1,France,Male,Regular,0
4033,39,59,696,16.09835230205026,1018.8751128422771,3,0,1,Germany,Male,Regular,0
4034,66,25,560,13.254752034904913,191.7576665448358,1,0,1,France,Female,Regular,0
4035,34,71,844,18.07420202948332,258.3283739307713,3,1,1,Germany,Male,Premium,0
4036,51,18,687,103.6254942499274,728.1535710076513,1,1,0,Germany,Male,Regular,0
4037,23,21,775,36.49248468128442,184.2079721434782,2,1,1,Germany,Male,Premium,0
4038,63,32,709,8.591918685728041,694.2911650071851,3,0,1,France,Male,Regular,0
4039,23,37,315,74.46751832893287,1089.574907896143,1,1,1,France,Female,Premium,0
4040,51,34,401,11.688316540876317,404.5658456031874,1,0,1,Spain,Male,Regular,0
4041,18,66,485,26.591921748083756,1049.4932660490845,4,1,1,Germany,Male,Regular,0
4042,27,9,324,41.975260682973605,311.1973466492046,2,1,1,France,Male,Regular,0
4043,38,27,371,43.906764239242015,487.6684432230835,2,0,0,France,Female,Premium,1
4044,22,10,317,3.576524954278324,1951.4448973948265,1,1,1,Germany,Female,Premium,0
4045,19,23,631,90.64031797605496,1541.501335062035,2,1,1,France,Female,Regular,0
4046,39,3,396,32.6416186859157,557.5691388247892,2,1,1,France,Female,Regular,0
4047,65,12,311,226.6922671332794,804.2773677142317,3,0,1,Germany,Female,Regular,0
4048,74,72,310,63.193644175059184,542.5266333552759,2,0,1,Spain,Female,Premium,0
4049,19,56,462,245.1040979621787,107.88932428357654,2,1,0,Germany,Male,Premium,0
4050,27,36,582,30.20878403265246,312.8473580747734,4,0,1,France,Male,Regular,0
4051,51,47,540,7.586595792210477,1316.9721070512865,4,1,0,France,Female,Premium,1
4052,33,70,344,64.97086878012145,679.5203367118854,3,1,1,France,Male,Regular,0
4053,65,0,554,75.19993355246245,429.63876948185333,1,1,1,France,Male,Premium,0
4054,68,64,366,95.8101346493527,619.227837818121,4,1,1,Germany,Male,Premium,1
4055,78,11,341,17.93735630031171,1293.5557065730302,3,1,1,Germany,Female,Premium,0
4056,56,20,683,35.73733744917404,608.6380370516242,2,1,1,France,Male,Regular,0
4057,39,10,533,97.42261956696687,429.08228587872526,3,0,1,Germany,Female,Premium,0
4058,29,49,784,100.02643019296234,517.2285781160151,4,0,1,Germany,Female,Premium,1
4059,41,57,338,1.300971577901604,218.6592232398374,2,1,1,Spain,Female,Regular,0
4060,64,43,310,55.57223120960298,261.9327920359978,3,1,1,France,Female,Premium,0
4061,57,33,708,46.025901412068514,982.8822956079266,4,1,1,France,Female,Regular,0
4062,55,24,407,4.350811251589394,382.05297472994226,3,1,1,Spain,Male,Regular,0
4063,77,3,393,133.0602960983824,458.6099315547224,1,1,1,France,Male,Premium,0
4064,76,59,383,29.472909501941995,477.22925653850393,2,1,0,France,Male,Regular,1
4065,27,15,357,56.082436605290695,978.536017100596,3,1,1,Germany,Male,Regular,0
4066,52,9,592,107.19272961578734,502.8741915421324,3,1,1,France,Female,Regular,0
4067,68,65,315,6.970061946496828,1965.5273620380308,2,0,1,France,Female,Regular,0
4068,80,34,776,96.84266455126625,249.00295650906452,4,1,1,France,Female,Premium,0
4069,66,9,464,64.4231190466466,920.2069721291159,3,0,0,France,Male,Regular,1
4070,49,18,736,91.50183582989268,477.54287500962727,4,1,0,Germany,Male,Premium,0
4071,24,65,702,34.14357831638936,133.85297788401544,1,0,0,Germany,Female,Premium,1
4072,38,52,685,1.7029154500257455,662.6988072844964,2,1,1,France,Female,Regular,0
4073,37,7,437,55.511350514734346,153.56763300995553,4,1,1,Spain,Female,Regular,0
4074,43,9,830,23.462789720809972,495.41245551583853,4,0,0,Spain,Male,Regular,0
4075,80,66,592,25.743007105287063,432.0781223279888,4,0,1,France,Male,Regular,0
4076,21,48,774,29.10374852203386,706.4790499912745,1,1,0,France,Female,Premium,1
4077,63,28,761,33.95330290503207,493.43698627284533,2,1,1,Germany,Female,Regular,0
4078,69,14,672,54.225741210985746,340.2822937825728,4,1,0,France,Female,Premium,0
4079,39,22,461,64.87310612478304,248.68926237030533,4,1,1,Spain,Male,Regular,0
4080,32,55,343,74.99382607245273,133.3301609896419,1,0,1,France,Female,Premium,1
4081,73,41,382,55.677087695015146,830.2795978395636,2,1,0,Germany,Female,Regular,1
4082,57,25,838,81.34940599645974,591.0304711667204,3,0,1,Germany,Female,Regular,0
4083,38,9,818,6.51393202192281,50.0,2,1,0,France,Female,Regular,0
4084,32,46,710,90.64435455363612,499.6200516850613,3,0,0,Germany,Male,Regular,0
4085,39,3,640,24.49228637825624,1558.9546959730699,1,1,1,France,Male,Premium,0
4086,69,54,388,37.621157410891655,453.69202943812127,3,1,1,Germany,Male,Premium,0
4087,45,65,529,28.438576246831403,1248.2617422284786,1,1,1,France,Female,Regular,0
4088,31,66,317,32.28620269977288,483.4881243407975,3,1,0,Spain,Male,Premium,0
4089,44,3,580,16.803553813552487,536.8946904848161,1,1,0,France,Female,Premium,1
4090,78,54,721,9.313521816277797,1070.4050711154146,2,1,1,France,Male,Premium,0
4091,58,35,637,5.540697545607837,967.9941404182525,2,0,0,France,Male,Regular,1
4092,57,18,565,30.01917921544609,378.3811176452351,3,1,1,Spain,Male,Regular,0
4093,75,40,654,6.691485944651164,198.07141002269307,2,1,0,France,Female,Premium,1
4094,45,27,659,14.051113085062303,142.14322960032803,3,1,1,France,Female,Regular,0
4095,43,21,516,7.171345933685171,419.4900934339129,1,0,0,France,Male,Regular,1
4096,66,19,620,5.7773461571357485,657.5194365794604,4,1,1,Spain,Male,Regular,0
4097,80,12,511,107.04931717189459,983.3089293945139,1,1,1,Spain,Male,Regular,0
4098,19,42,502,56.04687556202984,866.2407655511112,4,1,1,Germany,Male,Premium,0
4099,42,10,452,128.69286852777668,724.4720021913317,2,1,1,France,Male,Regular,0
4100,73,47,728,51.64293505264743,314.63164636407805,2,0,1,France,Female,Regular,0
4101,79,14,586,92.87926862515697,247.50198495843293,3,1,1,Spain,Female,Regular,0
4102,20,16,620,40.517610457564565,310.81710954934044,3,1,1,France,Male,Regular,0
4103,25,53,735,31.053425150034762,580.3042843273262,4,1,1,France,Female,Premium,0
4104,61,49,795,37.58941240269155,816.195350324502,1,0,1,France,Male,Regular,0
4105,50,27,448,19.299707266562514,491.0468029316261,4,1,0,France,Female,Regular,0
4106,59,3,841,53.64319085447696,606.6925237767003,4,0,0,Spain,Female,Regular,0
4107,69,21,781,113.73629042938849,1410.3856107343627,1,1,1,France,Female,Regular,0
4108,52,38,625,76.24414230546952,792.2650749033086,3,1,1,Spain,Female,Regular,0
4109,23,33,328,30.994836938906616,839.7589946277925,2,1,1,Germany,Male,Premium,0
4110,56,43,558,153.86782119835448,684.8114898192167,2,1,1,France,Male,Premium,0
4111,69,41,374,211.4158395764179,881.4504319177765,3,1,1,Spain,Male,Premium,0
4112,40,39,797,33.97213681827383,327.86910392595814,4,0,1,France,Female,Regular,0
4113,42,11,715,99.99081053951286,354.235980475597,3,1,1,Germany,Female,Regular,0
4114,76,3,639,0.23908350815074297,233.18410683329603,4,1,1,France,Female,Regular,1
4115,67,27,607,3.4490502785822352,586.0973775061125,2,1,1,Spain,Male,Regular,0
4116,60,66,540,1.1321928438166193,384.56293069087604,4,1,1,Spain,Male,Premium,0
4117,36,70,552,74.17617847058118,852.7689538965147,2,1,1,Germany,Male,Premium,0
4118,22,71,519,4.1570770750095685,842.1887039266655,2,1,1,Germany,Male,Regular,0
4119,68,9,696,0.8598790182372158,251.94079515255768,4,0,1,France,Female,Regular,0
4120,28,51,635,7.974339692083805,334.865387249444,2,1,1,France,Male,Regular,1
4121,73,36,328,18.285409001988825,170.55077773771592,3,0,0,France,Male,Regular,0
4122,29,63,793,31.246460772199224,770.6467405218658,4,1,1,Germany,Male,Regular,0
4123,27,39,801,3.3820081645456086,599.3397252370671,1,1,1,France,Female,Regular,0
4124,25,59,453,34.55568582759143,484.45796043787374,2,0,1,France,Male,Regular,0
4125,41,47,530,14.255034424244267,470.2020892657697,4,1,1,Spain,Female,Premium,0
4126,77,18,401,16.035854817874554,2000.0,4,1,1,Spain,Male,Regular,0
4127,45,71,476,86.27113656854742,217.2003374455278,4,1,0,France,Male,Regular,0
4128,58,32,531,216.84721844150383,367.8182026727788,1,1,0,Germany,Male,Regular,0
4129,53,43,311,31.168373666556406,509.5886593022812,1,0,1,France,Female,Regular,0
4130,54,36,485,19.413492024217756,529.4095800595983,2,1,1,Germany,Female,Regular,0
4131,38,47,565,134.00826336702102,1677.161081429961,3,0,0,Germany,Male,Premium,1
4132,25,20,434,34.70222379708492,68.66621173835154,1,0,1,Spain,Male,Regular,0
4133,72,1,330,65.53218505248527,255.32854350059029,1,1,1,France,Male,Premium,0
4134,26,30,755,26.69959773034836,520.3493457512874,4,1,1,France,Male,Premium,0
4135,64,29,558,11.316717930119943,336.6111214204334,4,1,1,France,Female,Premium,0
4136,32,52,403,53.19389551674792,600.6890130463096,3,1,0,Germany,Male,Regular,1
4137,65,11,730,54.657757727873644,361.23672643691725,2,1,1,France,Male,Regular,0
4138,63,50,681,30.826333025185377,1048.0403676489998,4,0,1,France,Male,Premium,0
4139,57,48,768,15.732087708983016,1009.9528531013814,2,0,1,France,Male,Regular,0
4140,35,35,812,89.13408745323065,957.2196049865154,3,0,0,France,Male,Regular,1
4141,59,23,506,16.101125634046188,1073.210877288298,3,1,1,Spain,Male,Premium,0
4142,77,59,746,53.79715725654981,162.65942280307766,1,0,0,France,Male,Premium,0
4143,37,5,388,24.224248894220455,1225.0179418157707,2,1,1,France,Male,Regular,1
4144,23,12,494,31.978489240041224,1251.314099077906,4,1,1,France,Male,Regular,0
4145,29,71,713,11.874971625660114,566.8071690569531,4,0,1,France,Male,Regular,0
4146,19,71,421,52.41686786261742,679.027774842231,2,0,0,Germany,Male,Regular,0
4147,24,63,761,12.797920477101544,213.8668886685142,4,1,1,Germany,Female,Regular,0
4148,33,19,415,33.24879193318584,285.30803606088176,4,0,1,France,Female,Regular,0
4149,20,71,495,19.909039649389236,339.21732064390096,4,1,1,Spain,Female,Regular,0
4150,62,72,335,165.6672005412974,1149.3970065107872,4,1,1,France,Male,Regular,0
4151,20,70,366,201.487134355174,87.53044451569029,3,0,0,Spain,Male,Regular,0
4152,44,27,580,70.01790108862286,550.6132148304138,3,0,1,France,Female,Regular,0
4153,67,1,778,206.50116173760318,583.6158694639576,4,0,1,Germany,Male,Regular,0
4154,60,42,310,6.026564089317079,699.1819298553119,2,1,1,Germany,Female,Regular,0
4155,57,7,621,243.4870953422029,1374.2354093913616,4,1,1,France,Female,Regular,0
4156,55,21,539,5.465967987015944,358.58852421849684,2,1,0,Germany,Female,Regular,1
4157,50,34,359,26.8457996399013,543.6019959863911,2,0,0,Spain,Male,Regular,0
4158,45,22,464,13.652651375370372,742.6379167163275,1,1,1,Germany,Female,Regular,0
4159,18,45,488,153.78854275075918,1569.0141029574697,1,1,0,Spain,Male,Regular,0
4160,72,14,786,50.50122378023353,123.73958153364691,1,0,1,France,Male,Regular,0
4161,25,1,391,45.456761411009325,677.1105058169762,2,1,1,France,Female,Premium,0
4162,54,72,588,250.0,182.87456247984366,2,1,0,France,Male,Regular,1
4163,49,70,808,47.392437436641785,1613.1498860555605,2,0,0,Germany,Male,Regular,1
4164,77,51,374,51.945505446557426,86.67851552203668,2,1,1,France,Male,Regular,0
4165,65,35,727,2.2903815304702064,943.7444889903585,2,0,1,France,Male,Regular,0
4166,60,66,684,97.96771663435834,113.9046852186809,3,0,0,Germany,Female,Regular,0
4167,54,68,352,175.47717037973885,381.74318978638547,4,1,1,Germany,Male,Regular,0
4168,21,66,474,161.33425001772602,203.29303521217216,1,1,1,France,Female,Premium,0
4169,47,46,773,12.493990647706337,270.06667915955205,2,1,1,Germany,Female,Regular,0
4170,23,1,660,12.803701832891567,141.89902751781824,3,1,0,France,Male,Regular,0
4171,63,43,569,22.789032864838084,795.9592983151823,1,1,0,France,Male,Regular,0
4172,71,58,706,18.568408917524778,410.6176662826496,4,0,0,France,Male,Premium,1
4173,36,27,423,18.236410473042696,550.2787801566084,3,1,1,France,Male,Regular,0
4174,49,53,675,46.470915780997494,708.6937993926863,2,1,1,France,Male,Regular,0
4175,26,66,691,81.89392876184466,645.5871971964999,3,1,0,Germany,Male,Regular,0
4176,29,35,481,138.0473658946493,1289.1426002887056,3,1,1,France,Male,Premium,0
4177,28,62,335,3.513638720167704,982.6980348048413,4,1,1,France,Male,Regular,0
4178,63,24,511,16.285016471565964,1708.5221919192923,3,1,1,Germany,Male,Regular,0
4179,72,47,433,14.719477430818618,250.20659183026345,1,1,1,Spain,Male,Regular,0
4180,33,45,790,22.114727889371302,1256.4743795084505,3,0,0,France,Female,Regular,1
4181,18,53,737,27.61140523215483,923.6228059486425,1,0,0,Germany,Male,Regular,1
4182,80,20,345,24.64695001413811,523.6863643148985,2,1,1,Germany,Male,Regular,0
4183,62,29,700,151.9812921320807,641.5906530526281,2,1,1,Germany,Female,Regular,0
4184,72,30,787,28.735245319952107,197.24729044026918,1,1,1,France,Female,Regular,0
4185,70,25,731,40.10265101570047,156.4856558031951,2,0,0,France,Female,Regular,0
4186,38,31,727,69.04211861006374,947.6339905139176,4,1,0,France,Male,Regular,1
4187,47,20,816,64.56462907721439,569.3444669400096,4,1,1,France,Male,Regular,0
4188,30,0,761,43.729204441888854,359.20063215806016,4,0,1,France,Male,Premium,0
4189,51,36,480,98.60368057108802,263.84347400053224,4,0,1,Germany,Male,Premium,0
4190,21,45,444,48.9324228260072,1926.0338735843975,1,0,1,Germany,Male,Premium,0
4191,45,8,564,103.87570896726305,110.60816555292557,4,1,1,France,Male,Premium,0
4192,55,16,705,18.031692115330085,528.0720578707004,1,1,1,France,Female,Regular,0
4193,75,46,783,7.079542112187591,581.2715090728085,3,1,1,Germany,Female,Regular,0
4194,48,58,781,85.60689201573835,665.4782390309475,1,1,1,France,Female,Regular,0
4195,76,53,536,24.105260583480963,113.212183778183,2,1,1,Germany,Male,Regular,0
4196,72,11,824,52.64628558824532,143.62901059390634,4,1,1,France,Female,Premium,0
4197,44,63,638,66.83926019717413,940.3054392478668,1,1,1,Spain,Male,Regular,0
4198,22,5,567,19.778992094368494,706.1080391164927,1,1,1,Germany,Male,Regular,0
4199,42,62,565,35.17638244102122,1106.3734041906266,1,1,0,France,Male,Regular,1
4200,20,15,827,112.6547658897622,876.45223120816,3,1,1,Spain,Female,Regular,0
4201,50,4,391,105.92709896253005,452.1576513676598,1,0,1,Spain,Male,Regular,0
4202,21,71,547,69.18629861535453,1492.3023073161485,4,0,0,France,Male,Regular,1
4203,42,45,318,71.92983599967009,866.7461604656369,2,1,1,France,Female,Regular,0
4204,37,27,689,113.984680234357,286.03079446893855,3,0,0,Germany,Female,Regular,1
4205,51,43,687,66.65330059304495,578.6102837786532,2,1,1,Spain,Male,Regular,0
4206,43,62,394,20.74436988722167,523.092598593456,3,1,1,Germany,Female,Regular,0
4207,79,51,729,6.436158797515204,1013.8083061246269,3,0,1,France,Female,Regular,0
4208,79,25,336,27.39904556680866,132.82267825449009,4,1,1,Germany,Male,Regular,0
4209,22,59,692,4.569780459123077,67.84162443482111,2,1,0,France,Female,Regular,1
4210,52,41,590,6.15194739554197,710.2402039078235,2,0,1,France,Female,Regular,1
4211,78,18,602,149.9590033550311,374.4986020612367,3,0,1,France,Female,Regular,0
4212,45,53,700,56.33314685036913,635.8019624744014,4,1,0,France,Male,Regular,1
4213,46,7,643,95.3951289236817,677.3631162300786,4,1,1,France,Female,Regular,0
4214,26,22,817,51.48685826394836,744.6627706134557,3,1,0,Germany,Female,Regular,0
4215,69,34,676,27.11065729251578,930.1778567052899,2,0,0,Spain,Male,Premium,0
4216,55,52,464,1.2740337526581245,781.6501471464054,3,0,0,Spain,Male,Regular,0
4217,67,57,312,155.99343908893334,56.25972158490417,3,0,1,Germany,Male,Premium,0
4218,23,4,324,3.6786926976897893,688.9862443946353,3,1,1,France,Female,Premium,0
4219,36,15,422,47.10133726468598,695.9651143052769,4,1,0,France,Male,Regular,0
4220,77,16,428,5.390576498737994,854.822740155692,3,0,0,Germany,Male,Regular,0
4221,61,31,846,16.714069415417278,197.97913118238637,3,0,1,France,Female,Regular,0
4222,74,52,608,10.278534209403336,341.4468828822391,1,0,0,Germany,Female,Premium,1
4223,28,19,735,40.340090446825194,452.9671704987189,4,1,1,Germany,Female,Regular,0
4224,19,65,481,109.05172268262358,152.86729489465552,4,1,0,Germany,Female,Premium,0
4225,64,0,342,50.478216667819176,1069.8225938370756,1,1,1,France,Male,Premium,0
4226,61,57,703,54.56019287535835,705.3439148908689,3,1,1,Spain,Female,Regular,0
4227,61,43,562,119.80716334019492,681.3341796671135,4,0,1,France,Male,Regular,0
4228,26,5,369,69.19989559317605,84.09038161933651,1,1,1,Spain,Male,Regular,0
4229,38,49,591,100.47929770534456,225.9724760608916,3,1,0,Germany,Female,Regular,0
4230,41,71,513,26.926295590411186,507.85920190944825,4,1,0,Spain,Male,Premium,0
4231,51,19,446,100.25617646609257,751.3971513202229,4,1,1,France,Male,Premium,0
4232,39,13,324,51.903344238174,516.5904855648257,3,0,1,Spain,Male,Regular,0
4233,20,4,622,7.286432901203231,698.0846403007557,3,1,1,France,Male,Premium,0
4234,29,40,408,1.974087796186475,417.1298457781183,1,1,1,Spain,Male,Premium,0
4235,45,39,550,13.987971229354839,154.72025305670587,3,1,1,France,Male,Regular,0
4236,47,33,781,23.768874033908208,223.89545968674568,1,1,1,Spain,Male,Regular,0
4237,43,44,474,90.87475009338993,1355.4826123458643,3,1,0,France,Male,Premium,0
4238,65,70,646,67.59359494863885,213.02699330520892,4,1,0,Germany,Male,Regular,0
4239,38,70,469,155.47386742070236,864.1063908660125,1,0,1,Germany,Female,Regular,0
4240,45,26,301,40.95534255749794,602.4620334586824,1,1,1,France,Male,Premium,0
4241,73,43,661,68.86507622947039,568.0774100185209,2,1,1,Spain,Male,Premium,0
4242,43,32,595,16.098728836809954,1019.0090826762033,4,1,0,Germany,Male,Regular,0
4243,79,32,501,56.90580338570596,968.3636374643044,3,0,1,France,Female,Regular,0
4244,50,43,588,61.23449691396302,189.4075489286689,1,1,1,Spain,Female,Regular,0
4245,38,19,361,94.3305460916448,986.7716630163935,2,1,1,France,Male,Regular,0
4246,52,34,801,38.437037030742665,973.7812872487427,3,1,0,Germany,Male,Premium,1
4247,69,6,425,52.34918605685679,186.97261662939394,4,0,1,Germany,Female,Regular,0
4248,51,31,348,11.348092217850878,443.595864737687,1,1,0,France,Male,Regular,0
4249,58,66,478,66.73428294795585,325.67506790781897,2,1,1,France,Male,Regular,0
4250,68,38,792,91.13518383081598,281.52363921342226,2,1,1,Germany,Female,Regular,0
4251,64,23,732,45.03781912798272,386.7142734353948,2,1,1,France,Female,Regular,0
4252,35,69,601,6.14650144505012,877.6351259779733,1,0,1,France,Female,Premium,0
4253,75,53,468,18.76066877893865,276.4955896690611,4,1,1,Germany,Male,Regular,0
4254,28,37,568,32.26688924136164,718.2809029889115,3,1,1,France,Female,Regular,0
4255,74,31,663,56.5302920973321,840.9369851670189,3,1,1,Germany,Female,Regular,1
4256,40,44,399,19.307181876379325,926.6874964370461,2,1,1,Spain,Male,Premium,0
4257,65,60,514,91.7201095568188,208.0386102450374,3,1,1,France,Female,Regular,0
4258,39,69,396,23.244022069870546,976.603022000089,4,1,1,Germany,Male,Regular,0
4259,34,52,847,2.1890448434418124,1105.3522748122714,2,1,1,Germany,Male,Regular,0
4260,22,50,636,78.99260035076802,260.08401760585184,4,1,1,France,Male,Premium,0
4261,61,55,658,51.67258126754643,50.0,4,1,1,Germany,Male,Regular,0
4262,28,26,589,80.96342744204787,713.3224564893969,1,0,1,Germany,Female,Regular,0
4263,47,37,695,21.453819672074353,1044.1045493598963,1,1,1,Germany,Male,Regular,0
4264,32,61,659,0.8893727557966178,892.4065382999684,3,1,0,Germany,Female,Premium,0
4265,44,17,646,3.8307129411260084,601.3070436058774,2,1,1,France,Male,Regular,0
4266,52,63,423,5.927960754707677,317.45052743530505,1,1,1,France,Male,Regular,0
4267,50,29,837,81.77564089996652,668.4659030889554,3,1,1,Spain,Male,Regular,0
4268,37,48,721,17.936334821500623,212.7253782634694,2,1,1,Germany,Male,Premium,0
4269,78,35,635,250.0,2307.714980162283,4,1,1,France,Male,Regular,1
4270,33,12,802,71.0211893165046,793.2994074731222,4,1,1,Germany,Female,Premium,0
4271,51,33,356,45.95911455653348,682.3016944074943,1,1,0,Germany,Male,Regular,0
4272,19,38,375,205.58291517736768,109.63991861703384,4,0,0,France,Female,Regular,1
4273,52,65,765,19.01247466291612,293.87948979843276,3,0,1,Germany,Female,Premium,0
4274,57,17,584,9.053051726573154,208.35893883192068,2,0,1,France,Male,Regular,0
4275,73,4,685,66.8319846611357,581.9870884931099,2,0,1,Germany,Female,Regular,0
4276,45,18,558,16.29228149230712,586.2453691050945,1,0,1,Germany,Male,Premium,0
4277,64,41,776,162.25704774634926,524.5783557505213,3,0,0,Germany,Male,Regular,0
4278,56,17,310,221.4320697881844,973.3019713515013,3,1,1,Spain,Female,Regular,0
4279,23,34,559,130.45849850243562,184.37219338297007,2,0,1,France,Male,Regular,1
4280,26,20,692,144.8049932295792,255.1750941709411,1,1,1,France,Male,Regular,0
4281,37,16,668,47.81071085982474,481.67467436910897,1,1,0,Spain,Male,Premium,1
4282,77,36,483,58.902039804964254,269.97414662052387,4,1,1,Germany,Female,Premium,0
4283,18,48,315,4.949385358820821,465.36114322578936,3,1,1,Germany,Male,Regular,0
4284,25,12,805,71.99534023358476,230.10798941283622,4,1,1,France,Male,Regular,0
4285,72,54,385,11.286304351842997,208.7500890756618,4,1,1,France,Male,Regular,0
4286,40,16,309,91.731070809478,101.32188178537976,2,1,1,France,Female,Regular,0
4287,80,8,776,162.89619444061253,54.183392642381875,3,1,1,Germany,Female,Regular,0
4288,20,43,463,11.936826440922808,239.52292594613058,3,1,1,France,Female,Regular,0
4289,21,45,323,4.062190305482394,657.4971781845608,2,1,1,Germany,Female,Regular,0
4290,75,7,611,33.071781388339396,887.2481292952854,1,1,1,France,Male,Premium,0
4291,42,36,537,78.40265308495059,815.4343016758686,4,0,1,Germany,Female,Regular,0
4292,64,18,761,73.6231599176972,713.1756923626515,4,1,1,Spain,Female,Regular,0
4293,55,72,761,59.67118307820078,557.4808978689753,4,1,0,France,Female,Premium,1
4294,32,45,537,85.93362675892521,1079.7466827989415,4,1,1,France,Male,Regular,0
4295,80,68,321,9.617888734031672,856.569872240204,3,0,1,Germany,Male,Regular,1
4296,38,34,479,52.76869792755129,254.53203943500264,2,1,0,France,Male,Regular,1
4297,52,45,798,46.52953908475936,1363.9455861389436,1,1,1,Spain,Male,Regular,0
4298,74,45,774,8.328221177773228,462.552543633298,2,0,1,France,Female,Regular,0
4299,70,13,638,26.758227229342836,923.4128660209769,2,1,1,Germany,Female,Premium,0
4300,70,72,830,95.70643051739268,324.1629081477494,4,0,1,Spain,Female,Regular,1
4301,63,71,461,178.4248638211726,410.3540200413439,4,1,0,Germany,Female,Regular,0
4302,69,2,360,54.745484225339716,623.7922321217256,4,0,1,France,Female,Regular,0
4303,31,27,384,127.51454329243327,925.4410237634373,2,1,1,France,Male,Premium,0
4304,53,28,846,7.081014159613656,669.3240880877945,1,1,0,France,Male,Regular,0
4305,29,17,789,184.5651707626683,564.2480417328716,1,1,1,France,Male,Regular,0
4306,34,29,304,1.7040352403070909,816.935361080031,1,1,1,France,Female,Regular,1
4307,56,53,375,37.460409382549415,150.33793264197993,3,1,0,France,Male,Premium,1
4308,26,4,552,17.19557503574079,915.7769726126232,3,0,1,Germany,Male,Regular,0
4309,52,63,306,84.07600257154249,322.967954515663,4,1,0,France,Female,Premium,1
4310,77,58,772,12.265855899574566,690.1536473906509,1,1,1,France,Male,Regular,0
4311,30,46,437,0.5798511503638006,1037.4487420783323,3,1,1,Spain,Female,Premium,0
4312,32,12,657,26.773803172040772,718.6987646397611,2,1,1,France,Male,Regular,0
4313,35,32,462,3.3127595641922123,653.0592974983168,2,1,0,Germany,Female,Premium,0
4314,68,61,617,17.131034829227467,706.7003862131384,4,1,1,Germany,Female,Premium,0
4315,50,15,757,51.605803394409676,1112.4150797217906,2,1,1,France,Female,Premium,0
4316,23,43,552,17.456826935034204,593.248990780046,3,0,0,France,Male,Premium,0
4317,76,57,500,14.104435712378347,80.6462477509274,1,1,1,France,Female,Premium,0
4318,44,5,831,8.450270362378749,220.79107387015847,3,1,1,Germany,Female,Premium,0
4319,40,14,464,7.261247633837624,264.018216561314,3,0,1,Germany,Male,Regular,0
4320,76,1,531,37.31235510436921,291.3651099014987,4,0,0,France,Male,Regular,1
4321,44,55,627,57.20774271355101,348.05096032383904,1,1,1,Spain,Female,Regular,0
4322,51,63,537,30.140942729079335,199.8002019086412,2,0,1,France,Female,Regular,0
4323,73,72,419,6.596810368913587,784.3739419482682,1,1,0,France,Male,Regular,1
4324,63,33,549,52.171600601488336,318.42562611119325,2,0,1,Germany,Female,Regular,0
4325,55,55,635,40.72303561567878,907.1620555137708,4,1,1,Germany,Female,Regular,0
4326,31,31,583,24.004755288422373,360.6551393266239,1,1,1,France,Male,Regular,0
4327,53,8,497,20.027376745228597,134.19535556199472,3,1,1,Spain,Female,Regular,0
4328,70,62,715,10.115166945258684,107.30022424077649,1,1,1,Spain,Female,Regular,0
4329,25,72,694,7.908740052828691,798.0651610549089,4,1,1,Germany,Male,Regular,1
4330,79,32,450,20.68280523090379,1024.050699527783,1,1,1,Germany,Male,Regular,0
4331,52,20,564,2.1261263607244056,201.16553104290097,2,1,1,Germany,Female,Regular,0
4332,36,54,519,28.69070403714836,1325.73267816538,1,1,0,France,Male,Regular,0
4333,47,53,515,46.01166584354372,680.0514330796934,1,1,0,Germany,Male,Regular,1
4334,80,1,614,142.06845963674877,413.2632991624714,4,1,1,France,Male,Premium,0
4335,31,16,515,49.1520038578699,170.22042170772914,1,1,0,France,Male,Regular,1
4336,76,3,634,48.91842041621608,913.5497458603554,1,1,1,Germany,Male,Regular,0
4337,37,49,658,23.45338781386292,435.98773039019227,3,1,1,Germany,Male,Premium,0
4338,66,47,460,7.154108899266055,615.2977345792059,1,1,0,France,Female,Regular,0
4339,42,29,810,29.61422705293134,137.70847799442132,1,0,1,Germany,Female,Regular,0
4340,57,28,456,45.64934964516911,296.2723426105996,4,1,1,France,Female,Premium,0
4341,41,12,461,64.3738073844052,661.4810839828853,2,1,0,Germany,Male,Regular,1
4342,31,11,341,87.4599402354269,876.5074590921246,1,1,0,Spain,Female,Premium,0
4343,43,39,479,14.780879918666267,842.7619028769302,3,1,0,Spain,Male,Regular,1
4344,55,25,602,13.802174890914499,206.8912515209956,4,1,1,Germany,Female,Regular,0
4345,40,49,629,41.65494130339986,140.14585405229477,2,0,0,Germany,Male,Premium,0
4346,39,1,728,41.73728648372028,640.1815030329846,4,1,1,France,Male,Regular,0
4347,65,54,649,12.291689226517894,421.3425986564655,2,1,1,France,Male,Regular,0
4348,74,55,419,44.27296106523394,172.6653891202146,1,1,1,France,Female,Regular,0
4349,36,13,374,21.22313499965736,347.0495732110489,2,0,1,Germany,Female,Regular,0
4350,63,5,422,50.987502641679114,1231.4518881159584,2,0,0,Germany,Male,Premium,0
4351,68,60,481,17.19814101334768,1503.350857228528,1,1,0,France,Male,Regular,0
4352,20,11,556,44.860176854240564,549.9984578396668,3,1,0,France,Female,Regular,0
4353,59,12,568,73.11775928580255,1064.6542921090636,3,0,1,Germany,Male,Regular,0
4354,36,18,792,195.99967352288132,1029.4796392586768,1,1,1,Germany,Male,Regular,0
4355,26,51,479,120.99419406122055,431.82649751009023,4,1,1,France,Male,Regular,1
4356,45,58,448,35.012491974187874,175.01130106309216,4,0,1,France,Male,Premium,0
4357,37,36,817,33.505634491548,158.39023340982624,2,1,1,France,Male,Premium,0
4358,62,24,447,28.78598871200883,654.4318274696528,4,1,0,France,Female,Premium,0
4359,24,15,308,1.4071460501462298,50.0,4,1,1,France,Male,Premium,0
4360,31,37,477,9.073365937135387,1630.5562494086887,1,1,1,France,Male,Regular,0
4361,80,40,694,3.0506551794383645,397.9411704006616,1,1,0,Spain,Male,Regular,1
4362,26,13,630,59.59481511463714,307.994593807477,2,1,1,Germany,Female,Regular,0
4363,76,5,355,26.656514195417053,1308.2992543901998,4,1,0,France,Male,Regular,0
4364,77,22,506,3.2946987977321283,472.5797990218146,2,1,1,France,Male,Regular,0
4365,72,59,404,58.651989675896566,517.5521197388404,1,0,0,France,Male,Regular,0
4366,74,11,846,51.70248160126971,926.7618196005317,4,0,1,Spain,Male,Regular,0
4367,77,25,654,63.64164685445615,726.141557856755,2,1,1,Germany,Female,Regular,1
4368,36,5,788,45.79380561223386,1310.3928015342078,2,1,1,France,Female,Regular,0
4369,64,62,802,8.809393912808387,435.771671166328,3,1,1,Spain,Female,Regular,0
4370,69,43,349,3.167883477115463,1363.2169746639393,3,1,0,France,Male,Premium,1
4371,31,49,386,84.95198760530694,814.9022933728571,4,0,1,France,Female,Premium,0
4372,73,51,602,12.155133226757616,290.44255105708396,4,1,1,France,Male,Regular,0
4373,55,39,300,39.1021154956947,322.94655216210623,1,1,1,Spain,Male,Regular,0
4374,70,7,680,33.20049274783457,973.8821306709182,1,1,0,France,Female,Regular,0
4375,78,60,661,126.94863582940611,440.36080843748715,1,0,0,Spain,Male,Regular,0
4376,53,7,680,40.19720688552996,187.8873464835511,3,0,1,Germany,Male,Regular,0
4377,57,33,461,43.377038590781865,1145.2509728632765,2,1,1,Spain,Male,Regular,0
4378,34,59,318,19.246742700109817,1139.961127237336,1,0,1,Germany,Female,Regular,0
4379,47,56,542,159.3382250385031,331.97435108964794,3,1,1,France,Male,Regular,0
4380,26,45,428,47.38569231974582,50.0,1,1,1,France,Male,Regular,0
4381,50,21,475,0.24964135171108962,797.305664464898,3,0,1,Spain,Female,Premium,0
4382,73,39,708,40.605800619923876,400.8679858075898,3,0,1,France,Female,Regular,0
4383,69,44,383,22.617254221465284,487.36258850207196,4,1,1,Spain,Female,Premium,0
4384,42,54,675,1.6319555977952056,1054.1202192717203,2,0,1,Spain,Female,Regular,0
4385,31,50,521,28.242077153883038,298.0833205680143,3,0,1,France,Male,Regular,0
4386,28,4,624,74.26519620389492,186.27018983126194,2,0,1,Spain,Male,Regular,0
4387,70,12,750,35.03774811983192,767.280586861133,1,0,1,France,Female,Regular,0
4388,52,28,715,51.0074918356745,260.2933269693094,4,1,1,Spain,Female,Regular,1
4389,58,65,744,51.046667725098,422.55982576012946,4,0,1,France,Male,Regular,1
4390,76,23,624,55.58781000501591,107.5770672304845,2,1,1,Germany,Female,Regular,0
4391,31,6,822,24.518170062706282,791.8955944034233,4,1,1,Spain,Female,Regular,0
4392,47,37,465,23.102157033433457,404.9517894288788,4,1,1,France,Female,Regular,0
4393,58,36,537,0.2297536269532066,712.6698483611156,1,0,1,France,Female,Premium,0
4394,21,67,312,8.374945483138621,286.4022336180458,1,0,1,France,Male,Regular,0
4395,76,41,556,150.60346269458694,775.2153828056985,4,1,1,France,Female,Regular,0
4396,21,4,813,92.39005859148058,408.64109068976865,4,0,1,France,Female,Regular,0
4397,45,63,509,16.0866602063826,262.5204380633517,2,1,1,France,Female,Regular,0
4398,25,63,783,25.640709058966415,733.821206453373,1,1,0,Germany,Male,Regular,1
4399,19,14,664,140.6050149405009,2000.0,4,0,1,Spain,Male,Premium,0
4400,58,72,524,14.413744376834797,498.64280682269964,4,1,1,France,Male,Regular,0
4401,78,47,493,38.02132276416962,398.17906727054435,1,0,1,France,Female,Regular,1
4402,63,23,495,1.1163595531903654,508.1801641471633,1,0,0,France,Female,Regular,1
4403,39,8,699,48.34432352693585,195.4774666048781,1,1,1,Germany,Male,Regular,0
4404,58,37,356,133.01559962677314,307.833266163444,3,1,0,France,Female,Regular,0
4405,73,28,512,108.02971002006923,621.5337477737872,3,1,0,Germany,Female,Premium,1
4406,80,48,578,34.85466989492928,278.3702243009802,2,0,0,Germany,Male,Premium,0
4407,80,67,679,52.4399855495293,788.016712114444,3,0,0,France,Female,Premium,0
4408,72,14,416,42.17504320703907,404.57771781715985,3,0,1,France,Male,Regular,0
4409,33,72,750,3.4661236553821744,1066.5358947360612,3,0,1,France,Male,Regular,1
4410,46,53,709,8.64174410885896,315.0331401966708,3,1,0,France,Male,Regular,0
4411,79,29,666,165.95872915666686,427.81142972720374,4,1,1,France,Female,Premium,0
4412,66,19,412,14.78360854684609,1093.1208423240996,4,1,0,France,Male,Regular,0
4413,65,32,463,24.26189141941132,543.346452303334,4,0,1,Germany,Male,Regular,0
4414,47,6,303,35.55988659326316,114.69197280376525,3,1,1,Germany,Male,Regular,0
4415,29,7,322,193.47722972019346,1168.1982612675197,3,0,0,France,Female,Regular,0
4416,52,28,391,58.558101703823084,1760.4644947747508,2,1,0,Germany,Male,Regular,1
4417,28,44,768,49.6583860207394,91.23824847634253,2,1,1,France,Female,Regular,0
4418,63,72,454,37.158902810973174,366.000516112053,2,1,1,Germany,Female,Regular,0
4419,67,10,506,60.31116918146121,1360.8986519979742,3,0,1,France,Male,Regular,0
4420,38,30,380,54.53457066882101,1135.7755157202346,4,1,0,France,Male,Regular,0
4421,80,11,782,116.57026791546257,546.3146532226264,3,1,1,France,Female,Regular,0
4422,38,50,706,39.02632821165437,50.0,3,1,0,France,Male,Regular,0
4423,22,43,402,27.366060316320855,1577.0952209087172,1,1,1,Germany,Male,Regular,0
4424,65,49,539,82.29524831607931,1124.310224965347,3,1,1,Germany,Female,Regular,0
4425,37,16,564,80.41775861214823,2000.0,2,1,1,France,Female,Regular,0
4426,54,34,332,9.30662674848725,167.037780090711,1,0,1,France,Female,Regular,0
4427,20,0,334,13.51123369570533,400.2723390699796,1,1,1,France,Female,Regular,0
4428,61,26,548,159.26995057286345,1779.726846387055,3,1,0,Germany,Female,Regular,1
4429,50,50,349,29.359200780998734,130.72116080249367,3,0,1,France,Male,Premium,0
4430,70,63,579,36.663127128853844,291.80249413674363,2,1,1,France,Female,Regular,0
4431,78,3,451,18.56478864652049,969.6204117349932,2,1,1,France,Male,Regular,0
4432,26,27,850,32.79941254200553,670.2288725303077,3,0,0,Germany,Female,Premium,0
4433,78,15,836,68.0033867149816,257.4572751522679,2,1,1,France,Female,Regular,0
4434,26,62,529,32.92232350299321,184.79450501696476,2,1,0,France,Male,Regular,0
4435,21,52,587,18.90110771431506,1033.2349417288322,3,0,1,France,Male,Regular,0
4436,52,16,694,5.046351482315202,241.45767142144348,2,0,1,Spain,Male,Regular,0
4437,34,39,752,131.73640011090956,304.7136819726129,1,1,1,Germany,Female,Regular,0
4438,51,12,332,102.65276612524441,416.1883025239446,1,1,1,France,Female,Regular,0
4439,41,51,662,78.3584346863405,1127.0063690673542,2,1,1,France,Male,Regular,0
4440,49,57,410,59.22010559534046,1942.43178442751,1,1,0,France,Male,Premium,0
4441,18,36,420,36.23291246011099,494.53164560263525,4,0,1,France,Male,Regular,0
4442,25,60,315,113.84430111967379,213.54718023600603,2,0,1,France,Male,Regular,0
4443,62,33,822,78.43915966647185,50.0,1,1,1,Germany,Male,Regular,0
4444,40,69,397,84.64392230341065,591.1691997106929,4,0,1,Spain,Male,Premium,0
4445,64,16,415,18.520620255535334,570.3492682122833,4,0,1,Germany,Female,Premium,0
4446,57,19,770,27.535378135584722,50.0,2,0,1,Germany,Male,Regular,0
4447,29,72,738,61.34540155557625,286.69643996456193,3,0,1,Germany,Male,Premium,0
4448,71,57,580,23.186153919614355,613.3882999716839,4,0,1,France,Male,Premium,1
4449,29,68,648,34.05842593041521,540.7885667115123,2,1,1,France,Female,Premium,0
4450,63,32,531,51.99542390334779,585.0665611705616,3,1,1,France,Female,Premium,0
4451,64,16,410,28.7911815522715,251.604683402895,4,1,1,France,Female,Premium,0
4452,32,56,651,78.76139214877796,271.26012835007907,4,0,1,France,Female,Regular,0
4453,58,0,311,6.18068473524757,367.2517265008815,4,1,1,Germany,Female,Premium,0
4454,36,12,787,63.302430871128756,884.0861075169591,2,0,1,France,Male,Regular,0
4455,43,26,832,7.84497625781668,885.8764334899279,2,1,1,Germany,Male,Regular,0
4456,69,70,584,138.90190107976318,517.7099735564198,3,1,0,Spain,Female,Regular,1
4457,46,71,844,18.846629044580933,934.6900892776124,4,1,1,France,Female,Regular,1
4458,39,7,691,79.34283026613645,137.09701124435495,1,1,1,France,Female,Regular,1
4459,57,22,469,36.84627893321063,468.34941996896,3,1,1,France,Male,Regular,0
4460,38,9,376,4.775298610853499,298.0741911485713,1,1,1,Spain,Female,Regular,0
4461,68,50,596,43.68393954015492,404.4117576272965,4,1,1,Germany,Male,Regular,0
4462,55,23,629,121.6220122112905,1150.6532886794794,2,1,1,Spain,Male,Regular,1
4463,37,50,362,8.553320973876215,616.7205080542394,1,1,0,Germany,Male,Regular,0
4464,74,67,569,19.379315727405658,398.4148949187334,2,0,1,France,Female,Regular,0
4465,46,41,515,28.915862469843358,754.9949101132681,4,1,1,Spain,Female,Premium,0
4466,68,56,489,16.082840881036773,199.73580310848936,3,1,1,France,Female,Premium,0
4467,21,67,374,143.92366852721068,474.63301254648974,1,0,0,Germany,Male,Regular,0
4468,72,37,809,23.70060380192451,989.8591968577299,2,1,1,Germany,Male,Premium,0
4469,24,61,392,53.65630079727054,283.6814900000889,1,1,0,Germany,Female,Regular,0
4470,45,6,352,12.674775107070518,638.114623390776,4,0,0,Germany,Male,Regular,0
4471,45,72,795,12.404221355885223,703.8321525844794,3,1,0,Spain,Female,Regular,1
4472,21,49,393,9.670096032297508,736.5041368601949,4,0,1,Germany,Male,Regular,0
4473,39,51,528,28.52986630418008,438.06188768315775,2,0,0,France,Male,Regular,0
4474,29,25,549,38.056121602396054,310.8364600557731,4,1,1,France,Male,Premium,0
4475,62,27,690,0.5403172268729937,1442.6959301047461,3,1,0,Spain,Male,Regular,1
4476,20,18,481,89.46515271827862,347.8234914102176,4,1,1,Germany,Male,Regular,0
4477,39,8,566,35.94929647011813,593.4511559194474,2,1,1,Germany,Male,Regular,0
4478,61,71,580,8.551868573230056,255.04616606081171,4,1,1,France,Female,Premium,1
4479,19,19,382,3.4832251617134933,264.1480842524538,1,0,1,France,Male,Regular,0
4480,41,49,485,3.2642358204989215,403.8400957639029,1,1,0,Germany,Female,Regular,0
4481,51,21,830,14.896283763722757,428.8196990854958,1,1,1,Germany,Female,Regular,0
4482,44,12,647,34.586623883305144,1270.6602117690584,1,0,1,France,Male,Regular,0
4483,72,11,722,98.39126466030986,764.4897721701402,3,0,1,Spain,Male,Regular,0
4484,58,9,753,116.63439700887557,2000.0,2,0,1,Germany,Female,Premium,0
4485,18,64,566,89.28725558332783,173.77394839447092,1,0,0,Spain,Male,Regular,0
4486,25,29,806,19.916789220958528,1033.0925364910506,1,0,1,France,Male,Premium,0
4487,40,7,441,18.30436592033082,663.7135047126974,1,1,1,Germany,Male,Regular,0
4488,55,20,615,218.93498935864125,332.9479464185572,1,1,1,Germany,Male,Regular,0
4489,23,21,531,57.17221406025676,305.7922756564259,2,0,1,Germany,Male,Regular,0
4490,39,16,596,18.18871432691607,745.2060167810228,4,0,0,Germany,Female,Regular,1
4491,42,72,321,19.955280059715346,564.2131565472953,1,1,1,Germany,Female,Regular,1
4492,35,47,683,28.51502174071398,597.1932156072629,4,1,1,Germany,Male,Regular,0
4493,34,47,425,48.617491632884565,1249.6608213039196,2,0,0,France,Female,Regular,1
4494,78,8,402,114.12890862819904,896.1047748097899,4,1,1,Germany,Female,Regular,0
4495,29,66,409,11.051484336079264,252.72726055412866,4,0,1,France,Female,Regular,0
4496,23,64,771,4.408970089679872,1035.38089835161,3,1,0,Germany,Female,Regular,1
4497,43,25,364,26.02293734622322,344.3741872062248,4,0,0,Germany,Male,Premium,0
4498,44,29,771,14.082050000530339,175.9670738763092,4,0,0,France,Male,Regular,1
4499,25,33,375,42.904944335866944,1018.3777637897872,4,1,1,Germany,Male,Regular,0
4500,36,7,318,60.067950687303885,134.814532687006,1,1,1,France,Female,Regular,0
4501,77,9,683,18.606542510172204,986.5666547249033,1,1,0,Germany,Male,Premium,0
4502,59,47,489,57.83081652266975,292.0487370249202,3,1,1,France,Male,Premium,0
4503,18,54,659,21.014770891128283,597.7916888290508,3,1,1,France,Female,Premium,0
4504,74,53,751,50.388532031174464,246.5961925818475,4,1,1,Germany,Male,Regular,0
4505,46,51,378,50.12795653076096,434.65046333186194,1,1,1,France,Female,Premium,1
4506,62,14,471,16.297568021578968,475.65887368073305,4,0,0,Spain,Female,Regular,0
4507,66,17,511,50.49200150719126,1091.6085289481023,1,1,1,France,Male,Regular,0
4508,52,22,744,23.97887328356269,403.0191925561756,3,1,1,Germany,Female,Regular,0
4509,57,61,448,20.507926075141096,76.00354767925516,2,1,1,Germany,Female,Premium,0
4510,31,41,309,17.07438193214538,954.6956384649865,2,1,1,France,Female,Premium,1
4511,52,38,841,21.20528294411763,887.7804498453554,4,1,1,Spain,Male,Regular,0
4512,65,14,354,77.26330700386367,375.7535810460397,3,1,1,Germany,Male,Premium,0
4513,62,52,479,14.063719887386231,335.74936245771283,1,1,1,Germany,Male,Regular,0
4514,37,63,680,57.28321452640649,521.808135605195,4,1,0,France,Male,Premium,0
4515,73,62,721,115.44051395646868,1681.6822234648432,4,0,1,France,Male,Regular,0
4516,66,17,750,21.572152160618373,429.1967321484069,1,1,1,Germany,Female,Regular,1
4517,30,69,392,1.4978153833052896,1325.6811356495682,4,1,1,France,Female,Regular,0
4518,78,65,819,1.2456908453678706,553.7776756576337,1,1,1,Spain,Male,Regular,0
4519,55,12,712,7.512250996576644,494.1841399381556,3,0,1,France,Female,Regular,0
4520,66,46,693,5.829210151473116,77.9584777011861,3,0,1,Spain,Male,Regular,0
4521,63,6,630,68.93322709226773,1084.5461242335637,2,1,0,Spain,Male,Regular,1
4522,66,62,732,17.467287475899067,129.6300084829634,3,1,1,France,Male,Regular,0
4523,79,33,462,52.85093699212069,959.2841263361116,1,1,1,France,Female,Regular,0
4524,25,28,339,2.169150834350819,388.8941637760566,3,1,1,France,Female,Regular,0
4525,60,36,384,17.530403241760098,154.10686528861854,3,1,1,France,Female,Regular,0
4526,37,42,390,13.338201717799281,1887.6313168003037,1,0,0,France,Female,Regular,0
4527,77,63,783,16.209040062832216,1344.5848844970187,1,0,1,France,Female,Premium,0
4528,50,23,684,10.580377944910824,1384.7945142249193,3,1,1,France,Male,Regular,0
4529,43,70,492,48.10574272452803,333.9665826211604,4,1,1,France,Male,Regular,0
4530,56,33,552,54.335105314109,2000.0,3,1,1,France,Female,Regular,0
4531,38,47,543,8.035762589450663,516.5208775163386,1,1,1,Spain,Male,Premium,0
4532,70,11,569,67.57455116763012,202.80331284878253,1,0,1,France,Female,Premium,0
4533,66,22,318,14.387135465083139,507.804245275024,4,1,1,Spain,Female,Premium,0
4534,79,16,339,16.62856792243492,1438.170647706297,4,1,1,Spain,Female,Regular,1
4535,59,56,815,88.24857623297538,950.9913507070529,3,0,0,France,Male,Regular,1
4536,60,64,332,115.71563732945047,481.00826616085675,3,1,1,France,Male,Premium,0
4537,71,46,749,87.07888896068968,199.86107850426538,2,1,0,France,Male,Regular,0
4538,79,57,838,7.994520551175312,625.756371364272,1,1,0,France,Female,Regular,0
4539,58,10,618,250.0,189.00136534630707,3,1,0,France,Female,Regular,1
4540,26,4,423,55.76078042223976,922.734372489849,1,1,0,France,Male,Premium,0
4541,41,59,671,35.73576767289783,228.85889886647868,1,0,1,Germany,Male,Regular,0
4542,54,20,650,154.87873563802063,1347.1646106333096,1,0,1,Germany,Male,Premium,0
4543,66,23,622,85.0174976546795,152.5923224157071,4,1,1,France,Male,Regular,0
4544,58,31,787,58.84107784563828,660.5513323720638,1,1,1,Germany,Male,Regular,1
4545,34,20,750,91.13070531603114,543.709093699815,3,1,0,France,Male,Regular,0
4546,41,53,652,24.34459855547444,60.216422644460046,2,1,1,France,Male,Regular,0
4547,38,9,415,57.67007572074546,1273.5198243077155,4,1,1,France,Male,Regular,0
4548,68,23,312,10.571868016195637,380.3491169796878,2,0,1,France,Female,Regular,0
4549,76,59,619,221.14507847603147,1017.4188605059741,3,0,1,Germany,Female,Premium,0
4550,56,56,464,44.45587700784694,203.34390528928807,4,0,0,France,Male,Premium,0
4551,72,22,384,84.16424716438101,386.3447725412816,2,0,1,Germany,Female,Regular,0
4552,58,21,547,26.15670993263293,266.71011178911886,4,1,0,Spain,Male,Regular,0
4553,56,67,731,71.06268276077725,717.9824421050521,1,1,1,France,Female,Regular,0
4554,30,33,778,24.500921749208267,2000.0,3,1,1,Germany,Male,Regular,0
4555,28,69,667,44.58052632908437,826.7139337387829,3,1,1,Germany,Female,Regular,0
4556,63,27,656,75.28426797220091,942.3443317492778,3,1,1,France,Male,Regular,0
4557,36,38,707,6.191723055593329,131.3858689735539,1,1,1,France,Male,Regular,0
4558,28,41,644,22.063878205531758,491.8595375926628,1,1,1,Spain,Male,Regular,0
4559,30,22,478,39.3659647976362,880.2810170146862,1,1,1,Germany,Male,Regular,0
4560,80,69,724,20.323108206781068,1006.7860460430284,3,0,1,Germany,Male,Regular,0
4561,63,1,840,18.492875148268475,301.5143731358988,1,0,1,Spain,Male,Regular,0
4562,62,23,742,16.540898876548113,722.6550844190863,3,1,0,France,Male,Regular,0
4563,18,16,605,12.925055222030762,587.5019389565175,4,1,1,France,Female,Regular,0
4564,57,64,666,94.49218028812271,580.3999579830311,4,1,1,France,Male,Regular,0
4565,61,69,335,128.64699395129395,1069.751061640172,1,1,1,France,Male,Regular,0
4566,36,68,762,60.22688955443316,564.7064705149332,1,1,0,Spain,Male,Regular,0
4567,29,59,445,1.5229352590395047,813.2365404566035,1,1,1,Germany,Male,Premium,0
4568,25,49,445,77.14347774880389,564.3831288051211,4,1,1,Germany,Male,Premium,0
4569,25,11,679,37.95792233501775,1281.3787028942227,1,0,1,Spain,Female,Regular,0
4570,78,46,467,70.9636282468853,430.3824406057157,4,1,1,Germany,Female,Regular,0
4571,70,66,574,28.75384252330181,589.0129278279346,2,1,0,France,Female,Regular,0
4572,62,64,386,2.1079107437023086,735.022350335751,1,1,1,France,Male,Regular,0
4573,29,26,453,57.245114318597444,544.2339024561741,2,1,1,Germany,Male,Regular,0
4574,78,47,796,29.360905655501607,453.8129180182268,3,1,1,Spain,Female,Premium,0
4575,65,60,614,103.59093171834462,351.03672594932374,3,0,0,France,Female,Regular,1
4576,50,43,573,66.99686951380363,1294.131645715294,4,1,1,Germany,Male,Regular,0
4577,62,18,561,22.28012839393142,953.6779795306343,4,1,1,France,Female,Premium,0
4578,43,55,786,64.38257065517732,985.8738531032137,4,0,0,France,Female,Regular,1
4579,56,7,753,34.18050016299232,271.01075593912435,2,1,1,France,Female,Regular,0
4580,45,54,742,11.122436654037308,421.10668364090276,3,0,1,Germany,Female,Regular,0
4581,75,58,561,27.226559684110846,2497.91926979887,4,0,1,France,Female,Regular,1
4582,22,1,842,12.58759441604285,995.9167624190846,4,0,1,Spain,Male,Regular,0
4583,25,38,404,0.24944720250458136,230.2641654725378,1,1,1,Spain,Female,Regular,0
4584,42,44,649,14.170943547092122,620.3859208860003,2,1,0,France,Female,Premium,0
4585,44,31,737,11.755830022128176,438.75401218711943,2,1,1,Germany,Male,Regular,0
4586,63,68,468,0.21731701773903261,1334.2932312011142,3,1,0,Germany,Female,Regular,1
4587,40,40,642,76.60657064605209,1705.89343879563,3,1,1,France,Male,Regular,1
4588,47,10,529,4.005486313549449,882.0064834793341,4,1,1,Germany,Female,Regular,0
4589,62,4,322,29.80638439035703,1408.9728290711691,2,1,1,Spain,Male,Regular,1
4590,64,53,580,27.05420611756171,347.773087556092,3,1,0,Germany,Female,Regular,1
4591,40,54,818,10.008481552799937,807.9916729301889,2,0,0,Germany,Female,Premium,0
4592,66,29,552,170.36354924133684,1485.9807877870971,4,1,0,France,Male,Regular,1
4593,64,16,703,46.283428953384295,640.0619428426816,4,1,1,Germany,Male,Premium,0
4594,37,67,432,83.96969963060586,715.479189662645,4,1,1,Spain,Male,Regular,0
4595,35,4,573,34.272896660432764,318.24171104267054,4,1,1,France,Male,Premium,0
4596,35,59,531,64.15295022781729,1098.728641037461,2,1,1,Germany,Male,Regular,0
4597,19,22,844,174.96125624937875,220.20018504287273,4,0,1,Germany,Female,Regular,0
4598,21,45,378,21.416635538248865,956.8978725584338,2,0,1,France,Male,Regular,0
4599,47,51,334,35.08557274537399,669.6056344656223,1,0,1,France,Male,Regular,0
4600,50,9,794,36.13259977821802,1429.8330506382438,4,0,0,France,Male,Regular,0
4601,80,45,409,241.38329938273708,352.3328954506029,1,0,1,France,Male,Regular,0
4602,53,27,620,13.269887557461999,761.3818529863341,3,1,1,France,Male,Regular,0
4603,35,42,627,56.24383624157213,895.5888410862045,4,0,1,France,Male,Regular,0
4604,54,25,683,7.4383246073287275,650.9145319750605,2,0,1,France,Female,Regular,0
4605,36,54,663,130.9151816952005,396.9410367411008,3,1,1,Germany,Female,Regular,0
4606,64,47,531,44.62650315844278,365.142641218003,4,1,1,Germany,Male,Premium,0
4607,45,28,713,98.09591437999981,467.93661132894056,1,1,1,Spain,Female,Regular,0
4608,57,26,593,112.80490005709443,87.30911466869516,3,0,1,Germany,Male,Regular,0
4609,37,17,846,40.72168241541348,74.14422655091047,2,1,1,Germany,Female,Regular,0
4610,66,59,473,57.28633809961531,731.1878944120748,2,1,1,France,Female,Premium,0
4611,50,64,691,59.98586692206461,524.748448572605,1,1,0,Germany,Female,Regular,1
4612,29,20,401,30.853847499143093,522.7225940908222,2,0,1,Germany,Female,Premium,0
4613,75,23,592,28.532165042419454,1091.1559761879728,4,1,1,Germany,Female,Premium,0
4614,68,2,384,10.30130834813069,831.7196625707331,3,1,1,France,Male,Regular,0
4615,32,61,500,24.21848122907951,148.35747136928222,4,1,1,Spain,Female,Premium,0
4616,58,1,840,234.19411691724287,50.0,2,1,1,Germany,Male,Regular,0
4617,56,65,596,15.726057121486875,981.1687120054706,1,1,1,France,Female,Premium,0
4618,19,41,355,71.86694404400576,109.72635547752803,4,1,1,Germany,Male,Regular,0
4619,80,33,771,3.0590731879657636,193.10175769778704,2,0,1,France,Male,Regular,0
4620,46,41,315,31.505689334885833,227.59181950604565,1,1,1,Spain,Male,Regular,0
4621,58,20,365,3.009274170689302,1559.0002157730999,4,0,0,Germany,Female,Regular,1
4622,27,67,771,32.2940930910115,701.1509613474697,2,1,1,France,Female,Premium,0
4623,19,44,322,1.3969574610787385,834.7732601007057,1,0,0,Spain,Female,Premium,0
4624,68,41,785,47.50462798007495,50.0,1,0,1,France,Male,Regular,0
4625,28,46,714,44.155988598230856,68.76306823073685,4,1,1,Germany,Female,Regular,0
4626,30,4,604,79.93558785091761,983.6068678752149,4,1,1,France,Female,Regular,0
4627,27,48,476,43.76778145170601,110.78190727310442,2,1,0,Germany,Male,Regular,0
4628,31,36,494,130.1839433130971,1652.5017426398283,3,0,1,Germany,Male,Regular,0
4629,35,33,312,76.41700670970933,262.02629462346636,4,0,0,Spain,Female,Regular,0
4630,68,72,465,7.1160105162247325,224.34204551663163,4,0,1,France,Female,Regular,0
4631,71,69,449,15.426439035356271,232.70129075931658,1,1,1,Germany,Female,Regular,0
4632,26,17,640,1.329037836307646,465.59409934295576,2,1,1,France,Male,Premium,0
4633,74,18,473,24.39893091287581,1578.350769875582,3,1,0,Germany,Male,Regular,0
4634,56,39,466,35.62019572863292,327.01876357669425,3,0,1,Germany,Male,Premium,0
4635,45,16,396,145.88881672841012,703.413217280227,4,1,1,Spain,Female,Regular,0
4636,20,59,703,36.93520924100643,914.5051837363519,3,1,0,Germany,Female,Premium,0
4637,37,41,376,75.94058013828663,1398.4127177249572,3,1,1,Germany,Female,Regular,0
4638,23,71,536,15.60037848237771,966.3258287227247,1,1,1,France,Female,Premium,0
4639,44,64,590,8.31208294018047,621.6940944545154,1,1,1,Germany,Male,Regular,0
4640,70,55,435,83.25711285714786,109.64182895016035,1,1,0,Spain,Female,Regular,1
4641,19,6,666,14.212740636055704,464.1930756451269,4,1,1,Germany,Female,Regular,0
4642,46,4,847,102.52720330958647,66.21278455774288,3,1,1,Spain,Female,Regular,0
4643,55,23,547,9.307436094334774,144.14183831047944,1,1,1,France,Female,Regular,0
4644,20,27,513,95.38766291965123,391.11516843247597,2,1,0,Spain,Male,Regular,0
4645,33,61,369,74.10670167041015,641.9989577620332,3,1,1,Spain,Male,Regular,0
4646,47,20,628,47.23716897337237,364.8171639420879,2,1,0,Germany,Female,Regular,1
4647,57,19,315,94.92961268129652,1684.5283272329186,3,1,1,Germany,Female,Regular,0
4648,19,2,786,20.07690030504543,612.790805244275,2,1,1,France,Female,Premium,0
4649,34,36,473,9.078140975318409,1075.9235087043942,2,1,1,Spain,Female,Premium,0
4650,58,14,573,8.541828628241994,50.0,4,1,0,France,Female,Regular,0
4651,79,50,823,15.760126425335283,703.7562726236345,2,1,0,France,Male,Regular,0
4652,29,45,518,29.550033109330816,2479.0016690792672,1,1,1,Germany,Female,Regular,1
4653,52,7,812,104.38290630982219,1151.7551443489476,1,0,0,France,Female,Premium,0
4654,60,12,698,4.690026863088619,630.3531533245109,3,1,1,Germany,Male,Regular,0
4655,18,47,410,123.3977833075387,541.8387885302659,1,0,0,France,Female,Premium,0
4656,72,2,763,129.84425769853314,326.7683281398685,4,0,1,France,Male,Regular,0
4657,62,64,392,64.95748793962798,208.94987511606348,1,1,0,Germany,Male,Premium,0
4658,32,72,750,115.27126293542396,187.84135353621866,4,0,1,France,Female,Premium,0
4659,43,39,695,73.48089210436855,69.34724886978735,1,0,0,Germany,Female,Regular,1
4660,54,25,850,37.57070674080138,250.67441746903606,4,1,1,France,Female,Premium,0
4661,38,59,778,45.90840292572314,370.91773145094555,3,1,0,Spain,Male,Regular,1
4662,79,33,615,49.473251911916975,613.5930345234322,3,1,0,Spain,Female,Regular,0
4663,66,8,652,6.784874330406206,225.48271592267884,1,1,1,France,Female,Premium,0
4664,80,61,538,10.724934893322965,621.642425800983,3,1,1,Spain,Male,Premium,0
4665,48,26,403,37.050604651705605,1539.315313073556,3,1,0,Spain,Male,Regular,1
4666,42,68,328,6.1212823894523485,692.9801304401108,3,0,1,France,Male,Regular,0
4667,40,40,388,167.5907925422385,731.5474987887362,1,1,1,France,Female,Premium,0
4668,41,6,674,35.375215485013726,740.752669725762,4,1,0,Spain,Male,Premium,1
4669,74,46,696,23.90873769216886,1443.5511502481331,1,0,1,Germany,Male,Premium,0
4670,55,4,663,8.571457012435605,694.1994025217729,2,1,1,France,Female,Regular,1
4671,45,62,446,26.938446115118523,210.31949977004248,4,0,1,Spain,Male,Regular,0
4672,38,51,613,18.007347289270445,801.4664023793433,2,1,0,Spain,Female,Regular,1
4673,71,9,847,4.601771797900871,582.0087229924169,2,1,1,France,Male,Premium,0
4674,60,27,751,170.57040960746227,1170.6279866736256,3,0,1,France,Male,Regular,0
4675,35,5,805,15.392748945970006,654.3950727671163,4,1,0,France,Male,Premium,0
4676,53,26,785,58.635052164201475,675.3085354084794,4,0,0,France,Male,Premium,0
4677,52,20,400,4.788251762002046,524.6146528985519,2,1,0,France,Female,Regular,1
4678,62,72,406,122.18958428159796,592.783938341726,2,1,0,France,Female,Regular,1
4679,72,61,590,44.67163048085144,434.1967070694386,3,0,0,France,Female,Regular,1
4680,26,47,648,53.48258623423746,528.9464090645903,3,1,1,France,Female,Regular,0
4681,70,66,526,76.1135766928409,501.7957649199407,1,1,1,Spain,Male,Regular,0
4682,55,45,349,46.55947454535156,452.8502505780851,4,0,1,Spain,Male,Regular,0
4683,75,26,457,3.6773465467452477,1221.225698265184,2,1,0,Germany,Female,Regular,1
4684,47,72,627,28.06932981238332,843.9661286206831,1,1,0,Germany,Female,Regular,1
4685,77,35,376,15.192611604226677,399.87162013590745,3,1,1,France,Female,Regular,0
4686,61,8,753,33.34639846450011,778.7429037174026,2,1,1,Germany,Male,Premium,1
4687,51,2,609,25.903016704377723,2000.0,4,0,1,Germany,Male,Regular,0
4688,49,66,626,87.5884287808933,2000.0,2,1,0,Spain,Male,Regular,0
4689,20,18,807,14.18766017606459,261.4349603003928,2,1,1,Germany,Male,Premium,0
4690,20,53,406,11.238559965613462,534.0181936018269,1,1,1,Germany,Male,Regular,0
4691,45,72,540,158.60712139901673,358.299203835335,2,1,0,France,Male,Premium,1
4692,61,9,734,149.30554923668802,430.1949840858598,1,1,1,Germany,Male,Regular,0
4693,32,32,327,250.0,627.9121044194471,1,1,1,France,Male,Regular,0
4694,58,12,548,42.01055250966337,1035.5848004211866,3,1,1,Spain,Male,Regular,0
4695,80,50,663,6.003630519800608,569.4351173194623,2,1,1,France,Male,Regular,0
4696,40,31,832,106.08311767828647,179.9823110869284,1,1,1,France,Female,Regular,0
4697,57,35,771,7.839415180054498,1295.8742086489483,2,1,0,Spain,Male,Regular,1
4698,28,31,838,8.456112175044433,830.8480776008158,4,1,1,Spain,Female,Premium,1
4699,65,69,712,10.746219039253301,427.35345558338855,2,1,1,Germany,Male,Regular,0
4700,49,39,464,52.981912324630564,550.2800995966561,3,0,1,Germany,Female,Premium,0
4701,75,53,347,5.6695813451192505,495.54584692019966,1,1,1,France,Female,Premium,0
4702,76,40,783,75.31736508075232,1213.1913447388663,1,0,0,Germany,Female,Regular,1
4703,74,61,457,3.0008563542081963,540.1605180641501,4,1,1,France,Male,Regular,0
4704,71,67,450,5.851784787011812,562.4692671438573,3,1,1,Spain,Female,Regular,0
4705,53,32,524,28.50111228471213,361.1736357541977,1,0,1,Germany,Male,Premium,0
4706,77,55,559,23.835020290127034,811.6175786651468,4,1,0,Germany,Male,Regular,0
4707,50,30,686,228.82072315804697,661.3177197100649,1,0,1,France,Female,Regular,1
4708,41,53,555,170.35668340791628,429.05030257055586,1,1,0,Germany,Female,Premium,0
4709,56,18,360,10.516413901408487,422.2637964317294,3,0,1,France,Male,Regular,0
4710,51,42,695,146.5586361429358,1037.8736094610508,4,0,1,Spain,Male,Premium,0
4711,73,11,696,58.92530977259687,365.000794672764,1,1,0,Germany,Male,Regular,0
4712,45,10,461,26.283696271631058,318.96807536717546,2,0,0,France,Male,Premium,0
4713,54,69,679,67.28275814019293,1349.5785054438254,4,1,1,Germany,Female,Regular,0
4714,24,12,742,115.19978722803741,167.0739903297274,3,1,0,Germany,Male,Regular,1
4715,21,40,648,9.931179010481893,689.5988273559273,3,1,1,Spain,Female,Regular,0
4716,54,24,330,10.906821729692366,513.7829676167507,3,0,1,Germany,Male,Regular,0
4717,73,9,370,26.273344481045118,769.5533803522382,1,0,0,Germany,Male,Premium,1
4718,18,4,696,9.269017787770641,553.318279835872,3,0,0,Germany,Male,Regular,1
4719,18,39,737,22.345418349425028,726.726109745929,4,1,0,Germany,Male,Regular,1
4720,64,22,301,51.87936764058011,989.3399114194806,1,0,1,France,Female,Regular,0
4721,37,47,434,83.78372714954693,111.42893589554528,2,1,1,France,Male,Regular,0
4722,36,66,445,17.972148403933865,288.9615494190851,3,1,1,France,Male,Regular,0
4723,46,41,478,16.545534403479238,500.9991711517419,3,0,0,France,Female,Premium,0
4724,27,39,563,75.64800354632807,838.5185537240766,3,0,1,France,Female,Premium,0
4725,77,5,610,23.984618776759188,1065.0682268226221,2,1,0,Germany,Female,Regular,0
4726,35,19,503,85.31819601321571,238.82642661998082,1,1,1,Spain,Male,Regular,0
4727,45,10,329,250.0,177.92000911508768,3,1,0,France,Male,Regular,0
4728,52,26,358,194.77962636155846,390.8932941484103,2,0,0,France,Female,Regular,0
4729,60,20,308,54.337193121971005,129.35068126451037,1,1,1,France,Female,Regular,0
4730,64,12,623,23.517241282526513,680.5945911877399,4,1,0,Germany,Female,Premium,0
4731,48,43,466,3.386640043158567,243.90692428097586,3,0,1,France,Male,Regular,1
4732,44,51,636,66.97829369772829,808.4409285284308,1,1,0,Spain,Female,Premium,1
4733,79,27,678,190.76124450573678,256.2894790716278,3,1,0,France,Male,Regular,0
4734,28,20,541,3.5202897032998606,107.99060817093219,2,1,0,France,Male,Regular,0
4735,66,17,459,0.3093404759636543,193.09286902542485,1,1,1,Germany,Male,Regular,0
4736,66,30,534,89.12300114584792,449.40783034559706,2,0,1,Spain,Male,Premium,0
4737,55,59,752,5.39368143514898,183.340373501374,3,1,1,Germany,Female,Regular,0
4738,22,36,498,4.257363799603494,1113.8582642718698,4,1,1,Germany,Female,Regular,0
4739,25,20,776,120.58433445719028,430.12343781558525,2,0,1,France,Male,Premium,0
4740,51,18,332,4.145217211522633,858.3273394256055,1,1,0,Spain,Female,Regular,1
4741,65,59,707,6.052912747934429,285.0216865639515,1,0,1,France,Male,Regular,0
4742,69,22,388,42.14895542990604,352.3520309120728,3,1,1,Spain,Male,Premium,0
4743,73,28,520,70.69647039316789,874.1269890118288,1,0,1,France,Male,Premium,0
4744,29,46,368,25.50564878085303,237.61066907679188,3,1,1,France,Female,Premium,0
4745,55,29,593,27.28717430020585,373.39234884190256,2,1,0,France,Female,Regular,0
4746,18,42,536,50.0687420643086,333.91351512433806,4,1,0,Spain,Male,Regular,1
4747,48,26,459,35.20285335988637,227.03979364846512,2,0,0,France,Female,Regular,0
4748,21,14,589,0.9401992369480208,1325.7829291682267,2,1,1,Germany,Female,Regular,0
4749,66,58,832,6.028399730664364,454.5726029554263,3,1,0,France,Male,Premium,0
4750,62,2,634,43.56587016690139,68.09796541245609,4,0,1,Germany,Female,Regular,0
4751,67,9,801,78.91210741542481,339.708229308374,2,1,1,Germany,Female,Premium,0
4752,22,16,545,72.00652226821005,484.0850726224019,3,0,1,Germany,Male,Regular,0
4753,47,10,622,67.3645603687865,1801.9806963355438,2,1,1,Spain,Male,Regular,0
4754,73,61,628,73.76122241918868,389.6659590038821,2,0,0,Germany,Female,Premium,1
4755,41,4,846,2.2730680464257818,50.00058795907441,1,1,0,Germany,Female,Regular,0
4756,76,72,638,112.73813411524888,718.2831688038792,2,1,0,France,Male,Regular,1
4757,20,63,470,110.03894165658687,824.8020494921635,4,1,1,France,Male,Premium,0
4758,28,13,409,37.95622898972627,98.63425165958208,2,1,0,France,Male,Premium,0
4759,62,49,309,14.29048014879035,399.86207419686724,3,0,1,Germany,Male,Premium,0
4760,21,25,501,44.846281678382645,325.56638082224237,1,1,1,France,Male,Regular,0
4761,43,71,556,40.809367253944465,365.24495095327956,3,0,1,France,Female,Regular,0
4762,44,68,561,12.612992818661011,232.3740894545768,4,1,1,Spain,Male,Regular,0
4763,63,6,729,46.207347934470555,165.51457421515343,2,1,1,France,Female,Premium,0
4764,71,15,806,79.79995991607245,155.65750994067767,2,0,0,Germany,Male,Regular,0
4765,60,54,365,82.02240604471605,1089.1030357685497,1,1,0,Spain,Female,Regular,0
4766,44,55,334,3.077699485871816,528.9155199016365,2,1,0,Germany,Female,Regular,0
4767,59,14,790,10.98019814103763,1756.756540934892,3,1,0,France,Female,Regular,1
4768,68,47,553,55.16466546749713,592.8765197685667,3,0,1,Germany,Female,Premium,0
4769,67,16,316,98.24565931834508,252.0718724023195,1,0,1,Spain,Male,Regular,0
4770,23,35,560,36.82539917823606,1018.5392695703617,2,1,1,France,Male,Regular,0
4771,76,69,555,61.468918557615325,195.3914130438964,1,1,1,Spain,Male,Premium,0
4772,78,37,723,1.0648597237771376,629.6702246712551,4,1,1,France,Female,Premium,0
4773,32,64,800,46.87837577564184,499.81781373948246,2,1,0,Spain,Female,Regular,1
4774,70,47,585,163.38905185581018,309.168373162824,2,1,1,France,Male,Premium,0
4775,47,9,306,54.089913056108706,564.2130364791211,2,0,1,France,Female,Regular,0
4776,59,35,796,127.72937713843602,825.3542534187117,4,0,1,Spain,Male,Regular,0
4777,54,28,498,41.73662690239714,361.49388983012614,4,1,1,France,Male,Premium,0
4778,75,3,717,92.69623652709122,390.91657862949705,4,0,1,Germany,Male,Regular,0
4779,78,43,351,6.628730139390897,405.4744283263883,3,0,1,Germany,Male,Regular,0
4780,54,55,542,6.591685319015136,297.7282064285752,1,1,1,France,Female,Regular,0
4781,59,41,518,6.401858772676854,301.1805098782589,3,0,1,Germany,Female,Premium,0
4782,77,12,817,33.554565669813115,687.3930313128243,4,1,1,Germany,Male,Regular,0
4783,54,45,408,20.043550918643934,453.15203625236,3,1,1,Spain,Female,Regular,0
4784,52,32,650,63.50311148421582,457.40087671187626,3,1,1,France,Male,Regular,0
4785,40,20,365,116.4577043232774,452.0597582662511,1,1,1,Spain,Male,Premium,0
4786,23,56,309,48.29700950682101,1704.7930246486428,4,1,0,Germany,Female,Regular,0
4787,21,68,501,11.989730452631662,1646.1681323209245,3,0,1,Germany,Male,Regular,0
4788,35,69,513,133.59329181003173,229.7204344047804,3,1,1,Germany,Female,Regular,0
4789,77,66,367,37.52370446785794,530.3869991021388,2,1,1,Germany,Female,Regular,0
4790,26,46,626,63.6385620814925,306.6538307986562,2,1,0,Spain,Male,Regular,1
4791,66,32,349,110.59420798923483,443.5083020543627,4,1,1,France,Male,Regular,0
4792,46,35,316,229.4251533598306,846.9811864391919,3,0,0,France,Female,Premium,0
4793,30,32,822,35.26746108983103,1018.6486214312807,4,1,1,Spain,Female,Regular,0
4794,76,30,605,82.52933100650472,321.76887103758867,1,1,1,France,Female,Regular,1
4795,64,26,691,41.83552947971045,1591.6718945608532,4,0,0,France,Male,Regular,1
4796,79,26,423,33.32077835807573,205.21018680731643,4,0,1,Germany,Male,Regular,0
4797,69,71,803,38.578416438529004,579.831358862697,3,1,1,France,Male,Premium,0
4798,34,61,524,33.109103703891144,818.4873862437674,1,1,0,Germany,Male,Regular,1
4799,62,25,617,27.325068350033003,768.6676951344489,4,1,1,Spain,Male,Premium,0
4800,49,65,772,64.3171467045607,1429.9200510722949,2,1,1,France,Female,Regular,0
4801,65,11,840,14.362496021989656,63.197435163991514,1,1,1,France,Male,Regular,0
4802,39,21,657,47.9053310340102,1126.6750970344328,3,0,1,France,Female,Regular,0
4803,21,16,782,62.406715970692,1118.7612414942207,2,1,0,Germany,Male,Regular,0
4804,22,6,728,111.32327278263834,95.69535663027852,1,1,1,France,Male,Regular,0
4805,54,67,796,20.164160678928393,714.0561094792544,3,0,1,France,Female,Regular,0
4806,58,36,771,98.52006748291015,642.2584908734167,3,1,1,Spain,Female,Regular,0
4807,66,40,599,145.28650904285522,142.05069580603495,1,1,0,Germany,Male,Premium,1
4808,30,10,383,52.302801648297844,141.11136502233242,1,1,1,France,Female,Regular,0
4809,51,5,676,73.7962964830565,1063.5813161307967,1,0,0,Germany,Female,Premium,1
4810,62,24,612,26.01913738151319,489.22615372877016,3,1,1,Germany,Male,Regular,0
4811,39,41,619,151.96897504014217,366.11726193740566,2,1,1,Germany,Female,Regular,0
4812,70,51,503,55.5638253849269,492.96632599897464,2,1,0,France,Male,Regular,0
4813,76,23,654,18.564548304218544,1071.4457521425538,3,1,1,France,Male,Regular,0
4814,40,56,593,25.89766050787216,222.7264243763925,1,0,0,France,Male,Regular,1
4815,68,55,803,48.08474298678411,598.3744295028205,3,1,1,Germany,Female,Regular,0
4816,20,63,444,13.33747898942217,590.1584757569717,3,1,0,Spain,Female,Regular,1
4817,59,7,838,70.10379268670346,1132.7030747786876,3,1,1,Spain,Male,Regular,0
4818,51,58,316,12.724714265202824,338.11200205120167,3,1,1,France,Male,Regular,0
4819,49,41,338,44.798578048879136,363.4474145709731,2,1,0,France,Male,Premium,1
4820,62,26,429,59.70219843681114,338.26569526193117,1,1,1,Germany,Female,Regular,0
4821,68,59,414,98.21568652480451,138.4747602849388,3,1,0,France,Male,Premium,1
4822,75,30,749,66.19423317642938,550.5664483986766,3,1,0,Germany,Female,Premium,1
4823,66,15,344,80.1790279018914,303.10429156944394,1,0,1,France,Male,Premium,0
4824,38,65,515,122.05317882900853,700.4380526542176,1,1,0,Germany,Female,Regular,0
4825,63,4,714,45.53675480463703,1048.676033996254,3,1,1,France,Male,Premium,0
4826,80,2,564,93.63112913227398,666.1424063013816,3,1,1,France,Female,Regular,0
4827,61,69,739,13.189959690954407,1130.289274203667,1,1,0,Spain,Male,Regular,0
4828,38,6,680,84.29790865024552,326.49543220104135,1,1,1,France,Female,Premium,0
4829,61,49,600,12.531309485415914,584.400946232424,2,1,1,Spain,Female,Regular,0
4830,28,13,470,136.3839945058804,1530.5282613959826,3,1,1,France,Female,Regular,0
4831,56,34,705,20.021888627480923,879.4576551307925,4,1,0,Germany,Male,Regular,1
4832,21,46,654,9.427324467870982,780.4990104339696,1,1,1,France,Male,Regular,0
4833,68,32,460,8.018342352066727,2000.0,1,0,0,Germany,Female,Premium,0
4834,18,42,325,10.367952784215165,1944.0691972443467,2,1,0,France,Female,Premium,0
4835,45,28,382,29.66874024635552,812.573227452143,2,0,1,France,Male,Premium,0
4836,80,56,472,36.922856448989414,702.7535002079301,4,1,1,Germany,Female,Regular,0
4837,41,4,369,122.54603794732107,265.6198638481406,1,1,1,France,Male,Regular,0
4838,78,59,305,23.9836960422356,72.22390585948236,3,1,1,France,Male,Regular,0
4839,52,72,494,12.261937412227713,396.2682300105439,3,1,0,Spain,Male,Premium,1
4840,30,1,824,68.09396483297687,376.7543245329881,3,0,1,France,Male,Regular,0
4841,64,69,362,7.231316171712196,427.11603590241816,2,0,1,Spain,Female,Regular,0
4842,51,42,312,111.4125657524415,891.6032980538461,4,1,1,France,Male,Regular,0
4843,28,3,504,26.330784600523682,1312.1221305553047,4,0,1,Germany,Male,Premium,0
4844,53,55,339,47.575366485523084,899.3224798491241,4,1,1,France,Female,Regular,0
4845,68,58,464,10.301070187877992,528.5430136755674,1,1,1,Germany,Male,Regular,0
4846,78,8,330,7.863644472408316,852.1359098342868,1,1,1,France,Male,Regular,0
4847,34,2,828,80.18257797425153,543.524840684228,4,0,0,Spain,Male,Regular,0
4848,52,47,697,28.079837980765227,173.46823312205586,4,1,1,Germany,Female,Regular,0
4849,77,42,758,216.16077189286415,451.99338362259795,4,0,1,Spain,Female,Regular,0
4850,35,0,522,37.148177722632596,252.59473767218594,2,1,1,Germany,Male,Regular,0
4851,57,56,377,93.42756931881402,243.74388340436929,4,1,1,Spain,Female,Regular,0
4852,39,52,727,195.5104294275102,726.1533599630039,3,1,1,Spain,Male,Premium,0
4853,74,14,724,16.505139539489097,289.9803943810965,1,1,0,France,Male,Regular,1
4854,41,50,686,80.6928109785243,1065.3480229706354,3,0,1,Germany,Male,Premium,0
4855,75,54,538,1.1125955467558948,394.4649863252657,1,1,1,France,Male,Premium,0
4856,36,0,389,56.933309859133665,960.2044434923444,2,1,0,France,Female,Regular,0
4857,54,35,684,68.3640318772727,652.2820167562467,2,1,0,France,Male,Premium,1
4858,56,52,438,32.443474585566406,250.09789035431402,3,1,1,France,Male,Premium,0
4859,38,57,823,8.843136772411462,789.2598578892579,2,1,1,Spain,Female,Regular,0
4860,25,72,543,47.9495458188557,688.6082721572913,1,0,0,Spain,Female,Regular,0
4861,45,59,804,113.90860618747858,1592.6335202872992,2,0,1,France,Female,Premium,0
4862,22,58,721,133.91427943283028,308.9032946842964,3,1,1,Spain,Female,Regular,0
4863,34,21,481,68.54121025616196,397.1097956332152,2,1,0,Spain,Male,Regular,0
4864,54,16,494,15.306782079753608,177.55445673253755,4,1,0,Spain,Female,Premium,1
4865,53,43,352,102.13694059164817,719.0997017903173,1,1,1,France,Male,Regular,1
4866,71,41,478,109.83161765254499,697.8996265609572,2,1,1,Spain,Female,Premium,0
4867,36,26,592,22.88337807845563,263.5501648487198,1,1,1,Germany,Male,Regular,0
4868,80,46,674,10.104691504014355,305.6730854272236,3,1,0,Germany,Female,Regular,1
4869,44,24,358,103.83603597713005,965.9978402062426,4,1,1,France,Female,Regular,0
4870,70,37,353,108.18348642272456,58.67710285952112,1,0,0,France,Male,Regular,0
4871,51,34,544,5.318389169707429,704.9166933550333,4,1,0,Germany,Female,Regular,1
4872,28,24,448,170.53859187532905,898.4883137810666,4,1,0,Spain,Female,Regular,1
4873,71,59,667,38.07992633621001,1551.1119223029652,4,0,1,France,Female,Regular,0
4874,62,61,315,250.0,426.9819539511523,2,1,0,France,Male,Premium,1
4875,64,63,475,29.44010153007367,1012.596526581571,2,1,0,France,Male,Premium,1
4876,29,9,839,38.10164639205369,1197.0686257891487,3,1,0,France,Male,Regular,1
4877,71,52,705,15.467955341636882,325.65611678864843,2,0,0,France,Female,Regular,0
4878,38,38,766,114.60572780197755,1159.5819799832605,3,0,0,Spain,Female,Regular,1
4879,71,45,428,29.323467184074094,1198.7897049377932,3,0,0,France,Male,Regular,1
4880,28,38,522,84.26577151907114,353.9160907446899,4,1,1,France,Male,Premium,0
4881,56,39,543,4.154640961221338,462.2820841079904,1,0,1,France,Female,Regular,0
4882,45,41,725,77.61665117371544,659.5316341188562,2,1,1,Germany,Male,Premium,0
4883,22,7,653,33.691070822882175,139.12118504000722,1,0,1,France,Male,Regular,0
4884,34,25,625,0.27112776237837183,154.91344407940792,3,1,1,Germany,Female,Regular,0
4885,73,11,302,12.82615887885845,265.3434108341573,3,0,1,France,Female,Regular,0
4886,37,42,778,10.766843361341548,125.93146959671488,3,1,0,France,Male,Regular,0
4887,58,46,380,69.66888570872057,1053.1157718212428,4,1,0,Germany,Male,Regular,1
4888,63,62,343,32.428024291385896,205.19411805779706,1,0,1,Germany,Male,Premium,0
4889,75,48,454,8.70091006433323,483.69664631510653,4,1,1,France,Female,Regular,0
4890,29,26,835,14.839704860132894,50.0,1,1,0,France,Male,Premium,0
4891,23,8,398,35.066710682732136,231.09580636769067,4,1,1,France,Male,Regular,0
4892,34,38,696,0.9916794520778474,412.26577900293177,3,1,1,France,Female,Regular,0
4893,68,64,470,27.59328384770276,1627.7024278768113,2,1,1,France,Male,Regular,0
4894,36,70,447,56.66972230995421,188.9074030468348,4,0,1,Spain,Male,Regular,0
4895,43,70,422,36.46510676755756,1261.3006283773648,4,1,1,Spain,Female,Premium,0
4896,65,6,411,45.577541782017256,1332.624493892519,2,1,0,Germany,Male,Premium,0
4897,61,71,429,19.772133820314004,573.2187723452066,2,0,1,Germany,Female,Premium,0
4898,61,66,367,10.110443693819708,994.2237880535665,4,1,1,France,Male,Regular,0
4899,69,9,844,82.96852516445828,74.81766607237935,3,0,1,Germany,Male,Regular,0
4900,49,70,585,118.02918374424355,242.84619474775687,3,1,1,France,Female,Regular,0
4901,23,52,304,35.74311996291781,1102.7348724237963,2,0,1,France,Female,Regular,0
4902,80,56,417,18.195136692692063,372.7237678475901,4,0,1,Spain,Male,Regular,0
4903,72,26,529,35.79058757647534,561.721783862389,1,1,1,France,Female,Regular,0
4904,75,55,459,105.5922538195412,356.41985828861533,2,1,1,Germany,Male,Regular,1
4905,53,3,593,58.78649537786376,407.8876580637946,1,0,1,France,Female,Regular,0
4906,55,22,485,97.81381482096577,533.6670837740003,2,1,1,Germany,Female,Regular,0
4907,28,47,523,19.903085779562083,615.3505406799702,4,0,1,Spain,Male,Premium,0
4908,50,41,451,62.23611652108646,1171.0753381181291,3,1,1,Spain,Male,Premium,0
4909,79,2,439,52.9285818635181,488.3644844987788,2,1,1,Germany,Female,Regular,0
4910,41,2,666,42.38681823502377,83.75195788416305,1,0,1,Spain,Male,Regular,0
4911,40,27,427,37.56264081511303,348.8689466685577,4,0,1,France,Male,Regular,0
4912,32,62,650,40.03415672060167,1161.0024490270048,4,1,1,France,Female,Regular,0
4913,44,30,446,94.7464825132877,866.4148242895382,4,1,1,France,Female,Regular,0
4914,28,9,584,123.84365090225722,363.1861045260777,1,1,1,Spain,Male,Regular,0
4915,74,55,768,5.9876498595236205,435.54423892392725,2,1,1,Germany,Male,Regular,1
4916,68,18,517,42.055867344021955,432.97703388345633,3,1,0,France,Male,Regular,1
4917,67,52,735,125.30146194615158,146.5156512775486,3,1,1,France,Female,Regular,0
4918,34,53,444,7.236261101407104,624.12849493945,1,1,1,Spain,Female,Regular,0
4919,68,59,576,26.624545967845116,1551.7234427952728,3,1,0,France,Female,Regular,1
4920,70,19,359,4.665019463649981,288.26906999460255,2,1,0,France,Male,Regular,0
4921,31,48,674,6.022376727190259,212.44186508045257,1,1,1,France,Male,Regular,0
4922,44,6,703,117.228102586195,547.3886590667155,1,1,1,Germany,Male,Premium,0
4923,35,28,413,29.54574025650127,281.19105715080366,2,0,1,Spain,Male,Regular,0
4924,45,50,794,58.356279580489655,510.84567436966216,4,1,0,France,Male,Premium,1
4925,68,12,635,7.478069360477931,1087.0629964504383,2,0,1,France,Female,Regular,0
4926,64,2,584,1.1095955702073157,109.38049733791885,2,1,1,Spain,Female,Regular,0
4927,80,4,428,110.58421161136557,503.7210196223424,3,1,0,France,Male,Premium,1
4928,64,24,614,42.72987988531772,783.8451224701266,3,1,0,France,Male,Regular,1
4929,21,0,370,1.0095106540136811,721.5869041984355,3,1,1,Germany,Male,Regular,1
4930,24,44,644,243.58377667775778,218.76937162072883,4,1,0,Germany,Male,Regular,0
4931,62,70,397,33.88263049255754,577.1470612416524,2,0,1,France,Female,Premium,0
4932,52,4,599,32.30139754934665,1701.5153344014216,3,0,0,Germany,Male,Regular,0
4933,65,55,475,48.49963364704761,1569.952833184354,4,0,1,Germany,Male,Regular,0
4934,80,72,374,0.3967970318781427,640.2599721620991,3,1,1,France,Female,Regular,1
4935,26,31,442,42.09841465549955,577.3360448239779,2,1,1,Spain,Female,Premium,0
4936,25,48,322,49.64291955835704,537.0723615931576,2,0,0,Spain,Male,Regular,0
4937,69,12,480,17.61661705675121,413.04513186001907,2,1,1,France,Male,Premium,0
4938,62,29,344,64.88715031610494,496.4412730719201,1,1,1,France,Male,Premium,0
4939,34,24,768,23.695106223075705,86.78428792822247,2,1,1,France,Male,Premium,0
4940,34,59,391,63.25220218668706,1075.9394102962356,2,1,0,France,Male,Regular,0
4941,66,58,568,7.764034645644428,331.0009069638732,3,1,1,Germany,Female,Regular,0
4942,50,27,333,122.4950187309945,392.4027641540843,1,0,1,France,Female,Regular,0
4943,49,52,663,105.78759215067228,728.3336549585506,3,1,0,France,Male,Regular,1
4944,25,19,432,8.16281159649594,403.4766771455434,4,1,0,France,Male,Premium,0
4945,36,33,681,139.39846970218602,306.41043195303456,4,1,1,Germany,Male,Regular,0
4946,80,4,576,40.797419999591774,780.5992622840533,1,0,1,France,Male,Regular,0
4947,55,59,455,60.474345348430106,66.55858416074669,2,1,1,Germany,Male,Regular,0
4948,20,42,686,91.72096769938358,530.1753984927572,1,0,1,France,Male,Regular,0
4949,76,56,834,4.363476719833129,1266.1790209342987,2,1,1,France,Female,Regular,0
4950,22,56,499,9.273386488464046,278.97746757978217,4,0,1,Spain,Female,Regular,0
4951,30,53,574,17.152052711065807,184.95960053750886,4,0,0,Germany,Female,Regular,0
4952,64,44,800,32.42824345821988,450.227456285105,1,1,1,France,Male,Regular,0
4953,63,35,758,21.236563698129565,957.2177348817008,3,1,0,Germany,Male,Regular,1
4954,78,47,349,35.24544161438544,877.9505920595487,4,1,1,France,Male,Regular,0
4955,48,53,831,10.284649308207955,321.856053544762,1,1,1,France,Female,Regular,0
4956,72,47,391,57.30943652430338,1425.468194931934,1,0,0,Spain,Female,Premium,0
4957,33,5,755,2.8674153031437237,729.3691670650567,4,1,0,Spain,Male,Regular,1
4958,67,33,638,22.427726236904622,297.28515154047386,2,0,1,France,Female,Regular,0
4959,49,62,352,9.863633162491977,419.57888856549647,3,1,1,Spain,Male,Regular,0
4960,39,47,795,65.45431046492102,713.9934994825741,3,1,0,France,Male,Premium,0
4961,46,22,303,107.55905430390004,725.5719329888643,2,0,1,France,Male,Regular,0
4962,39,12,580,4.103157033906986,476.0784937071392,4,1,1,Germany,Female,Regular,0
4963,60,41,589,76.8646670077247,457.6237365480168,4,0,0,France,Female,Regular,1
4964,20,56,372,113.03488429797486,1050.660006154642,2,1,0,France,Female,Regular,1
4965,71,31,436,182.42569408590657,819.1603076837711,4,1,1,Germany,Female,Regular,0
4966,27,25,692,43.302016355078514,409.46009935663204,3,1,1,Spain,Female,Regular,0
4967,59,52,507,19.82962080630422,597.7982060969895,1,1,1,Germany,Female,Regular,0
4968,79,9,559,19.428452677551995,645.5235912063391,3,0,0,France,Male,Premium,1
4969,38,51,562,23.818800835946725,249.41800273028068,3,1,1,France,Male,Premium,0
4970,33,35,804,47.423577122289785,279.34611588736834,3,1,0,France,Male,Premium,0
4971,29,7,849,33.68978295955546,306.3966522148465,4,1,1,France,Male,Regular,0
4972,19,39,502,53.01311114497729,492.52286797685804,2,1,0,France,Male,Regular,0
4973,58,21,646,2.0053767367041924,541.5390667119797,4,1,1,France,Female,Regular,0
4974,41,15,351,5.5958509302159,212.2235531297773,2,1,1,France,Male,Regular,0
4975,52,59,655,187.6218549338367,481.61876542852445,1,1,1,Germany,Female,Regular,0
4976,73,72,818,250.0,1409.263871250354,1,0,0,France,Male,Regular,1
4977,47,9,662,68.6509074936901,688.3432001706061,3,1,0,Germany,Male,Premium,0
4978,74,24,344,14.812409533994336,847.2917001043598,2,1,1,France,Male,Premium,0
4979,47,30,677,153.2881424497786,214.8360130949899,3,1,0,France,Male,Regular,0
4980,64,20,711,12.021021653860503,756.3770964523382,4,1,1,France,Female,Regular,0
4981,52,32,441,65.73243076737135,1173.1019482262989,2,0,1,France,Male,Regular,0
4982,36,30,557,6.122977709844644,943.5920777891025,3,0,1,Germany,Male,Regular,0
4983,67,20,336,52.33485043246298,275.12796407331365,4,1,1,France,Female,Regular,0
4984,25,35,344,71.25487876997411,474.82031505326654,1,1,0,Germany,Female,Premium,0
4985,43,66,345,98.17728791953918,921.634042291547,3,0,0,Germany,Male,Premium,1
4986,66,-1,600,66.27052670392128,217.84480149945026,2,1,1,Spain,Female,Premium,1
4987,57,67,587,128.5136561604295,884.8303627321013,2,0,1,Germany,Male,Premium,0
4988,24,3,568,36.794724062654545,455.16267209601097,4,1,1,Germany,Female,Regular,0
4989,47,8,361,56.57153966358675,119.15543365467072,3,0,0,Germany,Male,Regular,0
4990,24,29,541,23.066078191369186,573.037432885271,1,1,1,Spain,Female,Regular,0
4991,20,44,653,0.5221898184728462,582.1124390449602,3,0,1,Spain,Female,Premium,0
4992,18,3,370,70.67155377556446,735.6048837415757,3,1,1,Germany,Male,Regular,0
4993,53,72,712,101.95747315955714,1016.1497173431619,2,1,0,France,Male,Regular,1
4994,42,22,360,9.553453872460665,874.1010719936478,4,0,1,France,Male,Regular,0
4995,54,15,751,1.4529450714014736,311.13087571504497,2,0,1,Germany,Male,Regular,0
4996,18,21,692,8.986356990392592,292.9988893526048,1,0,1,Spain,Female,Regular,0
4997,32,71,828,112.82769525045686,1009.4860619024458,3,0,1,Spain,Male,Regular,0
4998,54,47,604,17.514084745402002,142.11641410213744,1,0,1,France,Female,Premium,0
4999,30,61,490,13.309345539439363,161.2792572386433,4,1,0,Germany,Male,Regular,0
5000,57,59,377,0.7348651505220741,1160.2435542975063,4,1,1,Germany,Male,Regular,0
5001,25,4,824,17.623841789100315,529.5910872448029,3,0,1,France,Male,Regular,0
5002,22,6,600,62.87554960594114,1174.6063597374261,4,0,1,France,Female,Regular,0
5003,77,50,316,159.81816761653536,327.264597206585,1,1,0,France,Male,Premium,0
5004,26,64,733,18.75221972805472,494.16972590560187,3,1,1,Germany,Male,Regular,0
5005,80,8,342,13.766949481529242,581.7243883554756,4,0,1,France,Female,Regular,0
5006,18,53,367,109.49364258901649,856.2554967143777,1,0,0,France,Female,Premium,1
5007,53,46,679,95.69799953706058,332.2337232394552,3,0,1,France,Female,Regular,0
5008,52,66,511,19.88678437045822,925.0870732857339,4,1,1,France,Female,Regular,0
5009,19,23,502,3.5643368276599032,352.72639904488136,2,0,1,Germany,Female,Regular,0
5010,80,9,408,241.3497333001162,397.3682396733158,3,0,1,France,Female,Regular,1
5011,57,72,583,57.08188035213524,293.74920321834816,3,1,1,France,Female,Regular,0
5012,40,47,524,130.57828356774885,1702.1229372563428,2,1,0,France,Male,Premium,0
5013,26,30,417,20.91797986696809,1137.2286271930175,4,1,0,Germany,Male,Regular,1
5014,51,53,639,52.161540335270075,223.17135385701832,3,0,1,Germany,Male,Regular,0
5015,63,70,580,56.11921540099167,819.1736368494348,1,0,1,France,Male,Regular,0
5016,31,15,790,103.14120596637133,841.2951491350823,4,1,1,France,Male,Regular,0
5017,21,52,318,248.50853540717083,885.803741461431,3,1,1,Spain,Female,Premium,0
5018,47,39,474,5.751813116702148,290.30278345867004,1,1,1,Spain,Male,Regular,0
5019,48,19,768,49.86376696850878,1107.612057212853,2,1,1,Spain,Female,Regular,0
5020,55,68,441,20.50679609696548,321.44419269307303,1,1,1,France,Male,Regular,0
5021,28,44,762,83.4749043668784,183.0408015610247,4,0,1,France,Male,Premium,0
5022,52,5,597,70.15127440359643,744.9571875258276,2,1,1,Spain,Male,Regular,0
5023,25,68,769,111.52183823124614,50.0,1,1,1,Spain,Male,Regular,0
5024,20,48,672,21.05708308027234,267.7639672242256,4,1,1,France,Female,Regular,0
5025,31,38,767,10.199553344049807,1719.7549502151087,2,0,0,Germany,Male,Regular,0
5026,77,1,737,1.1021422703110872,1960.641449349711,4,1,1,France,Male,Regular,0
5027,30,34,742,14.75257021786759,514.4988015867568,3,1,1,France,Female,Premium,1
5028,62,20,755,22.877794421884474,1732.9589248026946,4,1,1,Germany,Female,Premium,0
5029,49,50,547,146.0006241484532,519.3129643659399,1,1,0,Germany,Female,Premium,1
5030,51,53,441,33.801981030680054,943.3986862471487,4,0,1,Germany,Female,Premium,0
5031,62,11,701,40.646054045887155,2000.0,4,1,1,Spain,Female,Regular,0
5032,78,46,521,106.06685646813354,948.0022790328393,2,1,0,France,Male,Regular,1
5033,36,37,483,108.17139004486481,206.4512450140918,4,0,0,Germany,Male,Premium,0
5034,76,14,663,37.529898787179064,463.0666326708031,4,1,1,Germany,Female,Regular,0
5035,55,20,487,6.035186640893951,480.82985766867085,3,1,0,France,Female,Premium,1
5036,33,49,412,15.77090349204266,50.0,3,1,1,Germany,Male,Premium,0
5037,19,64,480,30.52200435332817,345.856118349353,2,0,0,Spain,Male,Regular,0
5038,57,65,498,69.54916589134567,246.20548749678,2,1,0,Germany,Male,Premium,1
5039,34,43,369,62.18451842150669,121.90500446170647,1,1,1,Spain,Male,Premium,0
5040,72,39,784,51.460128145815695,1637.3516895653113,2,1,0,France,Female,Regular,1
5041,51,42,698,106.11559822418452,260.71732367920424,4,1,1,France,Male,Regular,0
5042,59,47,850,81.13791387148486,477.8699930907818,3,1,1,France,Female,Regular,0
5043,77,60,309,201.18752293095557,1083.5103097967226,2,0,1,Germany,Male,Regular,0
5044,33,4,302,109.98271074575194,467.7957565027423,1,0,1,Germany,Male,Regular,1
5045,55,28,777,10.886438626453202,612.7966889940514,4,0,0,Germany,Female,Regular,0
5046,77,47,366,2.9671522126656016,616.4040500251515,1,1,1,Spain,Female,Regular,0
5047,19,61,396,26.7653893955621,228.60281997388492,1,0,0,Spain,Male,Regular,0
5048,19,20,830,48.05191310632313,304.159892358169,1,1,0,France,Male,Regular,1
5049,43,56,617,51.51547271740815,1831.221299682751,1,1,0,Germany,Male,Premium,1
5050,30,46,397,15.56546800553718,493.7472523926761,4,0,1,Germany,Male,Regular,0
5051,73,63,356,98.2631481847941,428.18708169663995,4,1,1,Spain,Male,Regular,0
5052,64,52,406,19.967675872545424,1230.3982708282217,1,1,1,France,Male,Premium,0
5053,48,43,387,125.73610099179515,444.8888747273092,4,0,1,Spain,Male,Regular,0
5054,77,27,670,31.895217915589292,1011.5719298993413,2,0,1,France,Male,Regular,0
5055,51,1,674,0.5222512948420429,1206.907147644044,4,1,1,Germany,Female,Premium,0
5056,56,60,351,8.839323854182071,321.5711747672925,4,1,1,France,Male,Premium,1
5057,20,56,340,5.397039677619408,305.5261595479404,1,1,1,France,Female,Regular,0
5058,25,33,390,2.2512174674750014,422.63917528080907,4,1,0,Germany,Male,Regular,0
5059,40,57,338,62.59119986520959,50.0,2,1,0,Spain,Female,Regular,0
5060,31,51,312,10.679211445016366,883.6227580790033,4,1,1,Spain,Female,Regular,0
5061,73,28,403,91.19960862955652,364.4517628508321,2,1,1,France,Female,Premium,0
5062,79,34,342,15.358117944649068,50.0,4,1,0,Germany,Female,Regular,0
5063,72,47,508,1.6430584370959969,485.9653558919095,3,1,1,Germany,Male,Premium,0
5064,44,32,775,85.92786975690493,969.3825982754806,4,1,1,France,Female,Regular,0
5065,71,72,408,31.381630283173045,382.35859092242225,2,1,0,France,Male,Premium,0
5066,46,8,513,45.75275481294255,458.4127490690557,2,1,1,France,Female,Regular,0
5067,56,47,708,20.490774513774646,638.2392271285992,2,1,1,France,Female,Premium,0
5068,70,66,376,2.356697620452114,1180.8787211298359,1,0,1,Germany,Female,Regular,0
5069,56,35,394,23.115829651108307,270.5644603787197,2,0,1,Spain,Male,Regular,0
5070,18,70,568,36.520273536801405,1050.671645767646,4,1,1,Germany,Male,Regular,0
5071,34,43,660,0.5877714317156479,84.4496341523398,3,1,1,France,Female,Premium,0
5072,58,59,829,42.69984956750433,1560.3744160916717,2,1,1,France,Male,Regular,0
5073,47,62,461,111.76602449943438,1462.8527891539666,1,0,0,Spain,Male,Regular,0
5074,70,4,764,12.284831185229256,694.705722533942,4,1,0,Germany,Male,Regular,0
5075,30,39,847,130.7069325474061,621.918932815421,2,1,1,Germany,Female,Regular,0
5076,38,18,486,5.135341923430644,682.3048909295653,1,1,0,France,Female,Premium,0
5077,36,59,351,87.27329243382866,1204.858534066505,1,1,0,Germany,Male,Premium,1
5078,70,64,787,91.73053803839531,408.24935900217156,1,1,1,Spain,Male,Premium,0
5079,36,66,830,14.904122663253425,188.74998900109608,2,1,1,Spain,Male,Regular,0
5080,74,20,695,158.31821053798524,571.9958671998683,2,1,1,France,Male,Regular,1
5081,42,49,391,26.944001865321702,492.3367325576486,2,1,0,Spain,Male,Regular,0
5082,39,29,656,7.614226211124324,646.2376699899424,3,1,1,France,Male,Regular,0
5083,48,65,443,44.789423697647806,718.9646980064853,3,1,1,Germany,Male,Premium,0
5084,34,9,498,250.0,495.2979144789963,4,1,0,Germany,Female,Regular,1
5085,72,41,622,114.77627799162616,268.9781537198086,4,0,1,France,Male,Premium,0
5086,40,4,631,16.328271403139645,1558.8933524292243,1,1,1,France,Male,Regular,0
5087,49,49,563,43.01757102405497,1479.791802769067,3,1,1,Spain,Male,Regular,0
5088,79,57,516,6.129157747708182,1000.9541017149695,2,0,0,France,Female,Regular,0
5089,27,7,733,30.98041463221274,611.4462892985606,4,1,1,France,Male,Regular,0
5090,27,27,759,37.01928456589444,330.97150509460397,2,1,0,Spain,Female,Premium,1
5091,53,11,802,18.93713991039438,50.0,2,0,1,Spain,Female,Regular,0
5092,25,20,768,33.10055715370687,1318.753260641977,3,1,1,Spain,Male,Regular,0
5093,71,61,665,126.24798336557683,780.8280953546181,4,1,1,France,Female,Regular,0
5094,69,32,538,34.67112464071738,645.8253518195812,1,1,1,France,Male,Regular,0
5095,37,31,695,88.8899615891524,435.7410973747755,4,1,0,Spain,Female,Premium,1
5096,49,39,694,19.091611072922333,2000.0,4,1,0,Spain,Male,Regular,0
5097,67,64,374,177.72481037284834,179.90383323123206,4,1,1,France,Female,Regular,0
5098,31,54,397,4.9061845403416555,1149.5360577711233,3,0,1,France,Female,Regular,1
5099,67,14,682,44.04456828421809,238.68260008608559,4,1,0,France,Male,Regular,1
5100,45,0,669,78.00567911136204,614.6985167251892,1,1,1,Germany,Female,Regular,0
5101,63,8,584,84.11144930288474,812.2199127340763,4,0,0,France,Male,Premium,1
5102,69,54,555,11.049862238133866,288.9529073222503,2,1,0,France,Male,Premium,0
5103,70,1,608,25.678627044951906,393.1509306760688,1,0,1,France,Male,Premium,0
5104,41,64,475,48.93440035101603,758.7460843043444,4,0,1,France,Male,Regular,0
5105,32,43,527,18.981294955958266,176.76190499823753,3,0,1,Germany,Male,Premium,0
5106,39,15,646,53.69052291383976,439.0456896741888,3,0,1,Germany,Male,Premium,0
5107,47,21,641,23.803553655615534,452.69646780000585,3,1,0,Germany,Male,Premium,0
5108,80,17,538,21.605830452145636,415.9724792391284,2,1,1,Germany,Female,Regular,0
5109,21,52,649,5.718278738018958,669.1338483383148,2,0,0,France,Male,Premium,1
5110,30,29,754,2.0022023002970704,419.3265017249476,3,1,1,Germany,Female,Regular,0
5111,76,9,740,90.17352583536123,751.3857099312057,2,0,1,France,Female,Regular,0
5112,40,57,814,33.622589962604756,865.4329402009024,4,0,0,France,Male,Regular,0
5113,25,61,380,41.376590649817516,203.55924603179423,4,1,1,France,Female,Regular,0
5114,35,17,660,23.278356058155808,823.7479911521168,3,1,1,Germany,Male,Regular,1
5115,29,72,587,7.352086406405081,431.639546698285,1,1,0,France,Male,Regular,1
5116,72,40,307,29.852955868468932,749.2928314343112,4,1,0,Spain,Male,Premium,0
5117,48,42,386,13.00056182255312,738.0723485126666,1,1,0,Germany,Female,Regular,0
5118,31,17,585,90.91021769152766,444.1502286803614,2,1,1,Germany,Male,Regular,0
5119,51,57,698,216.3335249239021,523.7118946482742,2,0,1,France,Female,Premium,0
5120,35,59,373,109.95457691530228,516.5314325876224,4,0,0,Germany,Female,Regular,0
5121,73,26,738,37.567876708030354,924.1513374157134,4,0,1,Spain,Male,Regular,0
5122,51,67,422,49.46078205757007,892.8960955977741,2,0,1,France,Female,Premium,0
5123,80,21,676,147.94354663354952,557.8214034315109,2,1,1,France,Female,Premium,0
5124,28,23,442,38.68337625296814,1079.4960895261354,1,0,0,Spain,Female,Regular,0
5125,58,39,457,50.886990261900536,226.13558828685294,4,1,1,Spain,Female,Regular,0
5126,29,65,729,49.60860081308772,738.8997193074464,3,1,0,Germany,Female,Regular,0
5127,66,48,747,61.57082331387302,978.6730595787491,3,1,0,Germany,Female,Regular,1
5128,32,6,709,51.12217522789118,308.0272772608193,2,0,0,France,Male,Regular,1
5129,74,17,670,55.540124112517056,791.2121737724611,3,1,1,Germany,Female,Premium,0
5130,48,29,408,64.71210544520517,1276.1477686522996,2,1,1,Germany,Male,Regular,0
5131,66,20,335,82.80007564968861,620.1295154824531,3,1,1,France,Female,Regular,0
5132,75,61,389,25.79651228231003,445.41399910942687,2,1,1,Germany,Female,Premium,0
5133,46,9,714,68.48838100985927,1330.4608914327885,2,1,1,Germany,Female,Regular,0
5134,43,12,595,5.279347017496018,461.5382395525808,3,1,1,Germany,Male,Regular,0
5135,35,8,345,104.44960304899233,457.4281973620516,4,1,0,Germany,Male,Regular,0
5136,49,71,787,17.127635819999224,825.8686098253717,2,1,0,Germany,Female,Premium,1
5137,39,38,469,25.830475418511963,592.761722991954,3,1,1,France,Male,Regular,0
5138,55,23,445,81.38274510358382,407.90008610635095,4,0,1,France,Female,Premium,0
5139,34,33,719,50.66583688082581,655.0265817353893,1,1,1,Spain,Male,Regular,0
5140,40,60,302,18.453861758830882,1009.9935977601875,2,1,1,France,Female,Regular,0
5141,41,40,562,12.770368218696149,661.1466391507419,2,1,1,France,Male,Regular,0
5142,67,4,620,158.16549141815733,312.98732927955126,1,1,1,France,Female,Regular,0
5143,25,49,545,4.593505040087322,1003.4712304676082,2,0,0,France,Male,Regular,0
5144,58,3,776,0.2172266219038981,408.69217577286975,1,0,1,Spain,Male,Premium,0
5145,23,62,558,55.87980261604433,601.7086420802314,3,0,1,France,Female,Premium,1
5146,22,51,392,47.65738755843134,328.2635415840502,1,1,1,Spain,Female,Premium,0
5147,61,38,832,66.89692178983626,489.7942017237666,4,1,1,France,Male,Regular,0
5148,74,7,638,65.77014655217572,1113.6601952911924,3,0,1,France,Female,Premium,0
5149,46,44,559,99.4833792041605,1914.6664201433566,1,1,1,France,Male,Regular,0
5150,45,27,536,127.62198035029388,443.6705473200331,4,1,1,Spain,Male,Premium,0
5151,28,26,440,74.58820819477482,1098.5187109910275,1,0,0,France,Male,Premium,0
5152,74,64,779,13.217343532081694,480.406616731068,4,1,0,Germany,Male,Regular,0
5153,18,33,649,31.13407967712426,495.5800273811702,1,1,1,Germany,Male,Regular,0
5154,60,61,429,51.32135957978481,2000.0,2,1,1,France,Male,Regular,0
5155,36,67,836,38.75749451400611,412.54151199428213,4,1,0,Spain,Male,Regular,1
5156,26,37,310,8.652088125185141,61.856913580839255,2,1,1,France,Female,Premium,0
5157,44,25,556,44.49132966619961,865.0271869432088,2,1,1,France,Female,Regular,0
5158,51,23,668,108.81024459219672,534.3998029106469,4,1,0,France,Male,Regular,0
5159,61,38,693,27.10869630733323,800.1578276553712,2,1,1,Germany,Male,Regular,0
5160,21,20,718,55.271698843551576,1303.3424895446642,3,1,1,Germany,Male,Regular,0
5161,53,46,318,47.8470805773344,372.8244128478764,1,0,1,Germany,Male,Premium,0
5162,35,47,409,23.663900156443223,341.41841185287274,4,1,1,France,Female,Regular,0
5163,32,13,736,41.65164535173376,1193.8938709315912,3,1,0,France,Male,Regular,1
5164,68,15,804,11.799538344320629,177.82622452611471,4,1,1,France,Male,Regular,1
5165,30,42,333,39.49471807427051,276.10575833159487,1,0,0,France,Female,Regular,1
5166,36,34,587,80.1801460802058,193.81726473166157,4,0,0,Germany,Female,Premium,0
5167,66,18,554,71.1370822642488,538.3872983658756,1,0,1,Spain,Female,Premium,0
5168,23,13,433,22.154809155248355,817.3078656015313,3,1,1,France,Female,Premium,0
5169,65,47,798,5.943975222673687,615.7130810401464,4,1,0,Spain,Male,Regular,0
5170,73,67,696,80.45753894301102,127.23380959606537,1,1,1,Germany,Female,Regular,0
5171,29,44,786,15.396898208465542,132.72649161839632,2,0,1,France,Female,Regular,0
5172,68,18,512,2.725120178054623,393.14368640642584,2,1,1,France,Female,Regular,0
5173,54,63,649,29.456745087695406,230.77094083699384,3,1,1,Spain,Male,Regular,0
5174,34,65,318,67.25196469239604,242.25481089946413,3,1,1,France,Female,Premium,0
5175,75,65,418,82.6416347726355,1368.8429373306585,3,1,0,France,Female,Premium,0
5176,40,44,601,201.4338785889687,538.0615848807399,2,1,1,France,Female,Regular,0
5177,43,66,584,10.499502213399891,815.1125986327878,1,1,1,France,Male,Regular,0
5178,46,72,526,17.392475180743986,436.4103677462527,3,1,0,Spain,Male,Regular,1
5179,50,2,806,47.01514891598913,1415.135681359356,1,1,1,France,Male,Premium,0
5180,77,47,800,83.39142113331222,342.6985525407672,1,1,0,Spain,Male,Regular,1
5181,44,41,511,13.333552649837301,2000.0,3,0,1,France,Female,Regular,0
5182,42,53,655,26.374387661362704,170.06947209945665,3,1,0,Germany,Male,Regular,1
5183,73,49,786,26.246283902615197,327.72928905355644,2,1,1,France,Male,Regular,0
5184,72,34,620,74.12632957574267,50.0,3,1,1,Germany,Male,Regular,0
5185,27,23,522,13.783209249711073,1618.168041867736,2,1,0,Germany,Male,Premium,0
5186,64,16,490,173.30048452729278,274.56375245679783,2,1,0,Germany,Female,Premium,0
5187,40,39,799,35.71484462718858,836.5883750401659,1,1,1,France,Female,Regular,0
5188,38,65,794,16.568940073041265,454.30815857295875,2,1,0,Germany,Female,Regular,0
5189,38,43,536,16.72359610953172,623.9595668638523,1,1,1,Germany,Female,Regular,0
5190,60,22,321,0.9234751369889431,1317.1195909455596,2,1,1,Spain,Male,Regular,0
5191,30,5,626,58.95277357395264,536.3540791488872,3,1,1,France,Female,Regular,0
5192,54,65,844,74.7939231064296,50.811952203556075,4,0,1,Germany,Female,Regular,0
5193,50,20,426,1.6482601777885897,693.3248250887173,1,1,1,France,Male,Regular,0
5194,41,34,664,44.08655998074934,748.597524333901,3,0,0,Germany,Female,Premium,0
5195,61,28,343,76.08799091820696,226.02055618131553,1,1,1,Germany,Female,Premium,0
5196,28,10,818,23.599483878015846,583.1492941025448,2,0,1,France,Male,Premium,1
5197,34,52,427,28.347015846068572,72.53720377397418,1,1,1,France,Male,Regular,0
5198,21,36,429,22.441461861448627,771.5509805768637,4,1,1,Germany,Male,Regular,0
5199,64,22,828,18.964342316195683,2000.0,3,1,1,Spain,Male,Regular,0
5200,42,7,620,33.77928683337143,334.3397974052761,1,1,1,France,Male,Regular,0
5201,47,47,485,9.082128975553875,418.94412154069107,4,1,0,Germany,Female,Regular,0
5202,26,13,647,29.052362603261606,1050.304263904385,3,1,0,Spain,Male,Regular,1
5203,38,23,780,142.21508529874637,371.32704426417945,4,1,1,Germany,Female,Regular,0
5204,37,46,660,1.3892268955473,244.4393654564267,1,0,1,Germany,Male,Regular,0
5205,36,52,586,9.000815746526026,492.46985759553996,4,0,1,Germany,Male,Regular,0
5206,36,38,481,75.18691061073781,391.43685918351565,2,1,1,France,Male,Premium,0
5207,29,66,750,7.081466913741815,319.55588455038156,1,0,1,Spain,Female,Regular,0
5208,54,65,396,15.823347145312164,829.2178936640861,3,1,0,France,Male,Regular,0
5209,59,5,613,30.333698788682657,890.8413147734858,2,1,1,France,Female,Regular,0
5210,34,20,845,143.37773478866615,498.048789141814,1,0,1,Spain,Female,Regular,0
5211,54,68,320,10.13649103552714,474.0080401449188,2,0,1,Spain,Male,Regular,1
5212,71,35,796,128.25245422451127,209.11629403723947,4,1,1,Spain,Female,Regular,0
5213,65,2,702,63.38549570514351,429.8128022126578,3,0,0,Germany,Male,Premium,0
5214,56,41,423,55.60690432368756,1067.5413209327073,2,0,1,France,Male,Premium,0
5215,45,56,418,64.2849131939964,729.6045228253487,4,1,0,Spain,Male,Regular,1
5216,58,43,776,1.5872604112251438,2000.0,4,1,1,Spain,Male,Regular,0
5217,52,32,402,5.206966473216251,274.28900001209274,3,1,0,France,Female,Regular,0
5218,64,59,632,20.38649820347877,242.42112012626373,1,1,1,Spain,Male,Regular,0
5219,65,69,758,3.8422991778038713,366.26785475656214,3,1,1,France,Male,Premium,0
5220,35,25,429,219.4614635564606,516.3224431791622,3,1,1,Germany,Male,Premium,0
5221,31,20,433,43.42412488024204,300.2544721049009,4,1,1,Spain,Male,Premium,0
5222,52,1,456,33.40747912831109,571.9459073404915,3,1,1,Germany,Female,Regular,0
5223,61,46,724,76.97502416888375,529.5957081434738,3,1,1,France,Male,Premium,0
5224,58,29,734,188.52445085920417,1010.0324968838362,1,1,1,France,Male,Premium,0
5225,77,26,688,155.19929304417923,304.3595359682289,3,1,1,France,Female,Regular,0
5226,24,70,617,78.76749939694714,285.7817581447382,3,1,1,France,Female,Regular,0
5227,58,19,804,23.67442367026408,546.5089253847447,4,1,1,France,Female,Regular,0
5228,30,49,489,3.4117735396092987,991.5472762953633,1,1,1,Germany,Female,Regular,0
5229,35,29,710,5.177939083847376,427.2327803477791,3,0,0,France,Male,Regular,1
5230,54,12,351,0.05765026248712425,213.27662034169379,1,1,1,France,Male,Premium,0
5231,30,3,745,0.09523279654601995,196.06145894520688,1,1,1,Germany,Female,Premium,0
5232,53,13,743,137.7742308957289,1748.8963477601058,4,0,0,France,Female,Regular,0
5233,48,19,681,130.87641598764105,196.33438315793984,3,1,1,France,Female,Regular,0
5234,19,12,673,55.06386178006558,891.7043924144549,2,0,0,Germany,Male,Regular,0
5235,33,2,674,64.85500119984353,169.97496250450348,1,1,1,France,Female,Regular,0
5236,26,47,688,35.99596449691943,841.318618338462,4,1,0,Spain,Male,Regular,1
5237,26,2,778,13.580086585614449,908.0063674718849,1,1,1,France,Female,Regular,0
5238,55,0,703,122.89476755709472,837.6047711232156,2,1,1,Spain,Female,Regular,0
5239,28,23,767,16.265145042089053,81.01543454762172,2,1,1,Spain,Male,Regular,0
5240,71,34,804,67.29050328300708,629.6837294435284,3,0,1,Spain,Male,Regular,0
5241,73,13,382,14.080738107957085,640.8626980472679,4,1,1,France,Female,Regular,0
5242,39,72,618,102.06815790189545,1588.044710281098,2,0,0,France,Male,Premium,1
5243,50,12,366,52.66848253756432,364.87803864878543,1,0,1,Germany,Female,Premium,0
5244,53,46,713,51.458278887035405,570.9354229702286,2,1,1,France,Female,Premium,0
5245,62,49,752,5.121974674550351,110.35424170708637,1,1,1,Germany,Male,Regular,0
5246,40,25,497,27.190595511682897,1337.6101699054482,4,1,1,Spain,Female,Premium,0
5247,62,2,558,37.21239389052305,596.5895284078475,3,0,0,France,Female,Regular,0
5248,62,48,597,17.409572141282883,1695.7787174516372,2,1,1,Germany,Male,Regular,1
5249,51,53,579,106.42092313441765,764.4548803860263,4,0,0,Germany,Male,Regular,1
5250,26,67,599,90.9061809175784,715.5094545362668,4,1,1,Spain,Male,Regular,0
5251,41,35,428,34.02348525499607,420.5640804637432,2,1,1,France,Female,Premium,0
5252,25,46,797,20.778136090637663,627.6499067769386,4,1,0,Germany,Female,Regular,1
5253,24,0,737,80.85895793703872,382.74945024982975,3,1,1,Spain,Male,Premium,0
5254,53,32,591,10.96326952685193,325.44752402276595,3,1,0,Spain,Male,Regular,0
5255,35,6,506,3.7101234898120916,324.78928628122867,2,0,1,Germany,Male,Regular,0
5256,20,51,593,2.3394089926776553,223.93586146318148,2,1,1,France,Female,Regular,0
5257,45,10,328,1.9725665538735455,415.32831970980595,4,1,0,Germany,Female,Regular,0
5258,23,29,478,33.5583909554507,282.1248271496354,4,0,0,France,Female,Regular,1
5259,61,13,340,14.739606864787943,1432.2457851752374,4,0,1,Spain,Male,Regular,0
5260,61,45,769,58.61968915684969,552.9203047440413,2,1,0,Germany,Female,Regular,0
5261,38,9,491,53.050159159467604,463.5835787550906,2,1,1,Spain,Female,Regular,0
5262,45,23,643,39.046488977134594,179.20531079067652,1,1,0,France,Male,Regular,0
5263,57,60,577,21.758339518138726,57.17330968416548,4,0,0,France,Female,Regular,0
5264,71,17,654,95.0083126645917,932.9290058555492,2,1,0,France,Male,Premium,0
5265,71,8,828,61.84249461616362,444.58711357463716,1,1,1,Spain,Female,Premium,0
5266,18,16,385,15.840175700979705,1567.5461781552335,3,0,1,Germany,Male,Regular,0
5267,53,57,616,34.82651106106739,54.03018221340592,1,1,1,France,Male,Regular,0
5268,38,12,636,8.496208674781684,1424.924888057833,3,1,1,France,Male,Regular,0
5269,77,49,444,19.932640065163366,828.9353470573365,2,1,0,Germany,Male,Regular,0
5270,60,5,614,250.0,490.6337926236501,4,1,1,Germany,Female,Regular,0
5271,52,50,524,12.670101593378053,50.0,3,1,1,France,Female,Premium,0
5272,30,35,722,59.91649704976152,1056.0108864478282,4,1,1,France,Male,Regular,0
5273,74,70,353,13.617913908998977,454.45232021896584,4,1,1,Germany,Female,Premium,0
5274,66,24,367,139.1396617864266,1076.1607570625483,3,1,1,France,Male,Premium,0
5275,71,10,633,18.56281144492304,769.3151860128148,4,0,1,France,Female,Regular,0
5276,71,43,376,21.285105697125395,426.338983799232,4,1,0,Germany,Female,Premium,0
5277,27,13,838,45.05283962380596,1555.5422855673621,4,0,1,Germany,Male,Regular,0
5278,70,24,454,44.35016277760392,1418.3654087996333,4,0,0,France,Male,Regular,1
5279,61,49,371,43.265195510643764,252.51358681340332,1,1,1,Spain,Female,Regular,0
5280,64,4,800,42.57839284039702,493.5815680380102,3,1,1,France,Female,Premium,0
5281,70,72,746,18.711906290044706,119.12887519027804,4,0,0,Spain,Male,Regular,1
5282,27,68,658,28.49431198863592,532.8232801679654,4,0,1,France,Female,Regular,0
5283,63,65,576,45.000381594315044,392.22798396626837,2,1,1,France,Female,Regular,1
5284,30,27,612,55.62594550196862,1263.3082408111547,2,1,0,France,Female,Regular,1
5285,54,5,404,14.593140881607052,758.5298606814431,3,1,1,Germany,Male,Premium,0
5286,55,15,394,60.445090212770936,455.13201344310534,4,0,1,France,Male,Regular,0
5287,41,59,518,128.37719860144549,402.40425178284545,3,1,1,France,Male,Regular,0
5288,19,11,427,70.92594254640173,1007.463394186206,2,1,1,France,Male,Regular,0
5289,39,2,499,4.399654908158781,1265.788567285603,2,1,1,Germany,Male,Regular,0
5290,34,62,631,31.66154943068426,690.7194717631027,2,1,1,Germany,Male,Regular,0
5291,53,63,846,28.569831122697444,414.03285034907844,1,1,1,France,Female,Regular,0
5292,31,61,591,20.511570848024256,316.20422391440235,1,1,1,Germany,Male,Regular,0
5293,27,5,365,33.79682094305446,238.43735004261572,2,0,0,France,Male,Regular,0
5294,52,25,703,28.9582366465231,555.2087820944295,2,1,0,France,Male,Regular,1
5295,42,27,445,0.309479661951093,347.3087197095726,1,0,0,Spain,Female,Premium,1
5296,20,42,829,13.495727892548295,746.0052874433034,2,1,1,Germany,Female,Regular,0
5297,64,72,701,12.026067805257258,1067.1845380947825,2,1,0,Germany,Male,Regular,1
5298,55,2,424,21.48221985662142,899.9338736935662,1,1,1,France,Female,Premium,0
5299,34,71,813,9.585680724022408,602.8720172061073,1,0,1,France,Female,Premium,0
5300,29,37,631,3.5104721879520135,58.84661440604893,1,1,0,France,Female,Regular,0
5301,71,72,779,10.945927898768801,153.25634049725568,2,1,0,France,Male,Premium,1
5302,69,43,697,96.27144176948384,389.16768119079364,2,0,1,Germany,Female,Regular,0
5303,41,72,329,79.73715580418487,175.0860457766426,4,0,0,Germany,Female,Regular,1
5304,46,41,355,29.178436414159865,1553.1449182502267,2,1,0,France,Female,Regular,0
5305,60,63,431,105.110963373131,813.5338969027046,2,0,1,France,Male,Premium,0
5306,42,53,530,13.241630594452673,982.765784914558,1,1,1,France,Male,Premium,0
5307,53,70,694,43.87864442030132,746.4914369064869,3,1,1,Germany,Female,Regular,0
5308,75,36,451,7.711485221021601,624.514521566777,2,0,0,France,Male,Regular,0
5309,77,3,801,89.60818441049396,243.55275898949648,2,1,1,Germany,Male,Premium,0
5310,43,1,805,6.9965373868806315,443.56925642722433,2,0,1,Germany,Male,Regular,0
5311,55,52,685,1.6189369137107352,252.4034078428867,4,1,1,Germany,Male,Regular,1
5312,18,72,832,15.972001684941059,1265.6716637202487,1,0,1,France,Female,Regular,1
5313,37,67,747,115.59899902696742,246.5555668112941,4,1,1,France,Male,Regular,0
5314,72,61,425,6.931910910256913,404.1710166860979,4,0,1,Spain,Female,Premium,0
5315,45,0,788,20.07392341851739,804.4997376958561,3,1,1,Spain,Male,Regular,0
5316,33,16,745,19.02021302078372,1167.9499019871391,2,1,1,Germany,Male,Premium,0
5317,64,29,769,80.88516738553285,1104.0688102347535,4,0,0,Spain,Female,Regular,1
5318,34,8,648,27.368031979360286,646.785531011194,4,0,1,Spain,Male,Regular,0
5319,57,52,807,47.281735497493635,454.57601334481603,4,1,1,Germany,Male,Premium,0
5320,45,72,756,25.907872286327127,511.3048883007402,1,1,1,France,Male,Regular,0
5321,75,58,684,40.087538034320595,281.0942125718681,2,1,0,France,Female,Premium,0
5322,29,8,747,3.223764771080969,414.4368479447094,4,1,1,France,Male,Premium,0
5323,44,11,414,23.422596738537422,765.6973819695106,2,1,1,Germany,Female,Regular,0
5324,71,40,751,96.58758592637491,624.4830958673804,2,1,1,France,Female,Regular,0
5325,70,12,418,58.73163385336194,1743.0521516380622,3,1,0,France,Female,Regular,1
5326,59,72,392,200.39653959139127,576.7902979883177,1,1,0,France,Male,Premium,1
5327,76,10,820,77.53947678194494,628.2565503965715,4,0,1,Germany,Male,Regular,0
5328,64,18,837,30.02928555840267,966.8113762858939,4,1,0,France,Female,Regular,1
5329,47,54,732,56.39388741152062,805.2652859768598,3,0,1,Spain,Female,Premium,0
5330,58,5,444,74.78619624869698,183.62685841710206,4,0,0,France,Male,Premium,1
5331,51,52,367,15.713874806598579,793.5353234354689,1,1,0,Germany,Female,Regular,0
5332,54,19,430,3.0947218234489813,889.566223245272,4,0,1,Germany,Male,Premium,0
5333,23,40,580,26.030943404439178,856.6561974904841,1,0,0,Spain,Female,Premium,1
5334,24,71,812,7.813580827192642,544.3719267626751,4,1,1,Germany,Female,Premium,0
5335,49,33,300,16.23398057132358,496.0191927602136,2,1,1,France,Female,Premium,0
5336,49,56,731,146.7276213296567,1395.3412845714013,2,1,1,France,Female,Premium,0
5337,70,18,690,93.89286641657239,774.943132532285,3,1,1,Spain,Male,Regular,0
5338,42,70,565,44.8812800356006,354.10196068155784,4,0,1,France,Female,Regular,0
5339,50,26,698,25.646116560444103,584.0785042829783,4,0,0,Spain,Female,Premium,1
5340,72,39,555,15.348705999933285,475.9073955436651,1,0,1,France,Female,Regular,0
5341,75,13,694,42.3683591066728,662.4779059548932,4,0,1,France,Female,Regular,0
5342,24,36,473,38.08846136264114,303.806617332507,3,0,0,France,Male,Regular,0
5343,69,43,344,75.88415873684309,297.7121232098112,4,1,1,France,Female,Regular,0
5344,74,8,440,131.56847993930833,186.27489294268295,2,1,1,France,Female,Regular,0
5345,79,57,838,19.944635286747687,131.29108156066582,3,1,0,France,Male,Regular,0
5346,29,19,349,11.552304133559353,131.8526698773216,2,1,0,France,Female,Regular,0
5347,33,49,360,25.775128511286148,197.29694129310366,3,1,1,Germany,Male,Premium,0
5348,33,20,542,28.77187870558915,1225.8041972004157,3,0,0,Germany,Male,Regular,1
5349,60,35,568,2.0343444263512542,115.96228118483991,3,0,1,France,Male,Premium,0
5350,70,26,439,98.91524830732777,392.35726892048393,3,1,1,Germany,Male,Regular,0
5351,53,71,456,250.0,120.77462915115699,1,1,1,Germany,Male,Regular,0
5352,30,31,575,128.3331915791259,1591.1877676010265,3,0,0,Germany,Male,Regular,0
5353,24,0,330,98.54370131265918,1104.9775495724612,2,1,0,France,Male,Regular,0
5354,53,16,307,245.31581438294796,615.1093829626999,4,1,1,Germany,Male,Regular,0
5355,64,6,332,119.1943302845775,597.5571213753799,1,1,0,France,Male,Regular,1
5356,68,44,751,58.29655287468024,337.34378644119175,1,0,1,France,Male,Regular,0
5357,26,66,748,9.12147705753283,333.0118902369062,1,0,1,France,Male,Regular,1
5358,49,34,336,8.500885426607827,120.16909326434886,4,1,1,France,Female,Regular,1
5359,28,44,333,2.500482066052687,404.6281651251408,4,0,1,Spain,Male,Regular,0
5360,25,8,754,26.537036580340878,963.3332694074182,1,1,1,France,Female,Premium,0
5361,50,29,743,82.72806062485769,498.1530777960802,1,1,1,Germany,Male,Premium,0
5362,40,37,536,33.696250280653636,102.82155335859117,3,1,1,Germany,Female,Premium,0
5363,42,59,511,22.8106937792584,142.11576160650066,3,1,1,Germany,Male,Regular,0
5364,73,0,439,5.78378025362872,344.33751342136077,4,0,1,Spain,Male,Premium,0
5365,25,4,660,2.6570294050414627,619.7415356836972,3,1,0,France,Male,Regular,0
5366,62,62,603,25.472923223016526,843.8572767520548,2,0,0,France,Female,Regular,0
5367,39,35,595,5.26388040938908,1448.4082441389462,2,1,1,Spain,Female,Regular,0
5368,76,64,451,5.465536080578186,1411.3026088383228,3,0,1,Spain,Male,Regular,0
5369,21,72,522,25.155144794649846,208.6624598463435,3,1,1,Germany,Female,Regular,0
5370,57,23,495,34.94251628123011,480.30464640116793,1,1,1,Germany,Female,Regular,0
5371,20,3,598,10.331709628165822,674.5057817723728,3,1,1,France,Female,Regular,0
5372,46,67,828,57.70133784464294,354.53515680811125,2,1,1,Germany,Male,Regular,0
5373,58,24,787,27.12372716435661,80.2378518265992,4,1,1,Germany,Male,Regular,0
5374,46,6,510,4.821279657958169,1342.5464197473682,4,0,1,France,Female,Regular,0
5375,51,12,531,50.67232280980243,230.87632346512225,1,0,0,Germany,Female,Premium,0
5376,51,67,666,22.076236995607857,329.37909288285044,4,1,1,France,Male,Regular,0
5377,45,42,780,2.686997253907076,575.5007759564213,3,1,0,Spain,Female,Regular,0
5378,30,56,478,147.80786929792512,243.26474795926777,1,0,1,Spain,Male,Regular,0
5379,32,35,783,42.337878647432355,920.5061081779337,3,1,1,Germany,Male,Premium,0
5380,77,13,794,32.47760715093931,189.3047535970889,4,1,1,France,Female,Regular,0
5381,40,66,846,97.99851476292733,287.2230430721345,3,1,1,France,Male,Regular,1
5382,61,26,315,138.02544238117355,453.24470853125996,1,1,1,France,Female,Regular,0
5383,43,36,765,12.443704797885006,327.0651223814658,1,1,1,France,Male,Regular,0
5384,21,72,701,83.07460156534671,902.1127785852686,2,1,0,Germany,Male,Regular,1
5385,43,24,593,88.9164807711456,728.9611052447495,4,1,0,Spain,Male,Regular,0
5386,57,66,470,2.796929389449217,463.02359023194344,3,1,1,France,Female,Regular,0
5387,26,3,331,62.23003865752538,160.98619619412915,2,1,0,Spain,Male,Regular,0
5388,72,15,562,3.2518859817979835,775.3654962343257,2,1,1,France,Male,Regular,0
5389,22,18,514,45.15308690628548,1259.9145386879775,4,1,1,France,Female,Regular,0
5390,73,28,488,55.31762491847401,890.1075115524295,3,1,0,Germany,Female,Premium,0
5391,49,50,560,22.868878787535632,419.13865067987945,4,0,1,Spain,Male,Regular,0
5392,37,29,481,106.34238180201324,334.248093254948,3,0,0,France,Male,Regular,1
5393,67,57,804,80.59998629576313,561.9999710401199,2,1,1,Spain,Female,Regular,0
5394,28,44,641,130.15729616969705,1454.7056561534769,2,1,1,Germany,Female,Regular,1
5395,32,15,321,18.908758936602883,1224.7389346182997,2,1,1,France,Female,Premium,0
5396,49,60,373,1.08814517228399,1732.3400647229305,3,0,1,France,Male,Regular,1
5397,45,1,465,83.42259065415662,935.1816311402633,1,1,1,Germany,Female,Regular,0
5398,39,55,533,12.614289308870546,181.38278959262843,4,0,1,France,Female,Regular,0
5399,58,27,674,31.476332835810656,367.28025685744797,3,0,0,France,Female,Regular,0
5400,34,63,732,85.0012852765857,1364.9852289296139,4,1,0,Germany,Male,Premium,1
5401,76,14,633,12.175934763889035,640.7078186604361,4,1,1,France,Female,Regular,1
5402,43,23,839,18.691691880591858,622.4359798174198,2,0,0,Germany,Female,Regular,1
5403,61,12,334,28.90884808834484,419.1739360737072,4,0,1,France,Male,Regular,0
5404,24,64,743,15.860683464530064,294.8508966482674,1,1,0,Germany,Female,Regular,0
5405,59,15,530,30.931810902578487,1026.845547041748,3,0,0,France,Female,Premium,0
5406,74,63,617,0.48214945134890014,309.45725353424893,1,0,1,Spain,Male,Premium,0
5407,43,31,642,11.924788084054825,189.11539226995004,1,1,0,France,Female,Regular,0
5408,42,50,729,89.35452718108827,315.1420801111105,2,1,1,France,Female,Regular,0
5409,27,71,765,26.677592504403457,731.3057869727885,3,1,0,Germany,Male,Premium,1
5410,76,45,378,50.58583898406259,191.96603314284363,3,1,1,Germany,Male,Regular,0
5411,62,51,748,13.217026095232539,791.8644163701799,1,1,1,France,Male,Premium,0
5412,36,62,581,52.47377557860339,215.80332920426903,3,1,1,Germany,Male,Regular,0
5413,28,59,356,250.0,227.3491250154103,4,0,0,France,Female,Premium,0
5414,30,64,490,45.22893424673365,477.324800695684,3,1,0,France,Male,Premium,0
5415,70,54,762,49.49128838039104,463.9128398764349,3,1,1,France,Male,Regular,0
5416,25,56,341,5.912147195886198,2000.0,4,1,1,France,Female,Regular,0
5417,57,70,785,25.82386754199798,341.1449051298314,4,1,0,Spain,Male,Premium,0
5418,21,70,472,98.56520770893309,798.8113419941945,4,1,0,Germany,Male,Regular,1
5419,64,25,549,89.87036148977415,1208.672421536749,4,1,0,Germany,Female,Regular,1
5420,48,11,809,36.94899270889646,450.91747645388995,3,1,1,Spain,Female,Regular,0
5421,45,70,801,116.88686256128607,165.2141268325024,2,1,1,Spain,Female,Regular,0
5422,28,45,492,7.712193603809604,1720.6379791040197,2,1,1,France,Female,Regular,0
5423,60,46,464,53.67492550656866,140.68429516572294,4,1,1,France,Male,Premium,0
5424,18,37,389,14.309730730109019,565.5462321151338,3,1,1,Germany,Female,Regular,0
5425,66,20,357,51.86100820536757,235.82348860236038,3,1,0,Germany,Male,Premium,0
5426,64,9,562,4.572863490979589,616.8390586688053,3,0,0,France,Male,Regular,1
5427,69,1,542,143.77236971039486,148.32464128512026,3,1,1,Spain,Female,Premium,0
5428,55,72,518,77.16660278946077,673.6552333466707,3,0,1,Germany,Male,Regular,1
5429,41,69,308,11.217311518133698,703.3433744747093,2,1,0,France,Male,Premium,0
5430,71,32,729,50.70573160004482,1941.3589183969193,1,0,0,France,Female,Regular,1
5431,77,14,312,71.17814228739095,1429.9631886472691,1,1,1,Spain,Male,Premium,1
5432,74,36,524,11.751054404794305,921.8543016396662,1,1,1,France,Male,Regular,0
5433,64,9,366,4.898853564279973,399.7440045617241,4,0,0,Spain,Female,Premium,1
5434,48,36,802,21.676238661767457,590.0250527267201,4,1,1,Spain,Male,Premium,0
5435,58,7,483,7.294911163555021,355.1102154631548,2,0,1,France,Female,Regular,0
5436,63,12,507,41.70233457303144,2000.0,2,1,1,France,Female,Regular,0
5437,67,39,827,27.592356698767805,641.4205577041027,3,1,1,France,Female,Regular,0
5438,43,57,599,31.03428812815358,101.46929565484128,2,0,1,France,Female,Regular,0
5439,66,17,540,39.13865980147642,695.7533879971445,4,0,1,Germany,Male,Regular,0
5440,67,56,754,201.0142361157257,514.4581743143278,2,0,1,France,Male,Premium,0
5441,22,37,829,78.66389835611007,676.6319662612896,3,1,0,Spain,Female,Regular,1
5442,37,31,543,49.64124502934894,314.6953708623747,3,1,1,France,Male,Premium,0
5443,69,65,537,22.604697620896257,273.7000342536156,3,1,1,Spain,Male,Regular,0
5444,58,24,545,1.3721238484780436,904.0546503408316,4,1,1,Spain,Female,Premium,0
5445,28,57,644,6.194761961583316,231.68391286604256,1,1,0,Spain,Female,Regular,0
5446,73,32,783,65.6275264344494,243.82632434335616,1,1,1,France,Female,Regular,0
5447,71,65,609,23.0386325654739,1039.0801073342382,4,1,1,France,Female,Regular,0
5448,50,29,583,20.356131740542555,323.98314676024415,3,1,1,Spain,Female,Premium,0
5449,67,33,337,109.90150645117589,496.63783329947125,3,1,1,Germany,Male,Regular,0
5450,55,72,331,33.131761103165594,596.4896374290072,4,1,0,France,Male,Regular,1
5451,44,47,542,114.91822930038704,68.88642100544004,1,1,1,Spain,Male,Regular,0
5452,51,39,591,108.85867716339533,168.54424226501965,3,1,1,France,Male,Regular,0
5453,32,45,591,4.178934228432478,222.14499427365618,3,1,1,Spain,Male,Premium,1
5454,49,10,681,145.3521787667964,1224.081391187693,1,1,0,France,Female,Premium,1
5455,78,30,437,4.003858275436068,1183.1671849709228,4,0,1,Germany,Female,Regular,0
5456,75,38,499,165.53052867248914,275.70796510051554,2,1,1,Germany,Female,Premium,0
5457,38,60,634,30.130136724062833,737.1073707739097,3,1,1,Germany,Female,Premium,1
5458,63,47,746,71.53544751322191,771.0563926499312,1,1,1,France,Female,Premium,0
5459,22,47,647,61.23333385544568,635.151645343621,4,0,1,Germany,Male,Premium,0
5460,23,60,577,36.541930512925376,1608.9222745924187,1,1,0,Germany,Male,Premium,0
5461,55,11,831,48.30751835837882,547.3962080227361,1,1,1,Germany,Male,Premium,0
5462,79,55,698,149.70486204662586,771.8762816534054,2,1,1,France,Male,Regular,0
5463,39,17,690,131.10612037983634,137.0148293205201,3,1,0,France,Female,Regular,0
5464,79,26,309,53.112964499841894,347.38294627829697,3,1,1,Germany,Male,Regular,0
5465,35,27,848,53.60611519175475,692.1500896554656,3,1,1,France,Male,Premium,0
5466,31,51,358,14.180431900904116,335.8330980592188,2,1,1,Spain,Male,Regular,0
5467,27,12,387,88.19461787912141,1159.3687396715602,1,1,0,Spain,Female,Regular,1
5468,63,57,758,50.06565890521008,1169.5068880952026,4,1,1,France,Male,Regular,0
5469,30,8,403,87.50654210171925,402.00455329334085,1,1,1,Germany,Male,Premium,0
5470,48,25,403,53.62565430721985,432.4468473199975,3,0,1,France,Female,Regular,0
5471,47,27,553,17.78520120253111,797.2832540818421,2,1,1,France,Male,Regular,0
5472,20,35,634,10.504049632095214,255.97074407250932,1,0,1,Germany,Female,Regular,0
5473,47,8,762,4.004451999430665,700.2010867674574,2,1,1,Spain,Male,Regular,0
5474,23,46,848,44.09385321570871,319.1794504021543,4,1,1,France,Male,Regular,0
5475,46,50,600,16.707342147912428,296.39330483556904,4,1,1,Germany,Female,Regular,0
5476,25,56,640,49.781514441644816,260.23280816988375,3,1,1,Spain,Female,Premium,0
5477,61,31,791,3.0223555130775215,230.94465761471938,2,1,0,Spain,Female,Regular,0
5478,62,66,383,23.553254820586798,894.6027236456313,3,1,1,France,Female,Regular,0
5479,60,56,558,15.092648035248418,218.95132654523908,2,1,1,France,Female,Regular,0
5480,61,53,659,23.128294139375985,394.69088125696715,2,1,1,France,Female,Regular,0
5481,50,26,386,2.7906181722036956,774.4618440468271,4,1,0,Germany,Male,Regular,1
5482,34,61,727,64.40059720024442,1120.229619239261,1,1,1,France,Female,Regular,0
5483,65,69,666,6.20436830191249,378.34780194796065,1,1,0,Germany,Female,Premium,1
5484,28,22,642,0.7253675463277561,308.53739244735004,4,1,1,France,Male,Regular,0
5485,30,16,646,146.20696722079634,141.58742523101833,4,1,1,France,Male,Regular,0
5486,67,37,395,10.713922036976395,506.087568554412,2,0,1,France,Female,Premium,0
5487,28,71,554,88.0308626000098,147.41003743501665,1,1,1,Germany,Male,Premium,0
5488,48,29,435,166.86973746967573,213.33842203520862,3,1,0,France,Male,Regular,0
5489,45,57,547,38.191488179797176,176.4306822648916,3,0,1,Germany,Female,Regular,0
5490,61,30,798,37.33986355819567,677.5449133262689,1,1,0,France,Male,Premium,1
5491,23,16,785,22.897211448405436,563.4639632436089,1,1,1,Germany,Female,Regular,0
5492,58,14,701,27.72101605669144,213.21407531165278,1,0,1,France,Female,Regular,0
5493,33,48,711,32.89628006403186,442.9004776936106,2,0,0,Spain,Male,Regular,1
5494,21,37,747,8.24929872647945,1060.331608278271,4,0,0,Spain,Male,Regular,1
5495,52,39,546,22.685787902382053,842.3011642827537,4,0,1,Spain,Female,Regular,0
5496,77,56,720,84.6704528561531,50.0,2,0,0,France,Female,Premium,0
5497,65,57,423,10.068987980526417,470.28761001092084,3,0,1,Spain,Male,Premium,0
5498,73,16,559,65.43949689215044,125.83089238691328,2,1,0,Germany,Female,Regular,1
5499,76,27,468,52.71827869873512,702.791775299266,1,1,1,Spain,Female,Premium,0
5500,43,0,410,2.9502410320399255,556.5166962313174,4,0,1,Spain,Male,Regular,0
5501,79,40,589,1.13421104542167,411.67617803898827,4,0,1,Spain,Male,Regular,0
5502,74,47,312,21.734022201228495,1759.0101075472219,2,1,0,Germany,Female,Premium,0
5503,29,30,562,58.91042483579625,620.6218380755621,4,0,1,France,Female,Regular,0
5504,28,31,322,20.055076670201146,191.54187247427606,2,0,1,Spain,Female,Regular,1
5505,54,32,499,55.09086605516502,178.65208465445974,4,0,1,France,Female,Regular,0
5506,42,32,541,54.749663714580045,368.77407116993083,2,0,1,Spain,Male,Regular,0
5507,35,22,538,82.13800469134137,874.0404285487939,1,1,0,Spain,Male,Regular,0
5508,36,59,602,5.239456985310454,591.0227243037741,2,0,1,Spain,Female,Regular,0
5509,40,29,464,43.03439268337645,272.81481059486987,4,1,1,France,Male,Regular,0
5510,72,42,475,3.2267724343579975,356.8904969106622,2,1,1,Germany,Male,Premium,1
5511,55,38,328,9.67603004882411,409.619242570639,2,1,0,France,Male,Regular,0
5512,71,44,834,19.689247094570053,1655.2450618708697,4,1,1,Spain,Female,Regular,0
5513,35,11,593,61.445600939369584,732.9357421670278,1,0,1,Germany,Male,Regular,0
5514,43,30,776,182.24882254679062,1052.373162535223,2,1,1,Germany,Male,Regular,1
5515,23,55,682,20.967108614600352,695.8081807127907,3,1,1,Spain,Male,Regular,0
5516,21,23,595,36.81781833725963,351.0106391715636,3,0,1,France,Male,Regular,0
5517,61,12,633,14.991484203069996,203.05552767611542,1,0,0,France,Female,Regular,0
5518,68,19,547,56.271887877740554,489.9486141838396,1,1,1,France,Male,Premium,0
5519,46,68,540,22.831541685630523,606.8942731630298,4,1,1,France,Female,Regular,1
5520,76,52,405,32.85003762432555,901.4264843042629,4,0,0,France,Female,Premium,0
5521,78,67,422,41.944831338529525,887.8908812535458,2,1,1,Germany,Female,Regular,0
5522,51,53,334,57.956717116214115,255.12551994047905,1,0,1,France,Female,Premium,0
5523,34,33,715,3.096518202363257,141.18913467015673,2,1,0,Spain,Male,Regular,0
5524,60,27,626,40.47293801792628,1036.3750900710195,4,1,0,France,Male,Regular,0
5525,60,58,594,28.208164165605233,405.85770738811027,2,1,0,France,Male,Regular,1
5526,70,1,731,7.1799572239612655,940.7022782410406,2,0,1,Spain,Male,Regular,0
5527,33,21,646,11.662009331884954,468.1900846201771,2,1,0,France,Male,Regular,1
5528,19,50,336,107.66090229727618,105.44296902895977,1,1,0,France,Female,Premium,0
5529,51,46,811,102.69883077499027,276.68697565613377,3,1,1,Germany,Male,Regular,0
5530,72,25,834,1.6949183300898336,643.540353321761,1,0,1,France,Male,Regular,0
5531,25,55,317,58.46270847130284,866.684022319471,2,1,0,France,Male,Premium,1
5532,30,27,326,40.39281998966066,136.8384022721208,4,1,0,Germany,Female,Regular,1
5533,59,36,835,140.51730682537485,810.0518139610422,3,0,0,France,Female,Regular,0
5534,25,40,328,119.30143900952592,424.70300852790086,2,1,1,France,Male,Regular,0
5535,47,51,416,43.32290233407125,733.352475793265,2,0,1,Germany,Male,Premium,0
5536,49,47,431,7.480420986636485,908.8033718811724,4,0,1,France,Female,Regular,1
5537,53,26,588,30.792182465984684,617.9870246637673,2,0,1,Spain,Female,Regular,0
5538,64,5,535,64.57910289659166,215.45124914887177,2,0,1,France,Female,Regular,0
5539,47,65,341,151.55412482982877,615.5047190557242,3,0,1,Germany,Female,Premium,0
5540,18,23,459,22.614426083023332,689.3647195682273,1,1,1,France,Female,Premium,0
5541,60,37,424,76.77951991333389,282.11015219369824,4,1,0,France,Male,Regular,0
5542,56,27,559,57.49645073730749,744.2021088580195,4,1,1,France,Female,Regular,0
5543,34,27,575,4.076382578064992,628.6067310016404,4,1,1,Germany,Female,Regular,0
5544,76,65,512,40.819651167902826,408.0346284308834,1,1,0,Germany,Male,Regular,0
5545,37,60,772,10.13695927084481,725.0103086250709,1,0,1,France,Female,Premium,0
5546,41,45,730,57.52938955023992,79.4256906575399,3,1,0,France,Male,Regular,0
5547,67,68,379,47.0913059892645,176.53627666231557,3,1,1,France,Male,Regular,0
5548,39,42,527,180.6850586386792,1248.8305509836741,4,1,0,Spain,Male,Regular,0
5549,46,58,394,136.9636281234783,461.41823298367353,1,1,1,Germany,Male,Regular,0
5550,39,1,723,0.4708517507772644,309.3603666219592,3,1,1,Spain,Female,Regular,0
5551,61,14,815,4.170679938389248,129.61867805871358,2,1,0,Germany,Male,Regular,0
5552,26,36,464,73.29595861595443,1585.814648834787,1,0,1,Spain,Female,Regular,0
5553,54,66,725,57.86131141862801,1280.0054698528384,2,1,0,Germany,Male,Premium,1
5554,27,19,341,80.70885586653043,1268.3180676810305,3,1,1,France,Female,Regular,0
5555,53,34,702,15.517855800869226,84.71403838163799,2,1,1,Germany,Male,Regular,0
5556,54,33,715,94.6307635721553,672.2940736535735,3,0,1,Germany,Male,Premium,0
5557,45,30,599,29.207417060734397,372.80763542797706,4,1,1,France,Male,Regular,0
5558,45,18,354,15.184372878170564,1543.971860054059,4,1,1,France,Male,Regular,0
5559,59,67,635,0.5332205404162634,1752.3361304828754,4,1,1,France,Male,Regular,0
5560,80,23,729,102.53844196227226,202.7878799342561,1,0,0,Germany,Male,Regular,0
5561,60,38,633,38.32288038311377,531.414876955772,1,1,1,Germany,Male,Premium,0
5562,38,53,705,185.2140399181526,115.51613258516231,4,0,1,France,Male,Regular,0
5563,41,38,329,62.70743958952259,1365.7555740254677,1,1,1,France,Female,Regular,0
5564,59,16,834,4.191756430013178,592.0326886399093,3,1,0,France,Male,Regular,0
5565,77,18,816,44.35980410000255,307.6645424418817,2,0,1,France,Female,Premium,0
5566,57,47,520,0.8636430238041762,513.470680419379,3,1,0,France,Female,Regular,0
5567,19,34,793,40.79759880759021,871.1402744715677,4,1,1,Germany,Male,Regular,0
5568,72,31,552,21.554660757594547,824.1449790769057,2,0,0,Germany,Female,Premium,0
5569,25,46,620,51.54242547091011,50.0,3,0,1,Germany,Male,Regular,0
5570,65,46,338,38.997842303419276,226.71215486769256,2,0,1,Spain,Male,Regular,0
5571,44,63,764,15.146576052999682,89.55000519504664,1,1,1,France,Male,Premium,0
5572,39,53,710,8.857782700157927,511.06867566894437,2,1,0,France,Male,Regular,1
5573,54,34,711,25.935454702819943,258.25086882668734,2,1,0,France,Female,Premium,0
5574,44,16,791,216.51466828296546,1236.2356339087223,4,0,1,Germany,Male,Premium,0
5575,74,41,737,28.608342245887236,347.194185591064,1,1,1,France,Male,Regular,0
5576,46,37,778,69.07273213810909,99.31185174885711,3,0,1,Spain,Male,Premium,1
5577,20,69,371,2.9330461046552636,606.4577222238852,4,0,1,Spain,Female,Premium,0
5578,61,16,519,23.810403002474708,376.23704903890984,2,0,0,France,Male,Premium,0
5579,30,13,303,43.413499991490944,520.9333207313218,3,1,1,Germany,Female,Regular,0
5580,62,23,589,69.55459521311306,553.0055355805683,2,1,1,Spain,Female,Regular,0
5581,27,56,679,37.57947286117726,500.7242511781408,2,1,1,Germany,Male,Regular,0
5582,53,49,654,36.210797328641355,142.60630662178144,3,0,1,France,Male,Regular,0
5583,26,56,379,72.17645567896072,930.945202177325,2,1,1,France,Male,Regular,0
5584,71,60,365,18.791993849204342,212.9149049740227,2,1,1,France,Male,Regular,0
5585,73,38,435,4.7490903341605915,759.8125634420782,3,0,1,Spain,Female,Regular,0
5586,72,54,698,21.320430330355276,258.3266821539211,3,1,1,France,Male,Regular,0
5587,44,35,646,8.657957137014753,926.011890167156,4,0,1,France,Male,Regular,0
5588,51,36,358,168.98775222631014,1498.992419100089,3,0,1,France,Male,Regular,0
5589,68,13,818,43.079658193209724,483.2283693139064,4,1,0,Germany,Female,Regular,0
5590,18,26,536,29.583749552172723,621.8257140220012,3,0,1,Germany,Female,Regular,0
5591,49,30,378,121.55040814241367,190.7113875665012,4,1,1,France,Male,Premium,0
5592,42,72,414,115.31027562408975,116.33523026449821,4,0,1,Spain,Male,Regular,0
5593,46,43,761,26.86680363526193,545.52690121238,2,0,0,Spain,Female,Regular,0
5594,24,67,425,103.86314074141431,595.0876532351272,1,1,1,France,Female,Regular,0
5595,66,59,799,3.308375461887256,2206.7630541177896,3,1,0,Spain,Female,Regular,1
5596,20,56,401,108.45481114666894,557.1555042374476,3,1,1,Spain,Male,Regular,0
5597,37,21,473,18.59548663749834,2000.0,2,1,1,Germany,Female,Premium,0
5598,37,3,751,41.63452004199772,584.8123569753592,1,1,0,France,Male,Regular,0
5599,70,71,391,15.714211877493401,1249.8448295508313,1,1,1,France,Male,Regular,0
5600,47,45,684,209.3215358979095,471.76092833387713,3,1,0,Germany,Male,Premium,0
5601,52,58,504,3.7243243687243757,545.0874468803886,3,0,1,France,Female,Regular,0
5602,52,33,662,29.61582124986296,1505.9911195600077,4,1,1,Germany,Female,Regular,0
5603,66,10,797,48.50939103253966,1721.228178163326,1,1,1,France,Female,Regular,0
5604,56,30,836,47.8051738160169,357.0438856406118,1,1,1,France,Female,Premium,0
5605,44,10,533,67.11547950755981,404.15656453703525,4,1,1,Germany,Male,Premium,0
5606,43,55,315,64.44301760682924,325.5756477885567,4,0,1,Germany,Male,Premium,0
5607,31,37,440,78.78630602815694,331.41570818025986,3,1,1,Spain,Male,Regular,0
5608,34,20,719,13.347419393042232,430.6807540280584,1,1,1,Germany,Male,Regular,0
5609,35,9,755,23.141987036235854,97.37844307458924,2,1,0,Germany,Male,Regular,0
5610,62,21,599,24.066020434440464,360.79992394825285,4,0,1,France,Male,Regular,1
5611,69,7,638,155.99640991887583,1392.0122905601727,1,1,1,Spain,Male,Premium,0
5612,46,7,602,26.323353890482508,930.0384978751879,1,1,1,France,Male,Premium,0
5613,37,59,375,12.543032964924757,313.1871323597771,1,1,1,Spain,Female,Regular,0
5614,70,67,615,50.03043601808308,361.6643730115557,1,0,0,Spain,Male,Regular,1
5615,44,33,799,27.866774536726304,228.63273191229504,4,1,0,France,Male,Regular,0
5616,35,15,374,14.38944144855265,392.442884665146,2,1,1,Spain,Male,Regular,0
5617,21,12,665,62.78707803518855,463.8982038930378,2,1,0,Germany,Female,Regular,0
5618,18,21,845,10.65503788578575,724.6893096441172,4,1,1,Germany,Male,Premium,0
5619,67,26,695,50.16792924920133,479.25298913758604,1,1,0,Spain,Female,Regular,0
5620,18,61,530,28.152521079117555,421.3155159199361,4,1,0,Germany,Female,Regular,1
5621,75,1,327,19.221923593969976,464.5934725912657,4,1,1,France,Male,Regular,0
5622,43,25,774,145.92214532289685,695.4378586037028,1,1,1,Germany,Female,Regular,0
5623,62,68,594,19.60826034603744,427.3911235083486,4,1,1,France,Male,Premium,0
5624,37,29,726,21.347772061420567,1192.4683274546728,4,0,1,Spain,Male,Regular,0
5625,69,20,390,102.25717089728856,683.4583777453178,1,1,0,France,Female,Regular,1
5626,40,37,414,6.90815442651288,706.4670627264,2,1,0,France,Male,Regular,0
5627,27,60,458,5.718311148334431,800.6895615453931,4,1,1,Spain,Female,Regular,0
5628,76,64,557,16.613598391590923,307.11633889289305,3,1,1,Spain,Female,Regular,0
5629,28,66,672,44.77980787827331,476.75831466658303,1,1,1,France,Male,Premium,0
5630,58,45,389,24.249785355535362,256.6448074856684,3,1,1,France,Male,Regular,0
5631,58,71,597,46.89544662287459,430.40832689558323,4,0,1,Germany,Female,Regular,0
5632,22,42,330,8.70282816985304,1412.440188346472,2,1,1,Spain,Male,Regular,0
5633,75,58,657,15.153381186548451,175.91688801443212,4,1,1,Germany,Female,Premium,0
5634,18,45,769,41.639124936048646,456.2886444372165,1,0,1,France,Male,Premium,0
5635,34,71,427,12.240657660162926,88.32087654556203,2,1,0,France,Female,Regular,0
5636,39,34,569,27.47872372236592,157.18601215524816,4,1,1,France,Female,Regular,0
5637,51,38,797,42.50734807690178,192.91310778383712,1,1,1,France,Male,Regular,0
5638,73,50,712,181.81606233704915,131.16500444805268,3,1,1,France,Female,Regular,0
5639,62,8,508,4.162920928407928,230.51505459888062,4,1,0,Germany,Male,Regular,1
5640,58,50,605,30.847653020785643,202.89309277626458,3,1,1,France,Male,Premium,0
5641,46,4,490,25.23148961016669,627.8065351894008,1,1,1,France,Male,Regular,0
5642,21,54,656,86.93214798896773,50.0,1,1,1,France,Male,Regular,0
5643,22,19,756,115.27803530134825,534.3476813081379,3,1,0,France,Male,Regular,0
5644,28,23,748,118.76486964830748,293.01368545886464,2,1,1,Germany,Male,Premium,0
5645,73,35,367,23.5113277479188,333.47866497508807,4,1,1,France,Male,Regular,0
5646,68,33,766,18.167368248117857,675.7022669804586,1,1,1,Spain,Female,Regular,0
5647,38,53,659,29.813479712152063,347.9027236822955,2,1,1,France,Male,Regular,0
5648,52,33,686,21.078680760647277,555.969441134509,1,1,1,Spain,Male,Regular,0
5649,29,16,427,63.44352159773846,372.12172733388786,1,1,1,Germany,Female,Regular,0
5650,43,7,784,12.012644787882005,554.4090688629534,1,1,1,Germany,Female,Regular,1
5651,68,17,543,53.747339545647144,67.78883061933811,3,1,1,France,Female,Regular,0
5652,36,54,318,130.85625365122436,1059.9320144067926,3,0,1,Spain,Female,Regular,0
5653,62,52,695,16.419201604388743,178.6862901423191,1,1,1,France,Female,Regular,0
5654,77,49,528,56.48821823780356,136.67498792156192,4,1,0,Germany,Male,Regular,0
5655,24,71,667,7.748616288473169,2000.0,2,1,1,Spain,Male,Regular,0
5656,64,46,357,6.470363545708302,460.4135615687405,1,1,1,Spain,Male,Regular,1
5657,72,26,580,6.144806153003372,682.9322906632018,2,1,0,France,Female,Regular,1
5658,24,15,401,7.4556461075222735,397.4962529402225,1,1,1,Spain,Female,Regular,0
5659,43,10,347,12.17782872543031,719.2528646312169,2,1,0,Germany,Female,Premium,1
5660,57,19,358,41.37171385876002,794.1921357817132,4,0,1,France,Male,Premium,0
5661,22,65,460,72.83276166942662,704.9718925498114,2,0,1,France,Female,Regular,0
5662,38,46,402,6.782798036718206,917.9217819865427,1,1,0,France,Female,Regular,0
5663,31,18,711,102.01678813760995,533.5642052315732,4,0,1,Germany,Female,Regular,0
5664,21,54,482,92.48519994723162,1007.3344470590929,1,1,0,Germany,Male,Regular,1
5665,40,36,716,64.98529186820124,498.88503180451636,1,1,1,Germany,Male,Regular,0
5666,59,53,415,27.75331508089115,256.7984499333596,3,0,0,France,Female,Premium,0
5667,37,5,698,0.07792242879516534,90.27435261898324,2,1,1,Spain,Female,Premium,0
5668,32,16,736,66.35694160995882,238.98035357250765,1,0,0,France,Female,Regular,1
5669,67,3,617,105.59251165672572,1292.12750377928,4,0,1,Germany,Female,Regular,0
5670,69,54,549,20.419948596931523,495.3117462700717,4,1,1,France,Female,Premium,0
5671,62,33,746,63.2902049935917,384.1901772869749,4,0,1,France,Male,Regular,0
5672,46,30,796,3.202804642175826,880.7331597640108,3,1,0,France,Male,Premium,1
5673,25,6,642,61.80670243518188,779.5701384779012,1,1,1,France,Male,Regular,0
5674,58,2,726,3.537677502656728,1150.4166325688136,4,1,0,France,Male,Regular,0
5675,65,46,539,44.23794821588761,100.27587824239859,3,0,1,France,Female,Regular,0
5676,36,1,358,45.50962891024966,1919.257484112444,4,1,0,France,Female,Regular,0
5677,65,24,826,17.98802456910008,1338.5144434881954,3,1,1,France,Female,Regular,0
5678,56,58,502,4.121425288046421,66.02585336234785,2,0,0,Spain,Male,Regular,1
5679,63,23,765,149.12577477402087,158.01069481048773,1,0,1,Germany,Female,Regular,0
5680,45,14,595,38.34801870235518,762.0706985462015,4,1,1,France,Male,Premium,0
5681,63,19,586,43.346242045248744,372.1639805345551,3,1,0,Spain,Female,Regular,1
5682,74,53,372,47.728310169416936,443.23949693521195,1,1,0,Germany,Male,Regular,0
5683,44,6,822,110.84235950090529,228.06593079202904,2,1,0,Germany,Male,Regular,1
5684,21,19,636,3.107370149516025,478.11288864484203,3,1,0,Spain,Female,Premium,1
5685,75,19,617,111.88097433439125,203.54132408942183,4,1,1,Germany,Female,Premium,0
5686,32,61,502,13.700564484972436,447.21416536162,1,1,1,Germany,Female,Regular,0
5687,52,40,530,4.057804882911962,605.7228234778279,2,0,0,France,Female,Regular,1
5688,54,38,356,53.54001057226968,865.666109375591,2,0,1,France,Female,Premium,0
5689,18,51,719,188.56013389892684,546.3043085942808,3,1,1,Germany,Female,Regular,0
5690,20,31,579,2.947286369973431,63.70204737220238,2,1,0,France,Male,Premium,0
5691,64,72,604,27.76690658658722,179.81211810632095,4,1,1,France,Male,Premium,0
5692,41,26,765,37.72821163109272,62.678249776539396,3,0,1,Germany,Female,Premium,0
5693,44,51,473,14.525567828771521,250.10253889371816,2,1,1,Spain,Male,Regular,0
5694,57,62,565,203.3524717934763,196.96758706397583,1,1,0,Spain,Female,Regular,0
5695,80,71,546,51.2165214729283,1619.2423839216742,4,1,0,France,Female,Premium,1
5696,78,16,377,93.00748524612197,184.45218363429638,1,0,1,Spain,Male,Premium,0
5697,53,48,552,26.873684351973214,409.68314538643284,2,1,1,France,Male,Regular,0
5698,51,26,774,21.844374568869775,1716.3092079910664,4,1,0,Germany,Female,Regular,1
5699,46,71,475,40.27749895830029,919.8124574377863,1,1,1,France,Male,Regular,0
5700,41,12,720,28.57112440595043,604.272698418611,2,1,1,Germany,Female,Premium,0
5701,41,22,760,62.75419263216981,272.9187727261552,4,1,1,Germany,Male,Regular,0
5702,59,62,553,15.449922378717632,472.8061846563832,4,1,1,France,Male,Regular,1
5703,21,61,819,29.854684862106744,458.81368419989326,4,1,1,France,Female,Premium,0
5704,20,53,406,112.75299943094299,1757.6760636293168,2,1,1,France,Male,Regular,0
5705,51,19,470,70.55146830082269,463.87848472220355,2,1,1,Germany,Female,Regular,0
5706,74,51,357,9.2003587335676,557.3609140056844,4,1,1,Spain,Female,Regular,0
5707,66,22,636,108.95859875363566,386.6109068655479,4,1,1,Germany,Male,Regular,0
5708,40,34,641,44.460121567365974,220.5675559883434,4,1,1,Germany,Male,Regular,0
5709,70,66,589,56.860460411561064,95.81705373553324,2,1,1,France,Female,Premium,0
5710,73,33,383,17.425175762799462,657.1476411401353,3,1,1,Germany,Male,Regular,0
5711,69,32,416,29.12899590545216,1128.2604567445485,1,1,1,Spain,Female,Regular,0
5712,40,45,833,82.20469749509239,529.8393771602933,1,0,1,France,Female,Regular,0
5713,62,44,518,20.074367900049523,1683.965989753297,1,1,1,France,Male,Regular,0
5714,22,18,401,9.019867394207258,1128.4595939510189,3,1,1,Germany,Female,Premium,0
5715,48,14,755,23.765276011841625,454.48032089001066,2,1,1,France,Female,Regular,0
5716,79,67,825,3.586545149325514,146.51510971177802,4,1,0,France,Female,Premium,1
5717,70,34,565,63.26696625410726,356.00744123972146,4,1,0,France,Female,Premium,1
5718,79,17,586,7.9935283738012854,311.26278171751613,3,1,1,Spain,Male,Regular,0
5719,58,69,440,16.782442279292635,275.8005092578107,1,1,1,Germany,Female,Premium,0
5720,74,58,705,106.46563683026062,362.61153715991776,2,0,1,France,Male,Premium,0
5721,78,31,592,38.88056201304552,417.14662907520335,2,1,1,France,Male,Premium,0
5722,74,21,330,19.38163577224999,1136.188915399127,2,1,0,France,Female,Regular,1
5723,77,39,470,39.66682007922956,565.1953947253817,4,1,1,Germany,Female,Regular,0
5724,71,26,654,12.312783247733664,569.525741828363,1,0,0,Spain,Male,Regular,0
5725,23,1,504,1.2747696340174788,484.9431106037703,1,1,1,France,Female,Regular,0
5726,54,38,777,46.28328688210729,677.0535946175762,3,1,1,France,Male,Regular,0
5727,74,55,590,62.610194477784,93.83674406342516,1,1,0,France,Female,Premium,0
5728,27,12,410,105.92232833030224,1090.323362253245,4,0,1,France,Female,Regular,0
5729,57,55,367,73.89491032798394,1809.8894228417496,4,1,1,Germany,Male,Premium,0
5730,24,65,672,130.64452469604,171.0814060299193,2,0,1,France,Female,Regular,0
5731,56,55,495,213.2690141701298,680.6840579781161,2,1,1,Spain,Male,Premium,0
5732,55,27,425,68.3119309882434,264.26975030654137,1,1,1,Germany,Female,Regular,0
5733,38,69,561,101.2186235413405,939.7621922913311,2,1,0,Germany,Male,Regular,1
5734,78,70,454,56.00173134331578,789.8880694993137,2,1,1,Spain,Male,Regular,0
5735,37,63,407,9.373004295010979,168.95216246175877,3,1,1,Spain,Male,Regular,0
5736,20,55,722,10.026461326496147,798.2059497044545,2,0,1,France,Male,Regular,0
5737,68,49,334,5.841269135352616,492.36649626468954,2,0,0,Germany,Female,Regular,1
5738,39,40,343,143.21303002915155,1255.9793898939085,1,0,1,Germany,Male,Regular,0
5739,64,3,715,55.85180312042144,622.1958423918902,1,1,0,France,Male,Regular,0
5740,21,56,584,78.01090404484677,518.3986631820411,2,0,1,France,Female,Regular,0
5741,45,29,746,20.110321430637722,1078.2848710410722,3,0,1,France,Male,Premium,0
5742,29,41,817,30.848369455324082,631.8503885382777,4,0,1,Spain,Male,Premium,1
5743,55,57,326,2.0296183274998643,763.6532521534491,4,1,0,France,Male,Regular,1
5744,68,30,526,109.9145875239424,265.6670112571627,4,1,0,France,Female,Regular,0
5745,80,6,724,95.86730109031006,1507.2099061234971,3,1,0,Germany,Female,Regular,0
5746,53,53,667,76.81200616920859,181.34929753869685,2,1,1,Germany,Female,Premium,0
5747,64,7,609,3.003536107922174,411.48086966753743,4,1,0,Germany,Male,Regular,0
5748,58,54,404,9.573144724509891,237.8707654460627,2,1,1,France,Male,Regular,0
5749,22,68,317,20.33609420760647,74.85536771711595,2,1,1,France,Female,Premium,0
5750,30,43,504,15.26262157890834,253.9269995080195,2,1,1,Germany,Female,Regular,0
5751,40,12,342,91.15007447042154,1073.0718469147948,4,1,1,Spain,Female,Premium,0
5752,75,19,388,10.835449764714628,606.0290470965406,3,1,1,France,Female,Premium,0
5753,67,31,456,37.97764850074442,896.5191440576684,3,1,0,France,Female,Premium,0
5754,47,59,565,42.35935473835016,1204.5885851655155,3,1,1,France,Male,Regular,0
5755,79,49,433,27.67029210789907,728.2931240044337,3,1,1,Germany,Male,Regular,0
5756,54,26,763,13.767121447403632,460.09281722413004,2,1,1,France,Male,Premium,0
5757,42,24,431,161.31301475537708,437.8989287770953,4,1,0,Spain,Female,Regular,0
5758,65,51,333,26.67054153529696,243.01113519358765,3,0,1,Germany,Male,Premium,0
5759,44,67,382,64.97098218844341,972.0641977307781,3,1,1,France,Female,Premium,0
5760,68,23,431,10.16989479039194,842.5296073386119,3,1,0,Spain,Male,Premium,1
5761,31,17,727,86.5269635327157,1029.5737436134254,1,1,0,Germany,Female,Regular,0
5762,74,38,503,12.160414379043488,647.9312554503732,2,1,1,Spain,Male,Regular,0
5763,79,14,635,56.243699956799645,564.7378824964745,3,0,1,France,Male,Regular,0
5764,65,52,796,35.31121588777255,1093.5687853067325,2,1,1,Spain,Male,Regular,0
5765,76,37,741,7.923834400022859,742.5259973504191,2,1,1,France,Male,Regular,0
5766,64,59,557,1.2632851417599658,274.1143321156282,2,1,0,Germany,Male,Regular,1
5767,71,51,591,133.50035427951084,696.2861013036033,1,1,0,France,Male,Regular,0
5768,53,72,424,6.716043126668677,699.6187092532218,1,1,0,Germany,Female,Regular,1
5769,56,27,474,61.03076438382321,436.8000437362194,3,1,1,France,Female,Regular,0
5770,33,15,791,52.87615058191607,860.3931769820779,2,1,1,Germany,Female,Regular,0
5771,73,29,379,20.906248536947775,1719.0753478683203,1,0,0,France,Female,Regular,1
5772,39,34,604,10.251854577184275,576.9017285747054,4,1,1,France,Male,Premium,0
5773,38,16,809,9.820714695862007,286.85185091674873,4,0,1,Germany,Female,Regular,0
5774,71,72,643,44.01335391608336,1912.765739636792,2,0,1,France,Male,Regular,0
5775,38,51,390,39.58447130194081,1175.4485359086934,4,1,1,France,Female,Regular,0
5776,25,11,468,104.34749105994815,320.7661561493741,3,1,1,France,Male,Premium,0
5777,66,47,633,51.0829899356405,467.03879629799684,4,1,1,Spain,Female,Regular,0
5778,33,21,535,85.53893038714494,167.29247006472391,4,0,1,Germany,Male,Regular,0
5779,76,48,698,1.6475000092531011,334.7435842661452,4,0,1,France,Male,Regular,0
5780,72,51,776,55.583834936669085,639.3983754512494,2,1,1,France,Male,Premium,0
5781,48,0,834,13.309640698880298,1546.320381545449,1,0,1,France,Female,Regular,0
5782,59,65,387,14.573726735432006,192.4956517861088,4,0,1,Germany,Male,Regular,0
5783,27,72,552,63.751341549824744,802.8961702826219,4,1,0,Germany,Female,Premium,1
5784,49,7,657,78.85651323345904,105.14126459369542,2,0,1,Germany,Male,Regular,0
5785,76,24,357,23.239699163453352,1919.3267141022466,3,0,1,France,Male,Regular,0
5786,51,65,698,78.05068048974093,621.1297918066986,3,1,1,France,Female,Premium,0
5787,80,72,820,29.326393657362132,463.33115009169967,1,0,1,France,Male,Regular,0
5788,79,72,824,97.47168941899189,220.83110538522712,2,1,1,Germany,Female,Regular,0
5789,26,69,716,1.2609558826448692,151.3043614444314,1,1,1,France,Female,Regular,0
5790,34,50,692,4.359391672304128,431.8716797418467,4,0,1,Germany,Female,Regular,0
5791,28,52,521,74.88405149607249,351.89439249369553,1,1,0,France,Female,Regular,0
5792,49,20,628,48.92022679482593,1703.7169547252695,1,1,0,France,Male,Regular,1
5793,27,49,671,40.93781656005514,208.6960191550265,4,0,1,Germany,Male,Premium,0
5794,39,70,810,47.59315038782454,794.9076544429108,1,0,1,Spain,Female,Regular,0
5795,74,37,452,133.0993500304313,688.3900098403582,1,1,1,France,Female,Regular,0
5796,34,39,779,53.2884343797629,62.951835157356825,4,1,1,France,Male,Regular,0
5797,21,72,319,52.131845243426454,359.3542909146542,4,0,0,Germany,Female,Regular,1
5798,65,38,527,71.24570572318021,957.746831052044,4,1,1,Germany,Female,Premium,0
5799,69,16,645,100.72791861195076,828.3076894428308,1,1,1,Germany,Male,Regular,1
5800,64,3,318,15.18464341201591,1407.4634109738647,4,1,0,Germany,Male,Regular,1
5801,42,38,743,47.953239233722265,102.34950059675809,2,1,1,France,Female,Premium,0
5802,76,67,667,43.850491838187786,82.23806516628902,1,0,1,Germany,Male,Regular,0
5803,38,34,446,7.242588867985305,2000.0,4,1,1,Spain,Male,Regular,0
5804,54,60,803,36.7314877764707,689.3236397565238,1,0,0,France,Female,Premium,1
5805,55,46,729,3.604374605586986,581.0056788223748,2,0,1,France,Male,Regular,0
5806,66,35,739,10.225879048061033,50.0,4,0,1,France,Male,Regular,0
5807,18,71,497,122.07114522843577,125.14707576065717,4,0,1,France,Male,Premium,1
5808,80,23,586,6.348686007070804,986.5014310749725,3,0,0,Germany,Female,Premium,1
5809,42,17,668,43.246182617246596,730.0678301672438,2,1,0,Germany,Male,Regular,0
5810,68,20,539,19.53971483305026,191.11238351653162,2,1,1,France,Female,Premium,0
5811,53,68,586,40.519263443099604,114.77086483010251,3,1,1,Germany,Female,Premium,1
5812,34,7,694,13.392243036205556,544.864863520026,2,1,1,France,Male,Regular,0
5813,58,51,817,29.383484508185937,984.6531546859165,4,1,0,Spain,Male,Premium,1
5814,80,42,359,100.99581573699578,515.6245840633759,3,1,1,France,Female,Regular,0
5815,41,52,844,23.59763459729901,1174.1584319468268,1,1,1,Spain,Male,Regular,0
5816,19,29,602,21.772840162288258,671.1481382373333,4,0,0,Germany,Male,Regular,1
5817,57,18,543,29.540187721411478,113.28483279118682,2,1,0,Germany,Male,Regular,0
5818,32,22,506,5.2954135181977,122.30244651091085,3,0,1,France,Male,Regular,0
5819,49,49,674,24.497830598621608,343.2686928732683,1,1,1,Germany,Male,Regular,0
5820,56,50,582,0.3462083721185627,451.5145532359869,3,1,1,France,Female,Regular,0
5821,76,42,777,34.99823285653501,317.27243126437577,4,0,1,France,Female,Regular,0
5822,23,50,321,94.1743598043043,807.3506927177697,4,0,1,France,Male,Premium,0
5823,18,69,648,40.156261916836996,619.5928175407544,3,1,0,France,Male,Regular,1
5824,64,40,788,46.78963044128018,1204.9777769312984,3,1,1,Germany,Female,Premium,0
5825,40,71,557,1.5520085662342566,559.2977925291183,2,1,1,France,Female,Regular,0
5826,75,10,346,98.13272079679486,1289.2317235610944,4,0,1,Germany,Male,Premium,0
5827,56,51,326,24.30693940516476,57.438419898047066,1,0,1,France,Male,Premium,0
5828,78,22,326,184.1501986438329,444.55196148710576,3,1,1,France,Female,Regular,0
5829,79,48,696,6.4181170200461395,247.14581257301836,1,0,1,Germany,Male,Regular,0
5830,74,37,444,144.72370435441061,371.151282135506,3,1,1,France,Male,Regular,0
5831,34,46,821,50.2958543839002,1160.0826683503105,4,1,0,Spain,Male,Regular,0
5832,51,71,420,2.687990386114496,683.2166963117941,3,1,1,France,Male,Regular,0
5833,76,6,761,178.243044479466,211.96894610335062,2,1,1,France,Male,Regular,0
5834,58,65,681,0.6985099266218417,1681.608718935206,1,1,1,Germany,Female,Regular,0
5835,46,61,717,65.59649527851215,1434.4499304426613,3,1,1,Germany,Male,Regular,0
5836,26,28,626,110.15054104475766,136.53504741866192,4,0,1,Germany,Male,Regular,0
5837,30,32,690,9.667803944852919,506.7615610042917,3,0,1,Spain,Male,Regular,1
5838,23,32,596,21.03075387950454,2000.0,1,1,1,Spain,Female,Premium,0
5839,23,28,383,41.188920910985345,1600.8344869255934,4,1,0,France,Female,Regular,0
5840,37,24,445,56.94192394902283,181.28888369141842,3,1,1,France,Male,Regular,1
5841,69,2,470,102.73778510716905,686.8290980775279,2,0,1,France,Female,Regular,0
5842,70,44,633,71.57933138804862,1439.363083128946,2,1,1,France,Male,Premium,0
5843,20,11,723,22.57528037938191,768.9754640080447,2,1,1,France,Male,Regular,1
5844,34,28,608,86.21994375933757,1232.9773876334086,4,0,1,France,Male,Regular,0
5845,80,1,825,169.18269033317358,428.773204152896,3,0,0,France,Female,Regular,0
5846,66,49,646,12.872917688244945,788.4975905676553,4,1,1,Germany,Male,Premium,0
5847,29,64,601,3.8492141168493346,1248.35092256027,2,1,1,Germany,Male,Regular,0
5848,65,19,646,27.810306915064487,210.81777788576446,4,1,1,Spain,Male,Regular,0
5849,64,51,707,106.59871870731217,321.08159532054475,3,1,1,France,Female,Regular,0
5850,62,36,432,8.143096761710842,648.1427030990146,2,0,1,Germany,Male,Premium,0
5851,72,72,405,108.48940569763796,1376.3801236296556,4,1,0,Germany,Male,Regular,1
5852,18,30,470,242.76513252852564,788.3338764257286,1,1,1,Germany,Female,Regular,1
5853,34,46,549,2.775753408023871,258.7624113442512,2,0,1,Spain,Male,Regular,0
5854,20,5,843,34.185232480814435,607.6134358155679,1,1,1,France,Female,Regular,0
5855,43,59,561,19.940775392790187,386.06619375361345,2,0,1,Germany,Female,Regular,0
5856,32,44,793,25.01735701087294,464.0788074787128,3,1,1,France,Male,Premium,0
5857,53,53,543,30.04068518682605,784.7470661472448,4,1,0,Spain,Female,Regular,1
5858,49,17,750,67.29678333395569,184.2295712102112,1,1,1,Spain,Female,Regular,0
5859,49,69,589,44.73865810683017,531.3640647057059,1,1,1,France,Male,Regular,1
5860,21,24,562,162.46815397852316,1487.191811015894,4,1,1,France,Female,Regular,0
5861,35,26,613,20.23061853257094,707.9203639754619,3,1,1,France,Male,Regular,0
5862,66,6,384,38.99019456612581,350.5117528203508,1,1,1,Spain,Female,Regular,0
5863,36,43,714,83.92025285555403,2000.0,4,1,1,Spain,Male,Regular,0
5864,60,28,628,23.342703076763797,1065.624718975638,1,0,1,Spain,Female,Regular,0
5865,69,54,344,31.3023971002511,841.6240012277229,3,1,0,France,Male,Regular,1
5866,52,45,632,57.75509291465912,378.72928069997414,1,1,0,France,Female,Regular,1
5867,57,18,764,98.57214414673336,259.29192597401317,1,0,0,Germany,Female,Regular,0
5868,31,5,499,26.865450874444424,344.3881282752743,3,0,0,Spain,Male,Premium,0
5869,75,19,500,37.959057995883754,895.3295683061091,1,1,0,France,Female,Regular,1
5870,50,30,628,184.68914339277717,358.16526015718637,4,1,1,France,Male,Premium,0
5871,31,19,539,2.1698675801052607,1320.3169105091074,3,0,1,France,Female,Regular,1
5872,51,36,658,29.731083017142534,235.97271620198492,1,0,0,France,Male,Regular,0
5873,78,26,659,50.527577652658906,1673.0901302786283,3,0,1,France,Male,Premium,0
5874,72,12,677,0.4231584681972905,469.90950425672,2,1,1,France,Female,Regular,0
5875,21,44,684,45.41445422637311,598.1255795688687,4,1,0,France,Male,Regular,1
5876,41,65,764,2.8920475826600134,606.6150588490294,1,1,1,Germany,Male,Regular,0
5877,76,23,521,97.44115821523542,877.9183968583596,4,1,1,Germany,Male,Regular,0
5878,46,43,664,82.2755640161637,88.05566784703215,1,0,1,Germany,Male,Premium,0
5879,36,59,371,1.6393398759724958,1064.5090902009658,2,1,0,France,Female,Premium,0
5880,23,15,539,2.5017582323120022,879.8627463496307,2,1,0,France,Male,Regular,1
5881,74,1,803,70.04277946749119,622.8356767587871,4,0,1,Spain,Female,Premium,0
5882,50,55,713,23.065666383187786,1010.3176318146084,4,1,0,Spain,Male,Regular,0
5883,66,29,426,42.786339470030754,816.1346885350789,3,1,1,Germany,Female,Regular,0
5884,57,21,786,15.758026529413046,832.2963316271703,1,1,0,France,Male,Premium,0
5885,36,8,826,9.495647498391104,342.5792250000208,1,1,0,France,Male,Premium,1
5886,70,70,547,17.55432353976113,64.79219282614406,4,1,1,Spain,Male,Regular,0
5887,18,15,781,14.165495562932087,469.5667749267825,3,0,1,Germany,Male,Regular,0
5888,22,44,611,29.73821705966444,842.994248750617,2,1,1,France,Female,Regular,0
5889,44,64,743,68.65433148147324,202.5066152996013,1,1,0,France,Male,Regular,0
5890,33,10,582,40.3863260683495,694.5164017831391,2,0,1,France,Male,Regular,0
5891,23,69,301,46.975192677334206,184.72396502843702,3,1,1,France,Female,Premium,0
5892,57,19,373,31.751328931836152,702.6336047250697,1,1,1,Spain,Male,Premium,0
5893,30,72,363,19.63240294197884,668.3508153114332,3,1,1,Spain,Female,Premium,1
5894,65,11,646,7.7455632626468915,2000.0,3,1,0,France,Female,Premium,0
5895,79,61,623,21.891574111245806,260.433233221601,1,1,1,France,Male,Premium,0
5896,52,41,538,54.710890360145626,358.45038427206595,2,0,1,Germany,Male,Premium,0
5897,36,68,696,66.17112820800125,617.723399758987,2,0,1,Germany,Female,Regular,0
5898,29,63,636,31.666760339869292,629.6193035846725,3,1,1,France,Male,Regular,1
5899,33,4,640,51.78149061526669,693.7624931914828,4,0,1,Spain,Male,Regular,0
5900,76,26,578,11.82037409796,612.5388456131438,3,1,1,Spain,Male,Regular,0
5901,60,24,652,98.32933440350871,389.1224073153777,2,1,0,France,Female,Regular,1
5902,27,25,762,100.47206713840961,580.280431140343,3,1,1,Germany,Male,Premium,0
5903,42,48,761,19.307242155949346,492.5106202432145,3,1,1,Germany,Female,Premium,0
5904,37,20,592,39.67183314951665,556.949226873623,1,1,1,France,Male,Regular,0
5905,48,0,706,46.65430290476832,616.5441727217087,3,1,0,France,Male,Regular,0
5906,21,69,461,31.97368972649001,510.5384856457467,4,1,0,Germany,Male,Regular,1
5907,61,54,802,121.03587085848339,50.0,4,1,1,Germany,Female,Premium,0
5908,40,27,747,67.29927869769118,1278.2025723184697,4,1,0,France,Female,Regular,1
5909,19,24,754,55.81496314600105,124.32199401892204,4,0,0,Germany,Female,Regular,0
5910,73,32,564,36.70817027372129,1205.1301732383495,3,1,1,Germany,Male,Regular,0
5911,39,72,431,4.43321875494928,460.78060280926184,4,0,0,Germany,Female,Regular,1
5912,68,68,419,5.70444585722595,617.2967244695395,4,1,1,Spain,Male,Regular,0
5913,74,5,518,17.76300171578243,135.77231006448824,1,0,0,Germany,Female,Regular,0
5914,54,22,716,11.882555720478175,548.4036919592409,2,1,1,Spain,Female,Regular,0
5915,25,29,804,152.38389103902423,971.4788248217542,1,1,1,Germany,Female,Regular,0
5916,24,53,599,26.365751378095574,155.53844670331222,4,1,1,Germany,Female,Regular,0
5917,31,11,408,104.6184120945885,70.43708919801607,2,0,1,Germany,Male,Regular,1
5918,73,30,537,85.20932550597296,209.62048473322378,1,1,1,France,Male,Regular,0
5919,72,5,592,83.71756458766973,329.7622536138057,3,0,1,Spain,Male,Regular,0
5920,20,10,486,12.148663676984475,209.84425616234867,2,1,1,France,Male,Regular,0
5921,67,11,335,29.648969358988353,935.4104980527035,1,1,1,France,Female,Regular,0
5922,33,65,555,19.132761506845604,401.27920120975097,1,1,0,France,Male,Regular,0
5923,72,52,734,176.01763690418147,224.64439392922824,4,1,0,Spain,Male,Regular,0
5924,36,35,307,104.67471150881326,428.3128252874484,2,0,1,France,Male,Regular,0
5925,68,16,477,14.379014613117544,436.8576500572984,4,1,1,Germany,Male,Regular,0
5926,35,27,541,18.808935653899066,569.9218578027909,2,0,1,Spain,Female,Regular,0
5927,69,25,340,37.63522509984968,443.97391488414877,4,0,0,Germany,Male,Premium,1
5928,33,6,656,16.32847649282228,240.2555221470956,2,1,1,Spain,Female,Premium,0
5929,25,14,412,87.01435002192952,368.14347587435464,2,1,1,France,Male,Premium,0
5930,77,10,465,85.52684216254686,409.25656583417407,1,1,1,Spain,Male,Regular,0
5931,50,20,803,64.42943225058092,694.8925798799179,4,1,0,Germany,Female,Regular,1
5932,66,66,377,58.44801537628121,949.2803367797808,2,1,1,Spain,Male,Regular,0
5933,29,29,495,39.62644772772376,741.1602884575055,2,1,1,France,Male,Regular,0
5934,79,69,701,21.31750371487738,1525.5049599251201,2,0,1,France,Male,Premium,0
5935,70,65,363,90.68137795482322,800.4185338608189,3,0,1,France,Male,Regular,0
5936,28,60,724,97.89029108046489,942.0726235213984,2,0,1,Germany,Male,Regular,0
5937,22,40,341,2.538853954278244,410.8389481161618,3,0,1,France,Male,Regular,0
5938,44,50,672,25.426364508302495,116.06120917293444,2,1,0,France,Male,Regular,0
5939,29,54,605,1.349425806125289,1726.3287016752206,2,1,0,France,Male,Premium,1
5940,34,12,508,91.46602516682896,211.2391517409042,1,1,1,Germany,Male,Regular,0
5941,23,11,766,9.745619273995256,298.266964183767,1,0,0,Germany,Male,Premium,0
5942,50,8,603,56.022464211372515,440.5406935188906,1,1,1,Germany,Male,Premium,0
5943,22,47,691,22.109760051789294,84.94042190404662,1,1,1,France,Male,Regular,0
5944,74,48,452,84.65876543729134,1078.064991556581,4,1,0,Spain,Male,Regular,0
5945,45,52,661,35.63555564318605,799.8566908823861,2,1,1,Spain,Female,Premium,0
5946,31,55,563,19.607847127994297,532.9152822576018,3,1,1,France,Female,Regular,0
5947,22,39,515,19.568545030181614,1305.2047055161734,2,1,0,Germany,Female,Premium,0
5948,71,26,842,19.7950922925897,379.69421450966735,2,0,0,Germany,Male,Regular,1
5949,73,71,823,77.69524493691338,491.1737702362337,2,1,1,France,Female,Premium,0
5950,76,32,493,62.08643334147334,505.239091486884,1,1,1,Germany,Female,Regular,0
5951,50,22,326,19.225371182850985,834.877708913359,2,1,1,Germany,Male,Regular,0
5952,79,53,345,33.6876327031023,458.59700575848444,2,1,0,Germany,Male,Regular,0
5953,67,52,357,3.960461138768335,670.2841731370631,4,1,1,France,Male,Regular,0
5954,65,56,312,87.86797991093668,1811.0730772973297,4,1,0,Germany,Male,Premium,1
5955,58,48,348,15.459234237374533,361.07144973104124,3,0,1,France,Male,Premium,0
5956,36,59,393,110.01277211594751,392.5749822652874,4,0,1,Spain,Male,Premium,0
5957,39,64,750,45.41571802028756,819.2896753633484,1,1,1,Spain,Female,Premium,0
5958,22,31,678,41.945674309829286,169.5966972892755,4,1,1,Germany,Female,Regular,0
5959,76,20,309,8.879761712521068,401.7469715896305,3,1,1,France,Male,Regular,0
5960,19,17,815,3.6035602127979685,94.23205566728932,3,1,0,France,Male,Premium,0
5961,47,59,523,40.216964568398176,1174.8523030972826,4,1,1,France,Male,Regular,0
5962,64,12,680,31.554567242025577,1077.662397472079,2,1,1,Spain,Female,Regular,0
5963,56,23,840,6.373662362283274,629.3778687991729,3,0,1,France,Female,Regular,0
5964,21,29,601,90.26890593011005,355.4282110407219,4,1,1,Germany,Male,Regular,0
5965,50,1,502,26.99900228492925,369.40692900404747,4,0,1,France,Female,Premium,0
5966,30,24,495,15.086196670157953,283.3155250225062,4,1,1,France,Male,Regular,0
5967,37,49,621,77.62266434428703,328.04492397319444,3,1,1,France,Female,Regular,0
5968,71,13,717,122.12924332917905,171.4169400450104,2,1,1,Germany,Male,Regular,0
5969,24,5,641,18.261478905841784,910.7294202685849,1,1,1,Spain,Male,Regular,0
5970,32,32,688,74.79427631322487,2621.3066473881518,4,1,1,Germany,Male,Premium,1
5971,40,29,308,52.85235912541167,529.446399689726,2,1,1,Germany,Male,Regular,0
5972,31,37,831,228.91562401395365,559.7663513459054,1,0,1,Germany,Female,Regular,0
5973,40,57,448,11.407346581801837,556.9375992311484,4,1,1,Germany,Female,Regular,0
5974,36,40,682,161.79982059832042,180.3932723322594,3,1,1,Germany,Male,Regular,0
5975,71,56,828,18.93668413450938,430.82897234337787,1,0,1,France,Female,Regular,0
5976,46,35,311,26.547530486739884,320.8333339734471,2,1,1,Germany,Male,Premium,0
5977,73,63,775,22.22270590868569,188.089142603741,1,1,1,France,Male,Regular,0
5978,37,15,352,15.629533052536932,1505.9892319684218,2,1,1,Spain,Male,Premium,0
5979,46,71,735,59.08164076476567,825.5715223946063,2,1,1,Spain,Male,Regular,0
5980,41,17,505,44.47578527089336,451.8115796709481,2,0,1,Germany,Female,Premium,1
5981,35,30,353,18.241976733694333,378.5364566843133,4,1,1,France,Male,Regular,0
5982,80,65,789,7.090417992790996,976.7936526124481,1,1,0,Germany,Female,Regular,0
5983,27,70,643,19.09052763733895,147.4334208235133,3,0,0,Spain,Male,Regular,1
5984,58,64,468,24.001188110805803,469.8373360499077,4,1,1,Spain,Female,Premium,0
5985,74,66,460,23.95451486233534,1206.8589259711673,3,1,0,Spain,Male,Regular,1
5986,25,39,826,22.100713285781797,716.3346611847315,3,0,1,Germany,Female,Regular,0
5987,43,24,826,2.4974733718076125,373.6829873930686,1,1,1,Spain,Female,Premium,0
5988,79,35,586,31.18414441460326,57.761129140275244,4,0,0,France,Female,Premium,1
5989,46,2,711,90.4579271258544,497.3068656649147,1,0,1,France,Female,Premium,0
5990,27,68,821,9.944886795563747,115.71964369972261,4,1,1,France,Male,Regular,0
5991,34,25,498,7.871146423165048,331.8671406094478,4,1,1,France,Male,Premium,0
5992,19,39,460,31.91884713585329,337.3673209721057,1,0,1,France,Female,Regular,0
5993,23,51,688,23.149654005581613,183.32797011416733,4,0,0,Germany,Male,Premium,1
5994,75,37,773,41.19476715124485,428.7036139747547,1,1,1,Germany,Male,Regular,0
5995,22,67,680,146.94332091808067,440.77606379970615,2,0,0,France,Male,Regular,0
5996,45,6,423,71.54079501220264,1343.9277816950953,2,0,1,France,Female,Regular,0
5997,79,29,371,58.086894930755975,1254.1358389293764,3,1,1,Spain,Male,Regular,0
5998,58,18,467,26.887316502691338,163.19280803820087,1,1,1,France,Male,Regular,0
5999,22,34,583,16.93893326592316,1397.0281399706034,3,1,1,Spain,Female,Regular,0
6000,35,42,793,38.855154598942065,821.0185530203448,4,1,0,Germany,Male,Regular,1
6001,43,32,335,108.33436846883109,307.3654558613602,2,0,1,Germany,Female,Regular,0
6002,37,37,474,104.67398506317696,346.10561100921507,1,1,1,France,Female,Regular,0
6003,58,9,498,29.4857715762875,334.3862305384605,3,1,1,France,Female,Regular,0
6004,66,67,415,14.132759967903416,625.6450156027072,4,1,0,France,Female,Regular,1
6005,44,37,614,12.766840018172045,610.4639771372086,4,0,1,France,Female,Premium,1
6006,66,37,519,1.728972695459309,91.36869411590247,1,1,0,France,Male,Premium,0
6007,29,15,433,92.46865992354076,571.4486898285018,4,1,1,Spain,Male,Regular,0
6008,24,20,421,15.383222095694379,260.6932725702966,3,0,1,France,Male,Regular,0
6009,76,5,720,22.23622409891908,215.46397362421723,1,1,1,France,Female,Premium,0
6010,20,46,791,82.83070598184433,995.9742729926584,3,0,0,Germany,Male,Regular,1
6011,27,10,588,6.393035172176213,322.895546643097,1,1,0,France,Female,Regular,1
6012,51,2,352,30.923704295800334,1493.4576797576415,3,1,1,France,Male,Regular,0
6013,42,42,504,6.524878817773925,923.4444758933159,4,1,1,France,Male,Premium,0
6014,52,55,647,29.156248630692893,778.9089243331964,2,1,0,Germany,Male,Regular,1
6015,33,13,350,2.414342158343556,1051.8198578515307,4,0,1,Germany,Male,Regular,0
6016,19,65,339,36.45144761476698,957.1391479867073,4,0,1,France,Male,Premium,0
6017,77,28,549,79.41066754186748,359.74809862692405,3,1,1,Germany,Female,Regular,0
6018,41,3,517,56.3963922800424,143.7973138967979,3,0,1,France,Male,Regular,0
6019,27,25,478,35.582771273423106,264.5334877518714,2,0,1,Germany,Female,Premium,0
6020,55,11,850,88.2340838498801,293.7222263139933,2,1,1,Germany,Male,Premium,0
6021,39,1,482,12.92480614149164,373.26349338808467,3,1,1,France,Male,Regular,0
6022,43,16,463,88.83259378466803,225.6167079844474,4,0,1,Germany,Male,Premium,0
6023,60,34,676,16.173302814629846,166.1031494349049,1,1,1,Germany,Male,Premium,0
6024,72,9,796,22.508978830582382,242.74394066950342,2,0,1,France,Male,Premium,0
6025,56,42,760,6.872966366932901,1297.8489932705775,4,1,1,France,Female,Regular,0
6026,44,21,773,5.365607407277477,379.82144883028946,1,0,0,Spain,Female,Premium,1
6027,46,14,336,134.494445109485,1445.4477121178334,4,1,0,France,Female,Premium,0
6028,64,30,618,10.5347088174531,59.04630223833659,2,0,1,France,Female,Premium,1
6029,55,59,711,20.270467112801494,1030.820895283252,3,1,1,Spain,Female,Regular,0
6030,37,43,655,37.66096576470436,195.3557348529466,3,1,1,France,Female,Regular,0
6031,44,4,528,21.37534767328323,1120.3198913398357,2,1,1,Spain,Female,Regular,0
6032,58,72,563,102.06233056108076,2000.0,3,1,1,Germany,Male,Regular,0
6033,71,17,786,115.48791970891723,474.4166593808435,1,1,1,France,Male,Regular,0
6034,37,20,651,19.72555050001026,245.18413065681767,4,1,1,France,Female,Regular,0
6035,61,71,741,4.827070161614966,1547.9554799142861,3,1,1,France,Male,Regular,0
6036,36,50,758,11.796132489732575,180.435810540119,3,1,1,France,Female,Premium,0
6037,37,40,324,32.160067149066506,1161.6566307918513,3,1,1,Spain,Female,Regular,0
6038,52,23,430,17.0176608509872,351.8534208570909,2,1,1,Germany,Male,Premium,0
6039,64,23,669,30.20850860823095,335.74717389533845,2,1,0,Germany,Male,Premium,0
6040,19,37,735,71.0864405032708,866.3124634743929,3,0,1,Spain,Male,Regular,0
6041,47,43,523,27.291426479934373,790.152980541962,2,1,1,France,Male,Premium,0
6042,70,56,651,10.969869858989679,164.63617159873738,4,0,1,Germany,Male,Premium,0
6043,51,58,784,22.15582862445522,310.26740129336406,1,1,1,Germany,Male,Regular,0
6044,39,33,496,67.93030578115504,1324.4416820969786,4,0,1,Germany,Male,Regular,0
6045,20,22,408,27.587773584779,834.9082355650268,4,1,1,France,Female,Premium,0
6046,23,44,519,14.35330330919957,1022.2752278294537,1,1,0,France,Male,Regular,1
6047,32,39,618,27.87941067336579,1814.7820401402591,1,0,1,Germany,Female,Regular,0
6048,44,46,381,30.33074228554458,232.87055554326065,4,1,0,Germany,Male,Regular,0
6049,27,40,836,17.57564343287671,248.65967589633735,1,1,1,France,Male,Regular,0
6050,26,46,731,250.0,397.41967556131834,4,1,0,France,Male,Regular,0
6051,50,19,307,72.97036088121496,677.1668490020521,3,1,1,France,Male,Regular,0
6052,49,64,448,58.95669092797563,2000.0,2,1,1,France,Male,Premium,0
6053,65,67,397,96.50523046378957,204.32412094860027,1,0,1,Germany,Female,Regular,0
6054,23,23,400,54.89350757082174,432.79086249557633,3,1,1,Germany,Female,Regular,0
6055,58,35,666,78.2663489536044,420.3941766850225,1,1,0,France,Female,Regular,0
6056,76,44,761,26.596134208057876,978.8291941197233,2,1,1,Spain,Male,Premium,0
6057,53,1,713,34.69454984707153,272.9620936242311,2,0,1,France,Female,Regular,0
6058,76,27,558,2.4068290134960217,486.00607832113263,2,1,1,Spain,Female,Regular,0
6059,77,25,655,16.47011180253638,1326.1435688755114,1,1,0,Germany,Female,Regular,0
6060,19,22,310,22.944275994544395,626.1221065213983,4,0,1,Germany,Female,Regular,0
6061,46,35,715,49.1041987148452,578.7836951503601,1,1,1,France,Male,Premium,0
6062,21,5,549,31.200769183609694,1463.1427909645752,1,0,1,Spain,Male,Regular,0
6063,18,34,849,46.80404642135051,303.670166414375,3,1,0,Spain,Male,Regular,0
6064,36,47,421,62.47071262536377,1520.9305122256528,3,1,0,France,Female,Regular,1
6065,43,34,364,2.1828978775901784,1030.3727788830024,4,1,1,Germany,Female,Regular,0
6066,42,52,601,14.939021399903082,353.45496925713644,2,1,1,France,Female,Regular,0
6067,27,37,424,9.370958732605988,984.5293130086483,2,1,1,Germany,Female,Regular,0
6068,70,58,611,10.379206418019175,459.18125643093236,1,0,1,Germany,Male,Regular,0
6069,32,42,490,34.970879490717195,264.5592125221997,2,0,1,Spain,Male,Regular,0
6070,76,3,749,67.34960112258105,374.2558675153638,4,0,1,France,Female,Regular,0
6071,39,4,458,15.926107755339808,924.6787194414329,2,1,1,Germany,Female,Regular,0
6072,68,67,652,86.99135182532454,541.3051251461108,3,1,1,France,Male,Regular,0
6073,65,44,562,111.49300110579254,160.6098714204291,2,1,1,France,Male,Premium,0
6074,38,24,705,21.58022975740105,471.18663500706464,1,0,1,France,Male,Premium,0
6075,76,10,316,57.18412391182422,1296.0100131497024,3,0,1,Germany,Male,Regular,0
6076,73,28,559,6.224295281371904,623.5815231985436,4,1,1,Spain,Male,Premium,0
6077,39,33,654,68.13441653930279,1239.5321269545332,1,1,1,France,Male,Premium,0
6078,53,13,788,9.017607396262619,518.0647780469947,1,1,1,France,Female,Premium,0
6079,51,23,513,58.14407090810675,541.2290255117086,3,0,0,France,Male,Regular,0
6080,47,72,538,27.40042104395747,192.18324090800542,1,1,0,France,Female,Regular,1
6081,42,38,479,131.8723564671687,280.79899132454966,2,0,1,Spain,Female,Regular,0
6082,62,25,718,31.224039088994193,88.04375555246146,2,1,1,France,Male,Regular,0
6083,45,42,442,1.5695190274562258,581.5575217434102,3,1,1,Spain,Male,Regular,0
6084,18,35,616,32.76069519813775,1087.6147578192317,2,1,1,Germany,Female,Regular,0
6085,66,45,543,79.35905805121122,284.2855189001943,1,1,0,France,Female,Regular,1
6086,62,60,531,52.076307414294966,775.0044196308656,3,1,1,France,Male,Regular,0
6087,21,15,602,169.5354240723941,500.99742200810414,3,1,0,France,Female,Premium,0
6088,24,69,630,92.6623293525006,693.9475433753026,4,0,0,France,Female,Regular,1
6089,66,5,547,37.38562404284771,350.3231340205948,1,1,1,Spain,Female,Regular,0
6090,26,68,582,11.566382846934147,1501.2611940985457,1,1,1,Germany,Female,Regular,1
6091,53,7,586,0.18908858574678533,418.423659969904,4,0,1,Spain,Female,Premium,0
6092,36,26,331,196.87318720575965,153.23139257225145,4,1,1,France,Female,Premium,0
6093,18,70,799,139.2895329203739,110.11160195422576,1,0,1,Germany,Male,Regular,0
6094,27,30,829,16.02018113878288,517.2276246671576,4,1,0,Spain,Female,Premium,1
6095,53,41,680,50.8353669716017,670.7290454944153,3,0,0,Germany,Male,Premium,1
6096,26,40,362,65.32604224735437,773.2684904745514,3,1,1,France,Female,Regular,0
6097,62,24,427,43.13909318181939,579.4495004572541,1,1,1,France,Female,Premium,0
6098,63,17,827,92.563269705609,1370.079205145447,3,1,0,France,Female,Premium,0
6099,59,11,462,4.050994371310444,107.7608708117149,1,1,1,France,Female,Premium,0
6100,49,50,550,113.40630134385779,578.6247818212643,4,1,1,Spain,Female,Regular,0
6101,49,40,594,24.880583293538823,733.2247665331997,2,1,1,Germany,Male,Regular,1
6102,23,9,478,32.762715658534134,200.77034589094512,3,0,0,France,Female,Regular,0
6103,65,67,528,29.41536856025643,825.5111798849198,3,1,1,France,Female,Premium,1
6104,55,28,693,37.888149017569596,251.46873074209304,4,1,0,Spain,Female,Regular,0
6105,34,40,695,45.58611812482,1023.8548843005686,3,0,1,France,Female,Premium,0
6106,27,8,371,61.9529654717051,1766.420555784973,1,1,1,France,Male,Regular,0
6107,67,72,617,37.21574404439106,895.1480004608413,3,1,0,Spain,Female,Premium,1
6108,44,36,678,57.72315384551218,313.6093970991182,4,1,0,Germany,Male,Regular,0
6109,71,13,435,20.646956728766746,490.20784305641484,1,0,0,France,Male,Premium,0
6110,67,72,677,137.9783893936394,98.91035779548527,3,1,1,Germany,Male,Regular,0
6111,52,71,418,3.3353646171177522,1346.7646637897712,3,0,1,France,Male,Premium,0
6112,69,38,829,39.432335856276794,804.3079997155239,3,1,0,France,Female,Regular,0
6113,76,39,822,4.572671014783968,1092.3988870300802,3,1,1,Germany,Female,Premium,0
6114,38,64,686,29.23859394032524,1792.9882008144373,2,1,1,France,Female,Regular,1
6115,80,2,568,14.892166692752218,496.38759290344154,2,1,1,Germany,Male,Premium,0
6116,42,68,823,138.15445897170315,61.74492392128993,4,1,0,France,Female,Regular,1
6117,45,32,846,0.6580810891384651,1035.2419686369897,2,0,1,Germany,Male,Premium,0
6118,64,70,785,24.813571843832747,365.68529744148697,4,1,1,France,Female,Regular,0
6119,32,18,737,76.17281674981346,801.6559629888299,1,0,1,Spain,Male,Regular,0
6120,21,33,410,10.441167125642169,393.0263975043172,2,1,1,Germany,Female,Regular,0
6121,46,49,621,84.52920019436154,875.3398515664759,1,1,1,France,Female,Premium,0
6122,76,46,826,98.20755617178236,426.1444213732849,2,1,0,France,Female,Regular,0
6123,26,45,476,61.55058747630535,447.240334647148,4,0,0,France,Female,Regular,0
6124,44,55,850,11.727238850974677,420.9743439797862,1,1,1,France,Female,Premium,0
6125,43,68,837,15.875366594761916,1804.9440142628725,3,1,0,France,Male,Regular,1
6126,36,50,772,9.132164148835379,1114.9767111147705,3,1,1,France,Male,Premium,0
6127,73,53,687,10.170951819208113,1085.7166893974409,2,1,1,France,Female,Regular,0
6128,45,27,397,1.8587397902296683,443.0557461405819,1,0,1,France,Male,Regular,0
6129,34,18,710,97.3558222362666,535.1330016910036,4,0,1,France,Male,Regular,0
6130,60,26,674,37.59205141524931,423.83998709833656,4,1,1,Germany,Male,Regular,0
6131,74,47,469,19.856935242259286,1024.268541133294,3,1,1,Spain,Male,Regular,0
6132,58,18,355,17.094735308047586,271.8133751706129,3,1,1,Germany,Male,Regular,0
6133,59,50,624,39.33953011810663,485.5801307547599,2,1,1,France,Female,Regular,0
6134,67,6,559,19.77708703364429,211.96259795418456,4,1,1,Germany,Female,Regular,0
6135,37,39,639,99.65144136310539,1442.7202510177387,1,0,1,Spain,Male,Regular,1
6136,62,42,703,11.846750580134849,317.0236475856072,3,1,0,Germany,Female,Regular,0
6137,57,72,831,106.9815742495955,1029.7163955248182,1,1,0,Spain,Female,Premium,1
6138,56,57,473,54.54596573150363,50.0,4,1,0,Spain,Male,Premium,0
6139,66,7,837,156.89846735023622,285.4223549659055,1,1,0,Spain,Male,Regular,0
6140,70,40,459,0.7611259247191965,504.22710403925174,4,0,1,Spain,Male,Premium,1
6141,40,41,309,3.0456851082118175,407.01359116106994,4,1,1,Germany,Male,Regular,0
6142,64,12,555,34.74689854707294,1205.3077939979407,1,0,1,Germany,Male,Premium,0
6143,49,22,643,121.7366321967785,324.10387752370787,1,1,0,Germany,Male,Regular,1
6144,69,17,835,65.61409638923405,1271.0122067704954,1,1,1,France,Male,Regular,0
6145,64,54,672,48.661037893858975,950.9114043400921,4,1,1,France,Male,Regular,1
6146,80,50,734,1.605613996127657,1119.9262598578694,2,1,1,France,Male,Regular,0
6147,50,15,345,21.860467489061595,72.04533751891037,4,1,0,Spain,Male,Regular,0
6148,74,2,354,21.22115092097933,699.8571928567065,4,0,0,France,Female,Regular,0
6149,63,44,377,39.05365957697713,1736.6247291403422,2,1,1,France,Male,Regular,0
6150,22,26,790,14.908697972015542,689.5173867802719,3,1,1,Germany,Female,Premium,1
6151,60,22,571,15.54110175517087,467.2953713691305,1,1,0,France,Male,Regular,0
6152,65,58,849,48.49259296059547,347.31045672270045,1,0,1,Germany,Male,Regular,0
6153,51,61,410,144.62949980115079,508.5786319304626,3,1,1,Spain,Female,Regular,0
6154,57,67,314,53.96682877844409,397.17644851757194,1,0,1,France,Female,Regular,0
6155,28,53,377,55.150616329800094,437.35512693419577,4,1,1,Germany,Male,Premium,0
6156,78,56,800,214.20803486416057,485.10253328176753,3,0,0,France,Female,Premium,0
6157,67,22,717,8.330964286947221,1459.708068590403,2,1,1,Germany,Male,Regular,0
6158,20,59,574,1.7210209097521194,346.8874082386328,4,1,1,Germany,Male,Premium,0
6159,79,69,793,68.42546303929828,900.2827705847304,4,1,0,Germany,Female,Regular,1
6160,75,54,496,28.88277691283168,521.9326600628685,4,1,1,France,Male,Regular,0
6161,50,62,675,28.002837798177243,284.52674191845097,4,1,0,Spain,Male,Premium,0
6162,28,55,362,12.764188981915826,2000.0,1,0,1,France,Female,Premium,0
6163,33,54,660,35.34841676216045,570.074158495022,4,1,1,Spain,Male,Regular,0
6164,35,24,843,29.185261201490427,579.4720566028006,1,1,1,France,Female,Premium,0
6165,47,25,409,21.19036571716962,698.7570341700407,1,1,1,Spain,Male,Regular,0
6166,65,48,493,29.2366310028733,476.9525331862166,1,1,1,Germany,Male,Regular,0
6167,72,62,818,24.21200610348594,445.87491382629713,1,1,0,France,Male,Regular,0
6168,27,44,758,140.58424208825303,466.7617506960982,2,1,0,Spain,Male,Regular,0
6169,35,72,600,196.23428569919142,278.06299476584076,1,1,1,France,Male,Regular,0
6170,55,38,795,91.59812417772724,215.0492657823047,1,0,1,Spain,Male,Regular,0
6171,80,64,448,232.37305362826356,50.0,3,1,0,Germany,Female,Regular,0
6172,36,68,760,15.443203706360938,325.8058444908976,2,1,1,France,Female,Premium,0
6173,53,55,438,92.55162902398565,397.90769969068236,4,1,1,France,Female,Premium,0
6174,76,15,591,26.096773164617105,663.304967016734,1,0,0,France,Male,Regular,1
6175,80,69,634,68.54790776621414,760.5191450788471,1,1,1,Germany,Male,Premium,0
6176,30,27,483,11.24429345283629,133.85065550539952,2,0,0,Germany,Male,Regular,0
6177,73,55,606,83.55398891092409,166.6072810890078,3,1,0,France,Male,Regular,1
6178,63,25,561,4.357719878479423,768.0753914031183,4,0,1,France,Male,Regular,0
6179,20,27,609,15.773750931290667,1408.209382374037,4,1,0,France,Male,Regular,0
6180,27,39,643,86.28527833132135,928.8259399079601,2,1,1,France,Female,Regular,0
6181,55,16,723,68.7497661816707,525.3128312279993,2,0,0,Germany,Female,Premium,1
6182,18,0,813,34.78219022580502,274.7162912486412,3,1,1,France,Male,Premium,1
6183,72,26,823,55.85807955161247,460.6380038158498,2,1,0,France,Male,Premium,0
6184,73,37,560,10.26358692146048,113.9478275504655,3,0,0,France,Male,Premium,0
6185,44,68,661,55.095429125954944,2317.8260073369406,3,1,1,France,Female,Premium,1
6186,63,63,468,0.4004073564245063,276.8624493440871,1,1,1,Germany,Female,Regular,0
6187,25,29,499,89.55274608844755,636.772230300997,4,0,1,Spain,Male,Premium,0
6188,68,2,684,36.313239014686786,164.94610952991206,4,1,1,Germany,Male,Regular,0
6189,63,61,611,144.01177167112684,918.9455743697916,1,0,0,Spain,Female,Regular,0
6190,59,11,611,32.52012144910447,807.729904187157,4,0,0,France,Female,Regular,0
6191,34,29,694,28.377496209370396,334.4416638811749,2,1,1,France,Female,Regular,0
6192,26,37,650,29.896651395377994,370.5965988083978,1,1,1,Germany,Male,Premium,0
6193,78,59,327,22.293158084211594,361.979456302767,3,0,0,France,Female,Premium,0
6194,23,36,432,9.116582872807545,341.75437000649634,3,0,0,Spain,Female,Regular,1
6195,60,14,679,92.27786653835615,1048.8250100976106,2,1,1,France,Female,Premium,0
6196,42,17,827,24.63990565731527,540.3311886452832,4,1,1,France,Female,Regular,0
6197,56,49,586,37.656370996833516,671.7815269899991,2,0,0,France,Male,Regular,1
6198,66,28,583,1.0043661305375196,814.5143570508837,1,0,1,Germany,Male,Regular,0
6199,77,59,526,3.107275877543126,742.2671827217397,2,1,1,Germany,Male,Regular,0
6200,45,20,726,45.46367420715387,252.0005603633332,2,1,0,France,Male,Regular,0
6201,50,16,326,105.69257458230861,1512.2121524835989,2,1,1,Spain,Female,Regular,0
6202,71,17,631,34.00126531029118,595.8971253998162,3,0,1,Germany,Male,Premium,0
6203,54,70,416,9.014655610274797,706.8086219275011,1,0,0,Germany,Male,Regular,1
6204,26,48,388,6.172112374623218,570.7251131710826,4,1,0,France,Female,Regular,1
6205,35,59,421,115.0233675461408,322.3665237310118,3,0,1,Germany,Female,Premium,0
6206,73,37,332,60.47236376595034,170.73828193517673,3,0,1,France,Male,Premium,0
6207,76,11,697,169.35814809059656,553.9337617342409,2,0,1,France,Female,Regular,0
6208,38,70,824,4.296886115097602,1068.4230269786399,3,1,0,France,Male,Regular,1
6209,19,8,323,116.45305294019477,1208.9739818495857,1,1,0,France,Male,Regular,1
6210,78,57,624,93.4208970658291,519.1407782491342,1,1,1,Germany,Female,Premium,0
6211,75,2,333,111.83293127069282,1798.8801953068146,4,1,1,Spain,Male,Regular,0
6212,60,62,546,0.28898132588670605,1090.5483748163058,1,1,1,Germany,Female,Regular,0
6213,76,20,318,67.72108287685803,259.0098427447759,3,0,1,France,Male,Regular,0
6214,77,22,329,39.807536486967585,347.61570370717897,4,1,1,France,Male,Regular,0
6215,55,8,348,42.5695786822627,391.31639052697756,3,1,1,Spain,Male,Regular,0
6216,75,54,479,31.66868603009233,241.6385643245155,3,0,1,Germany,Female,Regular,0
6217,57,18,669,67.87114271140399,457.23405800579786,1,1,1,Germany,Female,Premium,0
6218,53,61,694,250.0,130.25290284216834,1,1,1,Germany,Female,Regular,0
6219,67,38,795,61.986624627940465,943.2051284042906,4,0,1,France,Male,Regular,0
6220,77,30,730,56.6680158623513,865.080546446996,1,1,1,France,Male,Regular,1
6221,60,45,506,53.1291189513106,526.1481325446216,3,1,1,France,Female,Premium,0
6222,54,36,334,59.406887140169374,445.07739336229423,4,0,0,Germany,Male,Regular,1
6223,32,45,712,20.936064270650373,658.8475161017311,4,0,0,France,Male,Premium,1
6224,45,50,663,19.29928427438025,466.07545886977493,4,0,0,France,Female,Premium,1
6225,35,19,609,76.70214054785232,2000.0,1,1,1,Spain,Male,Premium,0
6226,51,39,578,2.7274566733052024,214.58037915897324,4,1,1,France,Female,Regular,0
6227,80,57,451,71.19934167770982,236.30883898629665,1,0,1,France,Female,Regular,0
6228,39,30,526,84.05786375582895,266.99448637183,2,1,1,Germany,Female,Premium,0
6229,28,37,542,36.86519056379694,321.4358878758787,4,0,1,Germany,Male,Regular,0
6230,75,55,309,120.47962342853056,2207.567601888062,3,1,0,Germany,Male,Regular,1
6231,74,40,691,32.0360329548233,379.2309366612129,3,1,1,France,Female,Regular,0
6232,30,8,347,9.806016256219916,209.46159849797672,4,0,0,France,Male,Regular,0
6233,21,8,503,22.42374413395333,756.6265598814185,1,1,1,France,Female,Premium,0
6234,39,64,456,118.15259888847065,147.94676456364647,2,1,0,Spain,Male,Regular,1
6235,24,21,325,250.0,309.4121049414697,2,1,1,France,Male,Regular,0
6236,78,15,720,27.396439497681957,133.66882051676996,1,1,1,Spain,Female,Premium,0
6237,60,31,563,9.126871740316274,217.01223690487376,4,0,0,France,Male,Premium,0
6238,71,65,828,16.866679990789553,50.0,2,1,1,Spain,Female,Regular,0
6239,41,13,769,40.29299314335199,884.7467306158667,1,0,0,France,Female,Premium,0
6240,21,32,553,42.442810832024634,1120.9806886372835,3,1,0,France,Male,Regular,1
6241,45,7,845,49.720642243304056,453.82058077252043,4,1,1,Spain,Male,Regular,0
6242,32,20,446,90.19768768262776,417.290342481634,2,1,1,France,Male,Regular,0
6243,18,55,625,62.10349374269673,396.0293887324592,4,1,1,Germany,Female,Regular,0
6244,72,40,637,15.112058955263507,692.6329253630562,4,0,0,Germany,Female,Regular,1
6245,20,42,417,25.129982560002436,723.9875439437229,4,1,1,Germany,Female,Regular,0
6246,31,45,464,91.57178845411215,1258.8668437825925,4,1,1,Spain,Male,Premium,0
6247,55,47,849,50.17183370573379,556.638340612719,2,1,1,France,Male,Regular,0
6248,67,69,497,9.10116295913897,348.83221280874375,2,1,1,Spain,Female,Regular,0
6249,74,30,673,19.69205675652829,1105.4537659576918,1,1,1,Spain,Male,Regular,0
6250,18,32,428,78.29280546797925,119.58513768602229,3,1,1,Germany,Male,Premium,0
6251,55,43,713,9.44279032848786,1674.8489661657266,2,1,1,Germany,Male,Premium,0
6252,55,70,679,58.72889700921121,476.3211177981523,3,0,1,Spain,Female,Regular,0
6253,38,7,300,41.452530495633646,697.1892128382844,3,0,0,France,Male,Regular,0
6254,65,72,466,7.9776317475550345,1344.9637775890815,2,1,0,France,Male,Premium,1
6255,46,12,315,58.3786565383723,1389.761456158636,3,1,1,France,Female,Regular,1
6256,22,16,411,7.677899396741747,1238.4882997400846,1,1,1,France,Female,Regular,0
6257,66,61,667,25.411082445135463,364.222824181575,1,1,0,Spain,Male,Regular,1
6258,27,50,401,18.448939519040643,494.7953789106061,1,1,1,France,Male,Regular,1
6259,45,36,705,58.560754373006716,413.25111399164166,3,0,0,France,Female,Regular,0
6260,38,41,806,76.24618927132003,588.6881080271413,4,1,1,France,Male,Regular,0
6261,67,56,339,9.215170886534821,698.807427272211,4,1,0,France,Female,Regular,1
6262,24,37,847,83.5647994850459,830.2613291130809,1,1,1,France,Female,Regular,0
6263,20,5,680,0.36201015618149374,377.1345106210612,2,1,0,Germany,Male,Regular,0
6264,62,67,815,37.757358042563595,176.19850017846574,3,1,0,France,Female,Regular,0
6265,64,47,796,36.36508199084133,114.35417306346193,1,1,0,France,Female,Premium,1
6266,37,34,580,48.88456650584795,1401.4043147286884,4,1,0,Germany,Male,Premium,0
6267,36,57,650,13.702144214071504,62.89370679621298,1,1,1,France,Female,Premium,0
6268,52,56,633,0.49528650386504575,505.0942789178085,1,0,0,Germany,Male,Premium,0
6269,21,72,823,30.32672813283595,624.3611882933798,1,0,1,France,Female,Premium,0
6270,22,5,582,3.704194613011332,451.57806556343326,4,1,1,Germany,Female,Regular,0
6271,18,12,618,111.3710456729488,2000.0,4,0,1,France,Male,Premium,0
6272,21,58,713,9.537831148799025,1563.2675881548246,2,0,0,France,Male,Premium,0
6273,29,29,313,27.68952405759315,113.94009475142707,4,1,1,Germany,Male,Regular,0
6274,77,1,355,28.458094512491723,603.9118175262729,1,1,1,Germany,Male,Premium,0
6275,44,57,702,40.24469644734019,367.85917641310743,4,1,1,Germany,Female,Regular,0
6276,73,35,641,76.28525847468181,308.84939457608476,2,1,1,Germany,Male,Premium,0
6277,59,71,498,31.946981136644354,108.56472184181959,3,0,1,France,Female,Regular,0
6278,40,44,591,1.304534417198591,461.7176165317703,2,1,1,Germany,Male,Premium,0
6279,42,8,740,73.72577682832477,748.870991703989,1,1,1,France,Male,Regular,0
6280,38,64,377,4.287335103457845,51.07905926139151,1,1,1,Spain,Male,Premium,0
6281,78,49,411,51.298764171711056,414.04680370772684,3,1,1,France,Female,Premium,0
6282,80,27,834,81.33670887033699,71.07992508823732,2,1,0,Spain,Male,Regular,1
6283,75,52,674,16.612370761702888,1612.2523402931204,1,0,0,Germany,Male,Premium,1
6284,69,53,415,29.810687009994695,941.5289378284588,2,1,1,France,Female,Regular,0
6285,41,46,441,0.7219796568318092,721.4930556761448,4,1,1,France,Female,Regular,0
6286,42,13,496,81.45020427980889,700.5357691263856,4,0,1,Spain,Male,Premium,0
6287,62,47,839,60.74513087243544,1098.0931858537197,1,0,1,France,Male,Regular,0
6288,72,54,598,13.15841001207349,405.0761320934521,3,1,1,France,Male,Regular,0
6289,63,28,375,24.733360337876174,337.2369074351059,4,0,1,France,Female,Regular,0
6290,49,46,829,59.4240875996346,1258.0542776876093,2,1,1,Germany,Female,Regular,0
6291,72,62,399,22.171054572866904,568.0844550741083,1,1,1,France,Male,Premium,0
6292,49,18,778,8.86161299660236,1068.881913686929,3,0,1,France,Female,Regular,0
6293,22,8,767,36.54302652111803,604.0774226470618,1,1,1,Germany,Female,Premium,0
6294,53,50,591,64.28944325254302,582.4407528455014,1,1,0,France,Female,Premium,1
6295,63,51,424,19.342682071856196,196.31833562004394,3,1,1,Germany,Female,Regular,0
6296,59,62,818,6.492467363734724,949.9710767993046,2,1,1,Germany,Female,Premium,1
6297,66,27,322,88.4639514684176,103.14124585119367,4,1,1,France,Male,Regular,0
6298,59,35,461,14.57124449961813,610.9412568738908,2,0,1,Spain,Female,Regular,0
6299,75,63,805,35.955562851829846,158.4507527828739,3,0,1,Germany,Female,Premium,0
6300,56,17,320,58.77625676553794,1188.6583189498308,3,1,1,France,Female,Premium,0
6301,33,34,763,19.06852642696718,2000.0,4,1,1,Germany,Male,Regular,0
6302,50,67,782,52.29670426106795,536.9393299187285,4,0,1,France,Male,Premium,0
6303,66,46,801,30.78241665166979,1611.9127096919042,3,1,0,Germany,Male,Regular,1
6304,38,7,608,42.249303163642395,880.7121508579529,3,0,0,France,Female,Regular,0
6305,78,17,502,44.65021190893974,221.14002544860955,4,1,0,France,Male,Regular,1
6306,26,6,715,86.90639131110494,328.76660189774736,4,0,1,Germany,Male,Regular,0
6307,23,16,441,53.40312704895591,482.0892877680229,2,1,0,France,Male,Regular,0
6308,68,63,406,15.347097421745183,567.0688844866912,3,1,1,Spain,Female,Regular,0
6309,62,19,828,3.0727289297448936,574.7574952659728,3,1,1,Spain,Male,Premium,1
6310,52,55,836,0.09937589404607884,694.7664641381251,2,1,1,France,Male,Premium,0
6311,56,42,590,117.38821622442353,2106.3765710619614,1,1,1,France,Female,Regular,1
6312,39,46,610,142.460575786511,133.61391483075195,4,0,1,Germany,Male,Regular,0
6313,58,15,684,4.941951766426861,452.73495261238236,4,0,0,Germany,Male,Premium,0
6314,71,68,352,33.37919791712878,1930.0234435237721,1,1,1,Germany,Female,Regular,0
6315,22,1,482,8.219870133892915,475.4439791338999,2,0,1,France,Male,Regular,0
6316,59,53,668,148.55109203571484,236.13473303425843,2,0,1,France,Female,Regular,0
6317,40,26,312,14.173382734787374,746.028747868498,2,1,1,Germany,Male,Regular,0
6318,34,30,459,34.82234047735627,318.60241875568636,2,1,1,France,Female,Regular,0
6319,29,40,583,9.05332873465118,1234.2111414585502,3,1,0,Spain,Male,Regular,0
6320,40,35,586,20.230355152719497,878.3075033910109,3,1,1,Germany,Male,Regular,0
6321,33,46,307,15.517271931160328,50.0,2,1,0,France,Male,Regular,0
6322,20,42,371,32.25844281332779,266.7846006088096,4,0,1,France,Male,Regular,0
6323,47,64,397,27.217565926835448,1154.6653972289935,1,1,1,Germany,Female,Premium,0
6324,74,49,386,20.08345071493256,416.0331382502662,1,0,1,Spain,Male,Regular,0
6325,80,12,400,5.595631008344567,619.7753134561423,4,0,0,France,Male,Premium,1
6326,39,71,580,33.12964001488943,1266.1620377477939,2,1,1,Spain,Female,Regular,0
6327,26,56,588,94.92538673211558,1249.115610534958,2,1,1,France,Male,Regular,0
6328,46,15,495,65.5080417409436,349.08377722516605,1,1,1,France,Male,Regular,0
6329,64,27,690,63.751047207723765,334.6833563487276,1,0,1,Germany,Male,Regular,0
6330,54,21,749,22.79255150980719,234.67443985820958,3,1,0,France,Male,Regular,0
6331,40,39,667,61.62188577131611,1423.0015824963016,1,0,1,Germany,Male,Regular,1
6332,30,18,729,31.324122451769824,1134.137599140625,1,1,1,Spain,Male,Premium,0
6333,49,49,395,8.142189750582478,88.37430938193411,1,1,0,France,Male,Regular,0
6334,63,61,560,27.154507699297252,1310.7555551436624,1,1,1,Spain,Male,Regular,1
6335,69,68,811,7.120744200062496,345.43987185667044,3,1,1,Germany,Male,Premium,0
6336,64,41,420,6.0791709622263355,1694.3743647956753,3,1,0,Spain,Female,Premium,1
6337,65,38,665,1.166466672343028,50.0,3,0,1,Germany,Male,Premium,0
6338,40,12,631,16.623812628393857,663.9213629430141,4,1,0,Spain,Female,Regular,1
6339,62,51,351,20.089203391029407,422.66909760961676,1,0,1,Spain,Female,Regular,0
6340,34,59,695,60.1060115597343,964.0966153132443,3,1,1,Spain,Male,Regular,0
6341,72,51,617,38.610037242375114,251.1440454589858,4,1,0,France,Male,Regular,0
6342,57,23,576,97.75501165930922,1075.800936500241,4,1,1,Germany,Female,Regular,0
6343,38,26,493,9.707803057748501,1369.5543166224202,2,1,0,Germany,Male,Regular,1
6344,19,9,320,15.459359326292004,894.7636080072541,3,1,1,Germany,Male,Regular,0
6345,54,16,698,141.57543436238169,98.82670105270351,1,1,1,Germany,Male,Premium,0
6346,23,1,501,29.353418447105316,308.01090489357154,1,0,1,France,Male,Regular,0
6347,61,26,765,77.80693054530236,1020.2319661288018,2,1,1,France,Male,Premium,0
6348,35,72,450,33.88019514489057,583.3032490993878,4,0,1,France,Female,Regular,0
6349,47,70,458,31.84643913893272,321.2547023342672,3,0,0,France,Male,Regular,0
6350,39,57,609,8.01526248829495,340.10515534735123,2,0,0,France,Male,Regular,1
6351,71,8,803,95.25747709968645,122.94489993376092,1,1,1,France,Female,Regular,0
6352,50,22,325,4.079773325320676,500.2290871736429,4,0,0,France,Male,Regular,0
6353,47,70,365,18.572107552466253,2000.0,4,1,1,Germany,Male,Regular,0
6354,34,72,562,55.96137727610083,364.40686750358617,3,1,1,Germany,Male,Regular,0
6355,79,26,771,35.38843284390211,732.1272906622106,3,1,1,France,Male,Premium,0
6356,60,70,466,106.59080342849956,499.2968212983665,3,1,1,Spain,Male,Premium,0
6357,49,42,453,2.004548130497562,227.1616402817692,2,1,1,Germany,Female,Premium,0
6358,59,6,642,52.406537712138714,1111.4935788494422,1,1,1,France,Male,Premium,0
6359,68,62,712,32.45321062012602,934.3922635486257,3,1,0,France,Male,Regular,0
6360,31,43,483,8.380228648973288,938.6455457976604,2,1,1,Germany,Female,Regular,0
6361,75,38,493,67.98299290491036,438.89037155852606,2,0,1,Spain,Male,Regular,0
6362,27,50,301,26.492510400321144,1432.1716313978973,3,0,0,Germany,Male,Regular,1
6363,64,8,514,37.91970074318307,1054.1161418482573,2,1,0,France,Male,Regular,1
6364,77,69,782,170.96715066227054,1230.0775593182336,1,0,1,Germany,Female,Regular,0
6365,68,28,331,33.29898710980849,729.0385305486504,3,1,0,Germany,Female,Premium,1
6366,53,58,314,86.6857176728396,194.2730671180498,2,0,0,Spain,Female,Regular,0
6367,51,12,617,73.39203999880294,310.7343874946309,2,1,1,France,Female,Regular,0
6368,26,61,542,54.3472199278574,537.4978289020155,3,0,0,Spain,Male,Regular,0
6369,59,7,316,113.56020504907498,343.0521821320995,2,1,1,Spain,Male,Regular,0
6370,45,52,833,14.49099425977508,522.6965913312729,1,1,0,Spain,Female,Premium,1
6371,28,22,380,85.95461263206737,2624.8227333375626,2,1,1,France,Female,Regular,1
6372,31,59,735,23.72367930348841,651.7612092605798,4,1,1,Germany,Male,Premium,0
6373,56,60,307,83.69639242592291,829.2706901047546,1,0,0,Spain,Female,Regular,1
6374,72,1,586,34.040053869906956,554.2923387283918,3,1,1,Spain,Male,Regular,0
6375,64,65,485,97.49414000987574,117.83950577976864,3,1,1,France,Male,Regular,0
6376,71,13,823,112.61529603689648,647.1511759965178,2,0,0,France,Male,Premium,0
6377,80,47,721,45.52088505708212,537.869787762681,4,0,1,Germany,Female,Regular,0
6378,36,55,765,35.42593159845367,423.8807362005895,1,1,1,France,Male,Regular,0
6379,71,11,382,76.45748712882836,190.5322944182435,2,1,1,Germany,Female,Regular,0
6380,32,54,782,15.529537743520278,618.4442218657596,1,1,1,Spain,Male,Regular,0
6381,79,27,624,0.7733845797671204,518.0479513591843,3,1,1,France,Female,Regular,0
6382,45,3,718,26.13601957244882,134.3986039957436,3,1,0,France,Male,Regular,0
6383,41,35,350,35.440879417823844,1122.2271839813282,4,1,1,Spain,Male,Regular,0
6384,25,49,326,17.638608444041296,462.12264113046433,3,1,1,Germany,Male,Premium,0
6385,60,2,844,24.173647267970125,102.63266026077429,4,0,0,France,Female,Premium,0
6386,78,0,361,7.139173522526014,641.9561498032493,3,0,1,France,Male,Regular,0
6387,26,16,470,16.237355504033403,323.29967729721017,1,1,0,Germany,Male,Regular,0
6388,64,70,585,13.728115567728988,153.2200528198871,1,0,1,France,Female,Regular,0
6389,50,61,416,17.904286490520015,238.8061160284483,2,1,1,France,Male,Premium,0
6390,79,47,303,17.766229271355222,822.0431744490902,2,1,1,Germany,Male,Regular,0
6391,50,61,365,40.93193425633246,283.20134595136864,2,1,1,France,Female,Regular,0
6392,36,67,359,14.423915481295591,374.39629668506313,2,1,1,Spain,Female,Premium,1
6393,20,14,801,141.47807484761015,894.9648211441753,2,1,0,Spain,Male,Premium,1
6394,27,46,528,35.79774863927844,1389.7170066190363,2,1,1,France,Female,Premium,1
6395,57,48,399,6.903713732951576,1211.7408139870859,4,1,1,France,Female,Regular,0
6396,64,46,418,16.39786849720212,571.3972513145325,4,1,1,France,Female,Regular,0
6397,59,49,368,65.42177803148861,403.3969463781146,3,1,1,Germany,Male,Regular,0
6398,18,25,520,0.6876590648113763,651.0920799187287,4,1,1,France,Female,Regular,0
6399,46,61,522,138.88447441037198,497.6500308448451,1,0,1,Spain,Male,Regular,1
6400,67,13,803,29.455299697025417,129.9782651063878,4,1,1,Spain,Male,Premium,0
6401,51,35,510,36.81098350132866,582.1239210056385,2,0,1,France,Male,Regular,1
6402,68,3,561,222.89027756648863,777.7827975182342,4,1,1,Germany,Male,Premium,0
6403,30,31,817,34.998831009149036,534.1386528259891,1,1,1,France,Female,Regular,0
6404,71,64,547,147.5800228107651,996.8325224086335,3,0,1,Spain,Female,Premium,0
6405,18,60,556,123.39133675215838,97.47984844490146,4,1,1,France,Female,Regular,0
6406,51,19,362,141.77900650056782,1267.3835362961177,1,1,1,Spain,Male,Premium,0
6407,46,9,691,83.66498179717354,885.1950156765816,4,1,0,Germany,Male,Regular,0
6408,65,44,839,17.577127188848753,1824.6027600154684,3,1,0,Germany,Female,Regular,1
6409,64,60,716,21.26164681011975,985.4350660918151,4,1,1,Germany,Male,Premium,0
6410,30,26,352,22.705259546243774,646.9498782243975,1,1,1,Germany,Female,Premium,0
6411,65,39,337,193.59407719016247,715.242231870743,3,1,0,Germany,Female,Regular,0
6412,66,64,607,22.3734137447144,843.6116968361845,3,1,0,France,Female,Regular,0
6413,70,32,352,5.75311066617071,382.03593340995764,3,0,0,France,Female,Regular,0
6414,78,67,751,75.32802514962754,212.1075050836355,3,1,1,Germany,Female,Regular,0
6415,46,70,760,22.790307926096524,263.2552703355274,2,1,1,Germany,Male,Regular,0
6416,56,8,785,48.502499492326336,397.32702373190705,2,1,1,France,Male,Premium,0
6417,41,15,436,129.08877427750156,490.9041429665356,4,1,1,Germany,Female,Regular,0
6418,43,4,671,42.842820530167664,1348.903539210722,4,1,0,France,Female,Premium,0
6419,34,22,555,50.764158668729834,483.74906014380775,3,1,1,Germany,Male,Regular,0
6420,24,47,694,51.4817298899382,257.1866960054112,1,0,0,France,Male,Premium,1
6421,30,56,336,47.38896491207538,405.30436680748073,1,0,1,Germany,Female,Premium,0
6422,22,57,446,8.703943710449497,717.0561835882569,2,1,1,Spain,Male,Regular,1
6423,43,12,307,30.478497694649988,865.1750781614445,1,0,1,France,Female,Regular,0
6424,66,23,550,0.38467697501817666,181.93413758273726,3,1,1,Germany,Male,Regular,0
6425,20,10,746,49.21038823139146,189.02895312737104,4,0,0,France,Male,Premium,0
6426,24,51,562,42.82547563711792,1089.179307063476,4,1,1,France,Female,Regular,0
6427,75,16,738,19.146342130761692,324.78630479531336,3,1,1,Germany,Female,Premium,0
6428,66,36,558,37.10589588445604,426.68254335243074,1,1,1,Germany,Female,Premium,0
6429,56,12,622,33.9679125073168,654.4232214505142,2,1,0,France,Male,Premium,0
6430,70,60,829,14.445155276617813,715.4098622179894,2,1,0,France,Male,Regular,1
6431,18,7,600,17.35657058239941,280.0580833819544,4,1,1,Germany,Male,Regular,0
6432,66,55,784,71.88801438958748,657.6495760986463,1,1,1,France,Female,Regular,0
6433,79,72,391,70.47453012387102,727.7078092063126,2,0,0,France,Female,Premium,1
6434,34,49,463,31.723365980266806,1561.1573387425522,1,0,1,France,Female,Regular,1
6435,60,59,634,63.20542094329241,558.9594480475824,1,0,1,Germany,Male,Premium,0
6436,42,40,614,29.964746808715788,547.1372701579013,2,0,1,Spain,Male,Premium,0
6437,76,18,537,95.31612152211399,1372.1032862255322,4,1,1,France,Female,Regular,1
6438,78,41,382,20.233772164421644,312.2818419720103,1,1,0,Germany,Male,Regular,0
6439,20,28,408,131.06553669754874,241.45024896151892,2,0,1,Spain,Male,Premium,0
6440,32,64,477,39.07528055527624,744.178502659562,3,1,0,France,Female,Regular,0
6441,46,16,549,38.35991198678907,319.9243002162761,3,1,1,France,Female,Regular,0
6442,70,39,390,55.55606774010167,240.36436655707212,4,1,1,Spain,Female,Regular,1
6443,60,25,638,20.84066359294652,485.6700653491987,2,1,1,France,Male,Regular,0
6444,49,52,468,64.42746121285312,939.7531934133513,1,0,1,France,Female,Regular,0
6445,43,17,438,19.314391361641782,1699.7383868039733,3,0,0,France,Female,Regular,1
6446,77,52,816,25.336603187928365,895.4516646313116,1,1,1,France,Female,Regular,0
6447,33,16,483,56.150900527710235,526.384566531434,3,1,1,Spain,Male,Regular,0
6448,42,45,469,23.776873742315242,602.1873984493059,2,1,1,Spain,Female,Regular,0
6449,71,52,661,11.155560259871345,681.8381797024774,1,1,1,Germany,Male,Regular,0
6450,45,63,543,102.74777289656139,916.0868203653699,4,1,1,France,Male,Premium,0
6451,26,44,437,127.65202502730179,417.75279070686713,2,1,1,France,Male,Regular,0
6452,73,48,327,49.272803653726626,267.7703027829728,1,1,1,France,Male,Regular,0
6453,73,22,818,83.34031567424634,462.70263496315215,3,1,0,France,Female,Regular,1
6454,18,70,697,215.82076486579757,240.04113397143885,2,1,1,Spain,Male,Regular,0
6455,46,64,632,47.696352778355326,356.7321507758616,4,0,1,France,Male,Regular,0
6456,74,36,616,119.73098595184575,1401.3320546168534,3,0,0,Spain,Female,Regular,0
6457,39,69,725,22.256166325832822,209.74467530212968,1,1,1,France,Male,Regular,0
6458,33,25,435,60.27744159479123,203.95254843801095,1,0,1,Germany,Female,Premium,0
6459,58,1,566,2.871153011442331,160.1745421557316,2,1,1,Spain,Male,Regular,0
6460,68,71,406,77.78811735284657,181.86344182021497,4,1,0,Germany,Male,Premium,1
6461,61,4,437,88.53997698427591,760.9877852566206,3,1,1,France,Female,Regular,0
6462,68,36,346,25.639330301274686,235.08152820121794,2,1,1,France,Female,Premium,0
6463,71,30,667,50.93763593271588,166.67781504810506,4,1,1,France,Female,Regular,0
6464,58,47,305,97.72372174134442,739.1115019290236,3,1,1,Spain,Male,Premium,0
6465,24,10,822,107.53964439875905,282.2299783797974,4,0,0,France,Female,Regular,1
6466,31,14,828,5.632211341837352,1448.4924627787366,4,1,1,France,Male,Regular,0
6467,46,28,571,87.86435052208303,1051.3485141179256,3,1,0,Germany,Male,Premium,1
6468,36,60,365,16.027025791920128,631.3806406100596,1,1,1,Spain,Male,Regular,0
6469,36,15,719,64.97041392755023,78.59027414099074,1,0,1,Germany,Female,Regular,0
6470,19,15,638,19.66429040222595,1005.6316566479434,4,1,0,France,Female,Regular,1
6471,58,43,797,2.8989200596806164,97.26985075563012,4,1,0,France,Male,Regular,0
6472,62,41,768,11.7779344247664,324.82808071510084,2,1,1,Spain,Female,Regular,0
6473,32,45,630,26.269202244319857,553.3158280712722,1,1,1,France,Male,Regular,0
6474,20,45,430,67.59051550163174,177.40040520638644,1,0,0,Germany,Female,Regular,1
6475,28,63,829,5.3071314777010095,344.7478559633694,4,0,1,France,Male,Regular,0
6476,70,28,737,83.8147225450015,936.1391544990868,2,1,1,France,Female,Regular,0
6477,63,2,542,250.0,523.100358149342,2,1,1,France,Male,Regular,0
6478,47,8,762,77.61925206991782,459.2315708826789,2,0,0,France,Male,Regular,0
6479,74,24,649,32.09766395832948,600.2827031180965,3,1,0,Germany,Female,Premium,0
6480,57,41,316,41.985030898135776,514.490697054247,3,1,1,Germany,Male,Regular,0
6481,35,40,765,0.30897812650363865,1442.8207377270394,3,0,0,France,Female,Regular,1
6482,68,68,662,11.740178156588541,1409.3259036130175,2,0,1,Germany,Male,Regular,1
6483,65,62,509,114.62586293740458,237.49092747331133,1,1,1,France,Female,Premium,1
6484,19,20,824,1.0984481448758152,614.5312118519745,3,1,1,France,Male,Regular,0
6485,49,21,719,117.58611614010495,131.80566596380473,4,0,1,Spain,Female,Premium,0
6486,25,28,432,6.00975632771169,359.76097774052505,4,1,1,Germany,Female,Regular,0
6487,39,62,313,7.14009037698478,484.69914257971175,4,0,1,Germany,Male,Premium,0
6488,23,72,343,9.639805849495332,1881.3264102538355,1,0,0,France,Female,Regular,0
6489,29,60,676,80.31846251866529,541.0680832021047,3,1,1,Germany,Male,Premium,0
6490,64,63,594,32.52225895091187,91.42236862379345,1,1,1,France,Male,Premium,0
6491,74,68,695,7.844190668567827,483.7318132248862,3,1,1,Germany,Male,Regular,0
6492,57,39,403,58.04595623985986,772.5613661186769,4,1,1,France,Male,Premium,0
6493,53,0,744,141.24749044217316,1033.4526974950318,4,0,1,Germany,Female,Regular,0
6494,32,64,361,42.48437432574628,287.48243421025376,1,1,1,France,Female,Regular,0
6495,45,56,711,5.19585598833795,1373.6170365444607,3,1,0,France,Female,Regular,1
6496,69,53,620,2.8153238749680796,266.4434323416043,4,1,1,Germany,Male,Regular,0
6497,74,59,430,79.45048969574114,1605.885622403321,3,1,1,France,Male,Regular,0
6498,66,45,498,49.1861588017854,252.75278206491726,3,0,1,Germany,Female,Regular,0
6499,62,4,335,127.97547942446134,105.14510404652432,2,1,1,Spain,Female,Premium,0
6500,35,21,515,39.62077579210278,218.5278108797885,3,1,1,Spain,Female,Regular,0
6501,19,52,605,3.221347874347514,250.47901468785335,1,0,0,Spain,Female,Regular,0
6502,30,69,311,25.849466521795577,534.8794390363516,4,1,1,France,Male,Regular,0
6503,62,31,382,53.64586579746392,836.7207491788911,1,0,1,Spain,Female,Regular,0
6504,71,10,331,24.297330365483834,695.8641991979244,3,1,0,France,Male,Regular,0
6505,32,8,707,250.0,706.7150224513404,1,1,0,France,Female,Premium,1
6506,37,38,385,25.991520073979903,205.97307972488522,4,1,1,France,Male,Regular,0
6507,46,30,710,39.508915927414435,684.9232298787043,3,0,1,France,Male,Regular,0
6508,76,11,555,12.769911308000584,623.3518777209824,1,1,1,France,Female,Regular,0
6509,59,37,540,8.251881662192181,1173.9233745543413,3,1,1,France,Female,Regular,0
6510,46,66,751,51.824926605334284,479.02438921475846,3,0,1,France,Male,Premium,0
6511,20,65,300,44.41101432408561,318.3902935805145,1,1,1,France,Male,Regular,0
6512,36,51,581,0.2174148782154718,755.4448129224833,3,0,1,Spain,Male,Regular,0
6513,20,4,813,16.758361861014922,326.9353604968022,1,1,0,Germany,Female,Regular,0
6514,71,10,418,51.58221351246664,328.6962006354631,4,0,0,Germany,Female,Regular,0
6515,31,24,804,83.63202517817018,62.66956858106998,3,0,1,France,Male,Regular,0
6516,57,42,379,18.72512087826493,1739.9311142323297,1,0,1,France,Male,Regular,1
6517,76,34,518,52.12620801822645,209.54069749158512,4,0,1,Germany,Female,Premium,0
6518,72,21,816,15.411788336666,464.307744790115,2,1,1,France,Female,Premium,0
6519,79,36,765,58.62045997735079,102.49421383374872,3,0,1,Spain,Female,Regular,0
6520,21,54,817,59.857804328542194,290.801742222761,4,1,1,France,Female,Regular,0
6521,76,71,801,6.9759478622982485,324.0598185930107,3,0,1,France,Male,Regular,0
6522,77,63,357,54.69463974751636,906.9834295826151,3,1,1,France,Male,Premium,0
6523,69,19,636,20.29079710818949,2000.0,2,0,0,Germany,Male,Regular,0
6524,28,3,809,9.473044963486469,716.8421314623523,4,1,0,France,Female,Regular,0
6525,75,17,725,34.69349536057471,1388.9139190454616,3,0,1,France,Male,Premium,0
6526,48,50,669,30.101076631739186,388.3163776212859,4,1,1,France,Male,Premium,0
6527,60,67,710,74.33332498601513,968.3765468491433,2,1,1,Spain,Male,Regular,0
6528,49,19,731,4.415092782842679,1143.1640523412616,4,1,1,Germany,Male,Regular,0
6529,44,8,495,77.97367638034031,105.35463510482981,2,1,1,Germany,Male,Regular,0
6530,47,25,676,5.607081784583385,421.4498177590178,4,1,1,Germany,Female,Regular,0
6531,60,24,664,11.625553749114946,471.3515185139205,2,0,1,Germany,Female,Regular,0
6532,19,67,704,36.271342237531826,510.5479772971943,4,0,0,Spain,Male,Premium,0
6533,79,40,791,31.104118852460516,705.6780651744449,1,1,0,Germany,Male,Regular,0
6534,66,58,365,224.85605070361697,516.1838040622623,1,0,1,Germany,Male,Regular,0
6535,26,44,690,44.515765811918875,651.4773935455057,3,1,1,Spain,Male,Regular,0
6536,45,40,382,19.832870147107233,1218.3875028738137,2,1,1,France,Female,Premium,0
6537,48,37,780,115.2037443813517,799.0706138281932,3,1,0,France,Female,Regular,0
6538,77,21,528,18.713946352566534,307.71868341173985,1,1,0,France,Male,Regular,1
6539,51,10,524,15.994813473037391,562.0284657410924,3,1,0,France,Male,Premium,1
6540,78,20,412,34.09768264465109,142.69589197318138,4,1,1,France,Female,Premium,0
6541,73,14,484,122.1929099020495,959.1377673257084,2,1,1,Germany,Female,Premium,0
6542,32,2,811,61.6382088752593,799.2566619578736,2,1,1,France,Female,Regular,0
6543,65,36,472,56.5800049519033,456.54156942373817,4,1,1,Spain,Female,Premium,0
6544,42,45,822,64.74546007765302,549.3398329434494,2,1,0,France,Female,Regular,0
6545,53,27,504,53.88765962510017,255.60349293314428,2,0,0,France,Male,Regular,1
6546,25,13,837,71.3134107015194,600.4925161457875,3,1,1,Germany,Male,Regular,0
6547,26,8,618,10.706838082774453,851.8339793116323,2,1,0,France,Female,Premium,0
6548,75,12,458,9.755648161904853,809.3316447918411,1,0,1,Germany,Female,Premium,1
6549,75,26,577,22.483652658434778,342.3753966749045,4,1,0,Spain,Male,Premium,1
6550,54,5,447,95.17695342483093,844.6150051405882,2,0,1,France,Female,Regular,0
6551,65,14,382,62.667644835364364,898.7219196681632,1,0,1,France,Male,Regular,0
6552,62,51,718,41.79009958932824,737.9253396038496,4,1,1,Germany,Female,Regular,0
6553,79,71,837,0.9819513453567708,1376.3991392375697,3,1,0,Spain,Male,Regular,0
6554,56,33,848,13.446436631814132,850.4943855931856,3,1,1,France,Male,Premium,0
6555,49,0,691,81.35819023213097,282.6932073696264,3,1,1,Spain,Female,Regular,0
6556,75,68,432,13.885708743369443,613.1239109906946,3,1,1,Germany,Male,Regular,0
6557,69,21,541,65.52043512055731,1473.2879879350062,1,0,1,France,Male,Regular,1
6558,34,6,750,10.205925585714336,362.06783155049,1,0,1,France,Male,Regular,0
6559,52,6,499,46.616884696333145,808.6045056000859,2,1,0,France,Male,Regular,0
6560,54,44,416,49.471488812262145,406.0458337283127,2,1,0,France,Female,Regular,1
6561,36,-2,518,69.70951776708351,649.9777345235324,3,1,0,Germany,Female,Premium,1
6562,61,46,604,28.84314345109732,930.0736091430717,4,1,0,Germany,Female,Regular,0
6563,46,13,542,50.0753722507662,888.1582067045964,4,0,1,France,Male,Regular,0
6564,76,41,591,33.37102720809684,1467.0409815593785,3,1,0,France,Female,Premium,1
6565,24,49,600,147.1931004107071,276.2048072023987,1,0,1,France,Female,Regular,0
6566,45,60,687,36.89475262754993,123.45021594864313,1,1,1,Spain,Male,Regular,0
6567,26,40,508,11.760672716177908,1016.812358205595,3,1,1,Germany,Female,Premium,0
6568,80,27,613,55.11483576276576,2382.7566885311976,3,1,0,France,Female,Regular,1
6569,45,4,325,39.75537729855464,158.99088510632137,1,0,1,Germany,Female,Regular,0
6570,23,6,378,81.43855428818935,773.8275246076277,1,1,1,France,Male,Premium,1
6571,46,63,427,9.734583462080122,50.0,1,1,1,France,Male,Regular,0
6572,75,37,712,15.118781646071616,875.8646621912532,3,1,1,France,Female,Regular,1
6573,34,17,436,127.3151344195413,1336.0642481516688,1,1,1,France,Female,Premium,1
6574,33,35,633,132.98165764537723,196.86784489676404,4,1,0,Spain,Female,Regular,0
6575,40,18,847,29.1928288738769,502.09576799304904,1,1,0,France,Male,Premium,0
6576,48,63,687,2.4464457509618676,293.65587407956724,2,1,1,Spain,Female,Regular,0
6577,20,21,529,18.304172459739434,329.1347276821207,1,1,1,Germany,Male,Regular,0
6578,38,38,720,14.19264760637711,437.4256516640223,2,1,0,Spain,Male,Regular,1
6579,43,55,423,26.77955972545341,597.7050040853509,4,1,1,France,Male,Regular,0
6580,53,16,387,19.12166580892886,348.1709575497143,2,1,1,Spain,Female,Premium,0
6581,59,55,440,88.30234753445417,628.349331625045,3,1,1,France,Female,Premium,0
6582,54,16,350,0.15203185904454136,798.0250634698633,3,1,0,France,Male,Premium,0
6583,70,17,704,51.73004972456696,533.0496364071856,3,1,0,Germany,Female,Regular,0
6584,39,44,636,54.57243420652501,681.8025166519295,4,1,1,Germany,Male,Regular,0
6585,79,55,665,54.032711502018984,916.8095538479573,3,0,1,Germany,Female,Regular,0
6586,59,49,557,36.76044304559686,1278.28367581061,1,1,0,Germany,Male,Regular,0
6587,29,65,687,47.22217556434818,995.0424033853923,4,0,1,Spain,Male,Premium,1
6588,59,17,344,83.16681183181325,167.97953596994213,4,1,1,Germany,Male,Premium,0
6589,78,6,568,76.66941494841113,672.5332147338618,1,0,0,Germany,Male,Regular,0
6590,30,9,610,1.761952139970641,233.21528585843,1,0,1,France,Female,Regular,0
6591,28,68,577,1.5454672812133785,460.4312708748947,2,1,1,Spain,Female,Regular,0
6592,71,2,774,91.30040974547674,57.02144824960945,3,0,1,Germany,Male,Regular,0
6593,33,43,444,42.75151414494023,446.11345562487236,1,0,1,Spain,Female,Premium,0
6594,25,72,534,157.8271452326383,168.0028958141592,4,1,0,Germany,Female,Regular,1
6595,57,13,435,28.24575495592137,262.44009606234295,4,1,1,Germany,Male,Regular,0
6596,76,11,744,9.724271162102715,1389.6521232316406,1,1,0,Spain,Male,Regular,1
6597,74,17,652,32.05002919376056,443.1981183120526,3,0,1,Germany,Female,Premium,0
6598,57,51,693,28.683328925832267,76.18100780435238,2,1,1,Germany,Female,Regular,0
6599,62,36,574,36.405297106861504,821.3252942729453,2,1,0,Germany,Female,Premium,1
6600,76,19,683,82.49925605769396,304.29902655522096,3,0,0,Germany,Female,Premium,0
6601,19,43,622,53.29525074375473,480.22371600117606,3,0,1,Germany,Female,Premium,0
6602,47,50,482,10.245252392345613,1143.5976093955971,4,1,1,Spain,Male,Regular,0
6603,47,18,739,66.30273892614753,540.4785684478185,1,1,1,Spain,Female,Regular,0
6604,29,67,362,44.81168788536763,663.2161037520481,2,1,1,France,Female,Premium,0
6605,27,65,333,43.17432822286457,275.2933257315388,3,1,1,France,Female,Regular,0
6606,61,12,776,56.70009116830141,505.846412511376,4,0,1,France,Male,Premium,0
6607,28,61,386,41.501690775313214,770.2173546112352,2,1,1,France,Male,Regular,0
6608,32,71,509,30.579625716348595,821.8433899236584,4,1,0,France,Female,Regular,1
6609,33,29,761,51.135407350189055,87.59210926309818,4,0,1,Germany,Female,Regular,0
6610,34,29,380,64.31830117216151,158.6032437235007,2,0,1,France,Male,Regular,0
6611,43,50,621,12.794117163145952,510.7646512545171,4,1,0,Germany,Male,Regular,0
6612,19,47,714,34.36321535593536,901.9511127660768,1,1,1,Spain,Male,Premium,0
6613,67,34,489,30.64037630421592,463.05666136925413,4,0,1,France,Male,Premium,1
6614,29,18,532,2.036061990813638,802.5672699227889,1,1,1,Germany,Female,Premium,0
6615,68,70,691,89.920674839635,679.1087829798671,3,0,1,Spain,Male,Regular,0
6616,43,56,468,23.691107441112358,808.2326317850268,2,0,1,Germany,Male,Regular,0
6617,40,29,742,3.7733265165630954,139.35834916009492,4,0,0,France,Male,Regular,1
6618,35,40,467,30.615156355699373,1470.9805328690725,1,1,1,France,Female,Regular,0
6619,79,41,530,8.805890360676866,349.617609768454,4,0,1,France,Male,Premium,0
6620,49,58,449,60.939842754222816,352.3258827449504,4,1,0,France,Male,Regular,1
6621,66,3,849,42.40492614448751,368.60769771300517,1,1,1,France,Male,Regular,0
6622,79,3,685,15.743332848156896,502.7565554047576,4,1,1,Germany,Male,Regular,0
6623,55,4,680,150.2627325421013,210.13149685432631,2,0,1,France,Female,Premium,0
6624,74,40,574,17.247578617589454,172.60714840740607,2,1,1,France,Female,Premium,0
6625,64,60,361,40.48370231131955,324.65389947083463,2,1,0,France,Male,Regular,0
6626,20,54,766,80.8653960664045,115.98123564741354,2,1,1,Germany,Male,Regular,0
6627,55,12,827,36.066253524308955,144.82728944447595,1,0,1,France,Male,Premium,0
6628,20,13,449,162.0249921079149,424.1969366517922,4,1,1,Spain,Male,Regular,0
6629,47,59,441,92.84837215339914,439.4552576727192,1,1,0,Germany,Female,Regular,0
6630,78,71,415,126.92740695198476,374.31614441222774,4,0,1,Germany,Male,Premium,0
6631,18,24,364,23.316725136882866,214.1984642931472,3,1,1,France,Male,Regular,0
6632,47,43,728,39.74298650846501,292.03490625545396,4,0,0,France,Female,Premium,0
6633,62,9,609,91.68106755387625,345.69443322412315,4,1,1,Germany,Male,Regular,0
6634,49,72,729,116.91063130530644,423.1600871215734,2,1,0,Spain,Male,Regular,1
6635,45,49,460,144.44586098416667,166.97325690421755,4,1,1,Germany,Male,Regular,0
6636,38,40,605,105.66108329009911,1576.1522891908007,3,1,1,Germany,Female,Premium,1
6637,75,13,660,65.60665884735546,103.2702461759884,1,1,1,France,Male,Regular,0
6638,63,14,577,1.2256402213528246,183.00058181912837,2,1,1,France,Male,Regular,0
6639,30,15,595,18.91342430293776,162.6298909102818,3,0,0,Spain,Male,Regular,0
6640,44,6,850,6.902007656639583,817.6255476877548,3,1,0,France,Female,Regular,1
6641,53,29,468,8.406650676800405,913.5464343425247,3,0,1,France,Female,Premium,0
6642,24,29,758,17.188442732320176,537.975839453878,1,1,1,France,Male,Regular,0
6643,39,30,306,3.8840497001823135,144.9998629379223,1,0,1,Spain,Female,Regular,0
6644,27,19,431,13.921702531704566,118.55718195607666,3,1,1,France,Male,Regular,0
6645,56,48,646,157.303155542894,531.7464179707239,1,1,1,Germany,Male,Regular,0
6646,70,34,552,18.694221827263004,207.84355478938298,4,1,0,France,Male,Regular,0
6647,32,31,709,8.700593102366607,249.80862110899133,4,1,0,Spain,Male,Regular,1
6648,32,60,842,63.3456622283958,486.6394336263994,1,0,1,France,Male,Premium,0
6649,21,54,654,88.1601021143109,251.58461774866765,3,0,1,Spain,Female,Regular,0
6650,49,66,667,18.846641355865444,1282.2953312605603,3,1,0,France,Female,Premium,1
6651,40,7,810,16.320958661652664,975.8305874296573,2,1,1,Germany,Male,Regular,0
6652,72,39,832,13.837736226023317,1111.586636889962,3,1,1,Germany,Male,Premium,0
6653,23,58,827,24.98284789680736,681.2740386580099,2,1,1,Spain,Male,Regular,0
6654,41,26,827,4.5636636356135805,582.7129757428336,2,0,0,France,Male,Premium,1
6655,37,6,701,55.30136961962062,542.4819968484381,3,0,1,Germany,Male,Premium,0
6656,75,1,474,86.36220139622012,828.1184730558053,1,1,1,France,Female,Premium,0
6657,54,5,377,54.484948489948806,1587.9460995399347,2,1,1,Germany,Female,Regular,0
6658,37,35,739,27.33988742246463,1361.5087566233196,2,1,1,France,Female,Regular,0
6659,29,31,848,17.05148763099111,325.5777845267891,2,0,1,Germany,Male,Premium,0
6660,50,44,531,26.334723908599017,384.40357095662665,1,1,1,Germany,Male,Premium,0
6661,45,41,699,27.568275689424542,735.535171401484,1,1,0,France,Male,Regular,0
6662,25,52,512,54.83383243230373,2000.0,2,1,0,France,Male,Premium,0
6663,18,14,492,131.5963892218909,257.02634583554135,1,1,0,France,Male,Regular,1
6664,54,55,566,3.6600762791484076,558.821746781896,2,1,1,France,Female,Premium,1
6665,80,1,425,153.25796862622627,264.1494625995128,2,1,1,France,Female,Regular,0
6666,39,66,681,120.50922986699975,1139.5105600282775,4,0,0,Germany,Female,Regular,0
6667,23,10,843,6.262987733802109,241.02497978715317,1,1,1,Spain,Male,Regular,0
6668,78,60,801,10.141625647212232,201.7053131652811,4,1,1,Germany,Male,Regular,1
6669,38,34,702,18.668941256712877,315.4004405774674,4,1,1,France,Female,Regular,0
6670,49,14,560,41.01109210783094,296.145152556805,3,1,1,Germany,Female,Regular,0
6671,52,30,686,7.221020082877591,844.6740090810719,2,1,1,Germany,Female,Regular,0
6672,32,61,711,11.17811652899329,56.45137994235053,2,1,1,France,Male,Regular,0
6673,22,41,645,116.48512028384832,1251.4032329102938,2,0,0,Spain,Female,Premium,1
6674,77,24,393,5.787415835947509,997.3432802313263,2,0,1,France,Female,Premium,0
6675,73,24,627,25.447890555674835,217.28606183664908,4,1,1,Spain,Male,Regular,0
6676,63,-5,399,71.98513192723965,177.70032376958613,4,1,0,France,Male,Regular,1
6677,67,58,760,109.72382045144936,410.7235501778376,4,1,1,Germany,Male,Premium,0
6678,65,68,614,20.47686159282158,118.66847864058231,4,1,1,Spain,Male,Regular,0
6679,23,41,324,8.982506732536164,765.2664075089374,2,1,0,Germany,Male,Regular,0
6680,42,33,793,66.78227894744292,50.0,1,0,1,Spain,Male,Regular,0
6681,73,65,652,74.04294785514502,415.3783818579762,1,1,1,France,Male,Regular,0
6682,63,17,416,195.68483040737195,365.6141077726432,2,1,0,France,Female,Regular,0
6683,76,4,498,7.514515035276983,473.3899630716007,1,1,1,Germany,Male,Premium,0
6684,73,19,578,61.79396954778753,1297.9420953002411,3,0,0,France,Female,Regular,0
6685,57,65,378,27.003499927809283,322.59575751842004,3,0,1,Germany,Female,Regular,0
6686,80,72,723,123.03769699030428,1246.4482577967924,1,1,0,Germany,Male,Regular,1
6687,46,31,653,26.198150826889986,338.3749642937245,1,1,1,Spain,Male,Premium,0
6688,24,57,825,29.52595352687377,439.4705073121138,4,1,1,Germany,Female,Regular,0
6689,57,49,840,6.779337925656426,612.1963469160257,2,0,1,France,Female,Regular,0
6690,30,37,776,19.352052787177325,569.5894817528131,2,1,1,France,Female,Regular,0
6691,55,54,309,25.61136948840941,106.43559812561,3,1,0,Germany,Female,Regular,0
6692,35,27,802,0.8831922793331504,2000.0,1,1,1,Germany,Female,Regular,0
6693,19,21,559,28.774827100523957,1312.8773218310314,1,0,1,France,Female,Regular,0
6694,25,42,823,20.49764952525381,153.10230666943775,3,1,1,Germany,Female,Premium,0
6695,28,35,305,81.44116396889996,301.48029410455626,3,1,1,France,Male,Regular,0
6696,50,51,334,5.664740646998317,731.4600236277432,4,0,1,France,Female,Regular,0
6697,71,35,474,71.39982191556803,1310.4272834567612,4,1,0,Germany,Male,Regular,0
6698,78,27,741,62.59019150421389,388.92872094142723,1,1,1,Germany,Female,Regular,0
6699,55,57,446,13.839238402556184,346.3736642038423,3,1,1,France,Male,Regular,0
6700,65,35,492,4.347205417617879,472.5589615774969,1,1,0,France,Female,Regular,0
6701,44,69,312,92.20533301923429,192.81618204085302,3,0,1,France,Male,Regular,0
6702,37,8,829,14.346120902773826,531.1928214956503,3,1,0,Spain,Female,Regular,0
6703,29,20,545,7.86545677463682,457.7943942838306,3,1,1,Germany,Male,Regular,0
6704,60,63,413,22.239146248021846,126.66473069087442,2,1,1,France,Male,Regular,0
6705,78,60,532,25.614904003148382,673.0240008397844,2,1,0,France,Female,Regular,0
6706,48,39,621,19.732785519422897,969.4991140089844,2,0,1,Germany,Male,Regular,0
6707,44,55,837,187.49757287680134,569.0298066995998,4,1,0,Germany,Female,Regular,0
6708,49,3,425,106.35629697617976,284.8078672047064,4,1,1,France,Female,Premium,0
6709,78,30,612,103.16876349336499,229.20079688747376,3,0,0,France,Male,Premium,0
6710,27,26,810,25.438685728677473,1122.3147608876247,2,0,1,Spain,Female,Regular,0
6711,20,57,783,164.66601540666673,1247.172252537821,3,1,0,France,Male,Premium,0
6712,62,36,580,57.60307362766087,1069.2662036749227,2,1,0,Spain,Male,Regular,1
6713,44,72,582,89.18797830920175,523.444186722629,4,0,0,France,Female,Regular,1
6714,52,69,691,34.744948207298236,232.4646303061491,4,1,1,Germany,Male,Premium,0
6715,48,4,822,8.754426507628327,196.4476864481009,1,1,0,France,Male,Regular,0
6716,32,7,681,108.96773715084814,664.5166769734587,3,1,1,France,Male,Regular,0
6717,33,8,515,33.31812953011092,576.6799900497506,4,0,1,France,Female,Regular,0
6718,78,14,841,172.97561998792207,553.8406667742516,2,0,1,Germany,Female,Regular,0
6719,30,6,415,14.709225806363705,114.54908869475376,4,0,1,France,Male,Regular,0
6720,66,71,808,243.8423279967557,1569.1103940389005,2,1,1,France,Male,Regular,0
6721,52,19,799,12.57873837794992,1854.467165031443,3,1,0,Germany,Female,Regular,1
6722,69,36,570,22.956488864195055,400.13409174724603,3,1,1,Spain,Female,Regular,0
6723,28,38,739,45.07214085339839,685.2262525188219,3,1,1,Spain,Female,Regular,0
6724,76,5,590,59.098019775455356,91.96352708021554,4,1,1,Spain,Female,Regular,0
6725,38,66,338,63.698696519109745,170.2918812040074,4,1,0,France,Male,Regular,1
6726,68,18,323,32.33727035705677,50.0,3,0,1,France,Male,Regular,0
6727,71,62,342,3.9969291515402796,826.8751244344446,4,1,1,France,Male,Premium,0
6728,28,26,469,34.26372772970847,501.33450767023635,3,0,1,Spain,Female,Regular,1
6729,47,9,639,20.374955204039622,610.154552719724,3,0,1,France,Male,Regular,0
6730,80,72,468,53.59690287108515,432.2370683406269,3,1,0,Spain,Male,Premium,1
6731,77,61,837,10.061494955050646,607.2138951512939,1,0,1,France,Female,Regular,0
6732,65,2,771,25.036531237481768,1463.3581097401095,2,0,1,France,Male,Regular,0
6733,70,17,442,169.24527195208577,593.3159410799992,1,0,1,Germany,Female,Regular,0
6734,52,24,400,4.653341856675927,1403.0284176513571,3,1,1,France,Male,Regular,0
6735,39,19,774,46.10716095850697,252.96427948092162,4,1,0,Germany,Male,Regular,0
6736,55,57,610,4.7511636459715465,413.61060069115655,4,1,1,Germany,Female,Premium,0
6737,48,49,359,8.539158394871283,247.7939441249171,1,0,0,France,Male,Regular,0
6738,31,9,328,46.43517115489079,1146.3405188752813,3,1,1,Spain,Male,Premium,0
6739,41,20,830,29.348946592316445,249.09158245421435,2,1,1,France,Male,Regular,0
6740,67,28,372,39.75888422666289,1069.7493400862834,2,1,1,France,Male,Regular,0
6741,66,9,693,105.95994290650445,1578.226215647304,4,0,1,Germany,Male,Regular,0
6742,49,12,693,84.97913946123813,256.17747899976956,2,1,1,Spain,Female,Premium,0
6743,53,46,780,109.45453956498143,479.1795684687803,1,1,1,Spain,Female,Regular,0
6744,49,22,772,47.8888401597059,50.0,4,1,1,Spain,Male,Regular,0
6745,72,49,612,33.63225653446733,318.18253492007756,2,1,1,Germany,Female,Regular,0
6746,32,3,737,30.735064135138483,795.6941235884456,3,1,1,Germany,Male,Regular,0
6747,60,66,623,67.3168798348725,635.964618072068,2,0,1,Germany,Female,Premium,0
6748,75,52,386,36.83404642028233,433.56676892824,1,0,0,Germany,Male,Regular,0
6749,52,1,658,5.5895460043960155,1056.0150594893428,2,1,1,Spain,Male,Regular,0
6750,20,67,496,7.654005724409407,267.1691101840427,2,1,0,France,Male,Regular,0
6751,33,64,684,22.08696421011378,256.59357200489586,1,1,1,France,Male,Premium,0
6752,22,56,417,3.5116483599941115,116.26456446488034,1,1,0,France,Female,Premium,0
6753,38,69,797,13.671290181744306,544.921479089004,1,0,0,Germany,Male,Premium,0
6754,78,6,761,53.41397860172259,848.8994369282128,3,1,1,Germany,Female,Premium,0
6755,27,18,795,0.6254107435610007,380.00048153272724,2,0,0,Spain,Male,Regular,0
6756,36,52,546,46.32878021366945,851.4519210356315,3,1,0,France,Male,Premium,1
6757,42,62,533,73.99881646342884,775.5446448515455,3,0,1,Germany,Female,Regular,0
6758,21,72,716,9.325741907980635,538.6474123587208,1,1,1,Germany,Male,Regular,1
6759,78,42,766,9.981640574874259,1108.2328862277827,4,1,1,France,Male,Regular,1
6760,46,37,781,1.464044918464398,327.1216433938135,3,0,1,Germany,Female,Regular,1
6761,80,43,664,35.91812546756128,545.6743860438945,2,1,0,France,Female,Premium,0
6762,36,14,452,53.150804432563824,2045.8773613355793,1,0,0,Spain,Male,Regular,1
6763,60,21,571,30.523972870621442,650.307985154689,3,0,1,France,Female,Regular,0
6764,19,13,691,24.669656951523518,633.2914358685739,2,1,1,Germany,Male,Regular,0
6765,27,43,846,30.294633241799495,1198.3056336920126,2,1,0,France,Male,Regular,1
6766,78,43,729,76.0549210134003,663.8063461707302,2,1,1,France,Male,Regular,0
6767,60,37,488,1.7044391848850728,1043.3088085952193,3,0,1,France,Male,Premium,0
6768,42,58,551,76.58186138759808,353.46785310639007,1,1,1,Germany,Male,Premium,0
6769,37,47,694,54.881955468055764,464.237768487337,1,1,0,Germany,Male,Premium,1
6770,65,51,518,13.815782725108273,527.0508100724935,4,0,1,Germany,Female,Premium,0
6771,36,62,489,37.194634012844844,500.9169077123643,2,1,1,Germany,Male,Regular,0
6772,40,72,533,2.5273455265092033,675.0518091618167,1,0,0,Germany,Female,Regular,1
6773,41,33,531,23.86862929910294,750.9577006000377,4,1,0,France,Male,Premium,0
6774,28,38,657,9.560596711887715,335.6460544523836,4,1,0,France,Male,Regular,0
6775,63,40,777,1.1276399647923332,263.3117509065388,1,1,1,Spain,Male,Premium,0
6776,51,34,728,22.087487612423644,931.1318227915679,1,0,0,Spain,Female,Premium,1
6777,72,64,536,64.75187696221941,391.22747252335466,1,1,1,Germany,Female,Regular,0
6778,45,31,332,126.92921334184891,582.6238686424522,3,1,1,Germany,Male,Regular,0
6779,22,7,512,54.27446560464594,2342.539929334896,1,0,0,France,Male,Regular,1
6780,80,17,678,25.705728665994975,2000.0,1,0,1,France,Male,Regular,0
6781,76,44,301,250.0,1441.331101062986,3,1,1,France,Female,Regular,0
6782,22,32,749,16.630032611285593,1006.7730994410618,1,1,1,France,Female,Regular,0
6783,68,6,726,10.35929231755177,2314.926605913849,1,1,0,France,Male,Premium,1
6784,38,35,578,31.151425612091817,544.4903464544539,1,1,0,France,Male,Regular,0
6785,29,20,513,35.15092868606133,668.0104361539334,2,1,0,Spain,Female,Regular,1
6786,67,39,584,21.91155851402987,1318.1829670584966,3,0,1,Spain,Male,Regular,0
6787,21,4,842,59.45405836775257,166.66842244709196,1,0,0,France,Female,Premium,0
6788,71,45,573,10.158738798435326,557.3179443460184,3,1,0,Spain,Male,Regular,1
6789,66,23,310,35.7021757814063,91.25695912158595,4,1,1,France,Female,Regular,0
6790,59,16,346,34.67005649019509,769.6832759265264,4,0,0,Germany,Female,Regular,0
6791,37,70,814,86.80292560791926,479.1580983897918,3,1,1,France,Male,Premium,0
6792,55,17,737,130.84301496404,1027.274717643051,1,1,0,France,Male,Regular,1
6793,42,14,726,54.42308013852507,1842.2715072368483,3,1,0,Spain,Male,Premium,0
6794,31,24,731,18.21891193761146,384.55492112740075,2,1,0,France,Male,Regular,1
6795,28,24,429,58.49644967281446,448.69377817734244,4,1,1,France,Female,Premium,0
6796,49,66,321,14.475595895948851,87.05516517118286,3,1,0,Spain,Female,Regular,1
6797,28,32,688,169.8767903899608,1160.9641961682632,1,1,0,Germany,Male,Regular,1
6798,78,72,434,86.40040888573442,402.9870374816637,1,1,1,France,Female,Regular,1
6799,35,31,831,28.210463444970646,412.41937710905677,4,1,1,Spain,Female,Regular,0
6800,44,20,519,76.70342471976504,865.6576814116422,2,1,1,Germany,Male,Regular,0
6801,72,72,632,26.26783834483779,1266.4080758624136,4,0,0,France,Male,Regular,1
6802,71,45,429,3.8770090143482316,508.24103728980526,1,1,1,France,Male,Regular,1
6803,35,72,331,61.339707578897574,365.15545549744735,2,1,0,Germany,Male,Premium,1
6804,73,13,724,25.927253191935684,365.7810931542023,3,1,1,Spain,Female,Premium,0
6805,40,14,597,133.19196585239294,277.66260536283323,4,1,0,Germany,Female,Regular,0
6806,28,19,803,18.304615590136844,323.55797617231434,3,0,1,Germany,Female,Premium,0
6807,38,33,656,92.68158028201869,658.2557257211629,3,1,1,Spain,Female,Premium,0
6808,61,35,754,57.04017431952712,667.3922474272458,1,1,0,Spain,Male,Regular,0
6809,22,8,700,95.9766703506254,926.5911762058944,1,0,1,Germany,Male,Regular,0
6810,40,66,754,17.257217947068327,640.2677907104776,2,1,0,France,Male,Regular,1
6811,58,29,333,30.934036798559916,491.0784106089106,3,1,1,France,Female,Premium,0
6812,76,62,547,86.61673446023245,50.0,2,1,1,Spain,Female,Regular,0
6813,80,40,341,51.61578713593151,502.7721854334801,2,1,1,Spain,Female,Premium,1
6814,42,12,422,22.308253901759166,882.362529499728,4,1,1,Germany,Male,Regular,0
6815,58,45,326,35.871545472935644,386.68520818694907,4,1,0,France,Female,Regular,0
6816,71,55,761,250.0,408.31079575058936,1,1,0,France,Male,Regular,0
6817,27,8,446,67.71033512438213,274.6869106702146,3,1,1,France,Female,Regular,0
6818,39,35,795,47.66364248903068,996.4014379239624,2,0,1,Spain,Male,Regular,0
6819,36,14,785,87.98728524082036,849.214214996536,3,1,0,France,Male,Regular,1
6820,18,18,759,29.172534431920162,496.28278821681187,1,1,1,Germany,Female,Premium,0
6821,24,27,427,149.85065932532666,1289.3288201800374,3,1,1,Germany,Female,Premium,0
6822,21,22,675,40.15047165856675,217.12789673286778,2,1,1,Spain,Female,Regular,0
6823,18,6,382,19.790999827098695,649.9031728484299,2,1,1,France,Male,Regular,0
6824,32,19,834,4.497328253312007,898.5307940152978,3,1,0,France,Female,Premium,1
6825,57,45,822,23.555829958130097,726.5593104688335,3,0,0,Spain,Male,Regular,0
6826,29,13,402,42.040425413578035,867.2557750653298,3,1,0,Germany,Male,Regular,1
6827,39,66,818,60.74294866704953,448.9169016249524,2,0,1,France,Male,Regular,0
6828,39,14,661,104.01877604956718,84.50378547623082,2,1,0,Germany,Male,Regular,0
6829,67,50,555,144.08522317370407,56.417571628294766,4,0,1,Germany,Male,Regular,0
6830,64,7,546,5.404536753704603,117.47157880375279,2,1,1,Germany,Female,Regular,0
6831,34,68,491,45.92778800547547,515.151159638523,3,0,1,Germany,Male,Regular,0
6832,46,63,834,54.91906314228541,344.2796763132281,2,1,0,Germany,Female,Regular,1
6833,63,50,613,9.440960061534081,225.68160009966655,3,1,0,Spain,Female,Regular,0
6834,31,62,575,39.43894543174439,1129.9317064343231,2,1,1,France,Female,Regular,0
6835,67,67,672,20.385904877717895,651.3572811194917,2,1,1,Spain,Male,Regular,0
6836,37,15,743,4.02891470295309,696.1356889893252,3,1,1,France,Female,Premium,0
6837,67,23,494,3.4067686318783035,411.9809297460432,1,1,1,Germany,Female,Premium,0
6838,65,0,557,71.19212362478247,153.87860746967561,4,0,1,France,Male,Regular,1
6839,50,57,659,47.784781842848304,643.9842923289943,2,0,1,Germany,Female,Premium,1
6840,72,30,847,62.78465655190001,273.240244302723,1,0,1,France,Female,Regular,0
6841,76,5,407,57.803303026583265,654.4032157164831,2,1,1,France,Female,Premium,0
6842,60,28,323,7.211552938076156,392.57648372029445,2,1,0,France,Male,Premium,0
6843,32,66,764,8.218105268323496,856.8871431856319,2,0,1,France,Male,Regular,0
6844,29,7,321,14.549960015918659,338.78137904548254,3,1,0,France,Female,Premium,1
6845,57,33,801,25.466386222600047,170.01517467387626,2,0,0,Germany,Male,Regular,1
6846,71,47,800,139.98872646175698,1942.2738457690073,1,0,0,France,Male,Regular,0
6847,37,9,706,56.026388615293364,593.6505227351744,2,0,1,France,Female,Regular,0
6848,47,32,629,14.730093586705415,1111.8648963170897,2,1,1,France,Female,Regular,0
6849,55,66,585,2.8806135846925836,1110.8222452894584,2,1,1,France,Female,Regular,0
6850,20,68,446,57.63609791964116,1228.3294319031957,3,1,0,France,Female,Regular,0
6851,45,15,683,49.08394346714798,516.3525682502365,3,1,0,France,Male,Regular,1
6852,73,53,310,56.31409197043402,95.44552233073517,1,0,0,Spain,Female,Regular,1
6853,43,43,575,15.135024593134814,506.12644578554193,3,1,0,Germany,Male,Regular,0
6854,47,12,602,36.38312367081413,1185.5645981186835,2,0,1,Spain,Male,Regular,0
6855,30,18,503,22.447563778089656,308.1005268752885,3,1,0,Spain,Female,Regular,1
6856,30,43,644,85.10478884700244,735.2596321697263,4,1,1,France,Female,Regular,0
6857,19,56,565,3.596107638618886,1007.0771250379204,3,1,1,France,Female,Regular,0
6858,54,15,321,16.10965873063512,1478.4638576681089,2,0,0,Germany,Male,Regular,1
6859,66,20,835,46.18512458286727,463.15479931441075,2,1,1,Spain,Female,Regular,0
6860,55,50,395,11.484734227357862,380.89425819669214,4,1,1,Germany,Male,Regular,0
6861,19,20,744,55.8459574629132,522.0234076635769,3,1,1,Germany,Male,Regular,0
6862,53,59,562,7.353850552541517,341.511063472144,2,1,1,Germany,Male,Premium,0
6863,71,50,682,1.1538259173002534,394.71068804116794,3,1,1,France,Male,Regular,0
6864,43,20,849,99.56953063712488,536.5716286131466,3,1,1,France,Male,Premium,0
6865,28,5,691,20.281586204937906,1016.8249024155082,2,1,1,France,Female,Regular,0
6866,25,72,839,8.530459737399381,436.3723365516474,1,0,0,France,Female,Premium,0
6867,61,64,391,9.47994013640111,1304.650578081917,3,1,0,France,Male,Regular,0
6868,57,57,458,108.53198275668198,563.3424566948186,4,0,0,France,Male,Regular,0
6869,60,5,527,53.128206022447465,659.0790851147061,1,0,1,France,Male,Regular,0
6870,39,64,772,156.57332348859637,278.28716149712363,1,1,1,France,Male,Regular,0
6871,37,33,671,80.48197748255247,510.6647061560494,3,1,1,Spain,Male,Premium,0
6872,25,55,675,72.95243311643598,258.0555535103948,4,1,1,Germany,Female,Premium,0
6873,46,4,336,34.639428201035415,578.1926651841954,3,1,1,France,Female,Regular,1
6874,57,43,336,85.96400576723931,664.4601383413321,2,1,0,Spain,Female,Premium,1
6875,43,61,400,26.60693532885609,357.90175396381835,2,0,1,France,Male,Regular,0
6876,47,5,842,87.72332787539375,1290.5710899759201,1,1,0,Spain,Male,Regular,0
6877,34,5,489,70.88745406146928,623.9159758652802,4,1,1,Germany,Male,Regular,0
6878,37,62,811,56.72834266778888,849.3697032750416,4,1,1,Germany,Male,Regular,0
6879,69,19,389,20.002702662597347,245.49649326443813,1,0,1,Germany,Male,Premium,0
6880,72,33,305,49.80887347111738,148.2882050694223,3,0,1,Spain,Male,Regular,1
6881,33,2,438,35.34077081549098,1077.236981090172,3,1,0,Germany,Male,Regular,1
6882,63,55,394,30.952369493676198,263.31132097379117,2,1,0,France,Male,Regular,0
6883,79,9,685,231.50560007165802,1014.4162350584423,3,1,0,Germany,Male,Regular,0
6884,60,69,422,35.09908751817967,589.6147917097613,3,0,1,France,Male,Regular,0
6885,24,35,584,1.6254470595526322,682.7689008463068,4,0,0,France,Female,Premium,1
6886,33,29,665,49.237562577741826,585.3551251926408,1,1,0,France,Female,Regular,0
6887,62,36,789,65.09965424530829,499.80949417382794,3,0,1,Germany,Female,Regular,0
6888,76,68,624,108.22116468946268,1590.3656847717386,1,1,1,France,Female,Regular,1
6889,64,51,706,50.07673722265958,467.8449913178594,4,1,0,Germany,Male,Regular,1
6890,73,32,818,0.9824449327755869,481.6847664492258,1,0,0,Spain,Male,Regular,1
6891,65,43,376,6.377144310877061,740.8998840008151,2,1,1,France,Female,Premium,0
6892,44,21,533,8.791536343577766,448.0554795705192,2,0,1,Spain,Female,Regular,0
6893,70,30,783,11.866012946259668,452.2380884926463,1,1,1,France,Female,Premium,0
6894,40,2,763,80.41615099663954,307.52957112532766,3,0,1,Spain,Male,Premium,1
6895,41,20,570,18.53579941166038,644.7129674484034,3,1,1,France,Male,Regular,0
6896,80,13,766,18.72466058512429,508.2596882944961,3,1,0,Germany,Male,Regular,1
6897,26,23,768,70.44488329217334,1536.308373050415,4,1,1,France,Female,Regular,1
6898,52,42,846,26.588554026468756,97.0236751080414,1,1,1,Germany,Female,Regular,0
6899,68,43,569,3.3411648333938664,438.93531404877046,2,0,0,Germany,Female,Premium,0
6900,37,41,677,43.98907468791391,234.84092557745294,3,0,0,France,Female,Regular,1
6901,54,18,476,6.9669935470093645,2000.0,1,1,0,France,Female,Premium,0
6902,59,47,573,42.392399914002965,640.891871072382,4,1,1,Germany,Male,Regular,0
6903,34,72,326,75.62420593742024,494.9826595800155,2,1,0,France,Female,Regular,1
6904,64,10,359,132.5997795850001,119.48638116214337,4,1,1,Germany,Male,Regular,0
6905,48,27,516,3.4703232225171856,306.5823209423999,3,1,0,France,Female,Regular,1
6906,72,43,569,18.117880398237336,1368.8897849481784,1,1,0,France,Male,Premium,1
6907,74,67,415,52.844348666396414,993.642391242179,1,1,1,Germany,Male,Premium,0
6908,25,35,544,18.949898875435984,368.24023591329916,4,1,1,France,Male,Regular,0
6909,32,46,384,29.985174459281165,472.341627141339,2,0,0,Germany,Female,Regular,1
6910,48,14,749,1.0147714248964987,101.73835725892695,2,0,1,Germany,Female,Premium,0
6911,70,51,835,59.12655092227156,758.7699965722854,4,0,0,France,Female,Regular,1
6912,47,72,388,107.39892507494943,1943.565393714588,3,1,0,Germany,Female,Regular,1
6913,63,39,848,188.30886687473472,1266.388852603433,2,0,1,France,Female,Regular,0
6914,37,13,806,88.75495602604039,1315.2906338565579,1,0,1,France,Male,Premium,0
6915,77,62,707,1.6146042276622696,804.9994328088093,4,0,1,France,Female,Premium,0
6916,56,50,570,52.75666277762882,643.47653523933,3,0,1,Germany,Male,Regular,0
6917,70,57,823,34.225157038942974,351.9625905395221,1,1,1,Spain,Male,Regular,0
6918,72,14,793,138.94683598155788,765.3034842089637,1,1,1,Spain,Male,Regular,1
6919,29,64,747,116.21028959299373,1150.3980137297715,1,1,0,France,Male,Premium,0
6920,66,54,842,221.33519582284325,499.6816644784643,1,0,1,France,Female,Regular,0
6921,34,9,649,99.00125357973891,367.5931048751132,3,1,0,Germany,Female,Premium,0
6922,59,44,627,39.581253336918884,904.7418872156127,1,0,0,France,Male,Regular,1
6923,47,10,585,62.74585454436662,1454.221654212851,4,1,1,Germany,Male,Regular,0
6924,46,23,334,167.16138303697264,539.0219913811065,4,1,0,Spain,Male,Premium,1
6925,36,72,832,43.151330464530815,628.6321151358993,4,1,1,France,Male,Regular,0
6926,63,31,787,91.62256955173892,693.8218881491903,2,0,0,Spain,Male,Premium,1
6927,28,30,786,142.5468692533464,267.4562792108896,4,0,1,France,Male,Regular,0
6928,51,72,444,42.261064875878475,301.61139500830427,4,1,1,France,Female,Regular,0
6929,67,52,823,8.667352188680903,465.3606709186451,1,0,1,France,Male,Regular,0
6930,24,7,445,8.454280571862993,308.76502165198485,1,1,1,Germany,Male,Regular,0
6931,61,23,802,6.1263043550602125,602.5458708297009,3,1,1,Spain,Female,Regular,0
6932,75,7,826,32.344027059167765,458.7192651853337,3,0,0,France,Female,Premium,0
6933,51,51,571,32.709938519344924,373.6242675266769,4,1,0,France,Female,Regular,1
6934,76,29,833,48.034495998953005,819.0508019771639,4,1,1,France,Male,Regular,0
6935,37,57,394,32.97332136126002,1276.387297914061,3,1,1,France,Male,Premium,0
6936,67,54,746,180.69790511249187,76.3120406550157,2,0,1,France,Female,Premium,0
6937,55,72,714,17.21691207593141,380.66860780452623,4,1,1,France,Female,Premium,0
6938,41,61,556,103.50095386049922,350.48929288607144,4,1,0,France,Female,Regular,0
6939,27,47,561,5.2863862433879705,570.4361054157732,1,1,0,Germany,Male,Regular,0
6940,49,3,386,46.054822799113275,474.9940468874302,1,0,0,France,Male,Premium,0
6941,69,36,735,52.252422170395185,341.9086306481396,4,1,1,Germany,Male,Premium,0
6942,32,7,407,73.9709743415494,1157.2403140898837,2,1,1,France,Male,Regular,0
6943,54,0,318,34.96049739695235,627.9965464443993,2,0,1,France,Male,Premium,0
6944,37,69,664,10.984120338653245,125.3135314294136,3,0,1,France,Female,Regular,0
6945,20,46,678,23.02228164359584,662.4866788890545,2,0,1,France,Male,Regular,0
6946,54,4,459,15.8838059359465,368.94123079516004,2,0,1,Spain,Male,Regular,0
6947,79,49,399,27.159307450550035,1173.7864422094171,3,0,1,Germany,Male,Premium,0
6948,74,23,564,37.747757807642486,360.4541697829337,2,1,1,France,Male,Regular,0
6949,57,56,348,49.050835712707595,470.94437339364595,3,0,0,Germany,Female,Premium,1
6950,25,17,714,93.25586065523942,203.2538920514762,1,1,1,France,Female,Regular,0
6951,57,23,358,120.4030146838172,405.1554821553551,3,1,1,France,Female,Regular,1
6952,61,4,482,31.048887906992974,585.4399155214172,4,1,1,France,Male,Regular,0
6953,73,29,746,4.642589261298989,301.02870310376653,2,1,1,Germany,Male,Regular,0
6954,40,-2,600,79.74352412784616,186.5200846732319,2,1,0,France,Male,Regular,1
6955,57,45,653,32.423771905360304,418.07849386567653,3,1,0,Germany,Male,Regular,0
6956,28,65,512,39.532113427775066,791.6535580139413,4,0,0,Germany,Female,Regular,1
6957,63,30,488,45.29154881386893,63.47827519845807,2,1,1,Spain,Male,Premium,0
6958,25,69,646,55.11110361653123,346.1466865809877,1,1,1,Spain,Female,Regular,0
6959,46,55,436,110.40961215973495,540.5040936709403,3,1,1,Germany,Male,Regular,0
6960,47,27,329,151.98023246528916,257.2701840256297,4,0,0,Germany,Female,Premium,0
6961,73,21,445,140.81183451847312,2380.562123131668,3,1,0,France,Male,Regular,1
6962,77,53,767,82.89561504759212,1210.8108348459753,2,0,1,Spain,Female,Premium,0
6963,27,52,802,110.02049637178455,1461.6401215046028,2,0,1,France,Male,Regular,0
6964,56,11,490,2.54649796473743,549.9187989586045,2,1,1,France,Female,Premium,0
6965,45,19,770,94.5610928063062,1033.3257302543295,3,0,1,France,Male,Regular,0
6966,66,33,644,3.7504701312225004,251.250668701495,4,0,1,France,Male,Regular,0
6967,53,52,300,68.55923596039372,304.9949264246165,3,1,1,France,Male,Regular,0
6968,78,63,409,9.278157550018692,153.52256402546595,2,1,1,Germany,Male,Regular,0
6969,30,22,363,22.32298445508856,523.3952567829093,3,0,1,Spain,Male,Regular,0
6970,49,30,352,10.178302317946692,376.1651516853981,1,1,0,France,Female,Premium,1
6971,53,16,561,29.300958689116776,1045.7917646429753,4,0,1,Spain,Female,Regular,0
6972,54,47,828,26.529945299049785,943.5322323239484,2,1,1,France,Male,Regular,0
6973,43,20,601,2.4628129473054683,461.0678693599646,3,1,1,Germany,Female,Regular,0
6974,39,49,533,88.74451144737536,703.7338728310797,1,1,1,Germany,Male,Regular,0
6975,21,39,372,96.27134211296334,396.4538929820986,2,1,0,Germany,Male,Premium,0
6976,48,1,656,77.44236903169985,369.18746622180277,3,1,1,France,Female,Regular,1
6977,35,27,783,94.06449824787273,469.18726459517336,2,1,0,France,Male,Regular,1
6978,55,60,305,69.49083492591598,671.5673339272497,4,0,1,France,Female,Regular,0
6979,80,49,436,138.6169939587043,326.4439609759403,2,0,1,France,Male,Premium,0
6980,41,5,703,42.947368516603575,713.8669010255361,2,1,1,France,Male,Regular,0
6981,80,27,505,43.690611097015505,461.9810533776274,4,1,0,France,Male,Premium,0
6982,73,71,709,98.27347760443895,595.8079287983747,3,1,1,Germany,Female,Regular,0
6983,40,54,335,21.494208059959522,356.5860375578257,1,1,0,France,Male,Regular,0
6984,39,58,529,2.5689993389756314,57.30066104819833,1,1,1,France,Male,Premium,1
6985,19,44,526,69.28580549659948,1158.490829724272,4,1,1,Germany,Female,Premium,0
6986,48,71,561,14.690988777751846,366.95145736304835,2,1,1,France,Female,Regular,0
6987,72,18,430,32.14512393051287,463.8192645998132,3,1,1,France,Male,Regular,0
6988,28,28,747,13.75078721909645,595.8561792823031,3,1,0,France,Female,Regular,0
6989,45,22,485,87.74944893297751,558.1956446708209,4,0,1,France,Male,Regular,0
6990,63,31,485,158.85427306380535,112.12683749019915,3,1,1,France,Male,Regular,0
6991,49,9,573,2.8297400020924015,1191.9376912611212,1,0,1,France,Male,Regular,0
6992,79,48,651,13.287656053189906,677.3339719909293,3,1,0,Germany,Male,Regular,0
6993,22,64,712,10.509029474915522,325.7396648903469,2,1,1,France,Male,Regular,0
6994,55,28,450,55.92088324784776,699.5492227357994,3,1,1,Germany,Female,Regular,0
6995,27,54,683,27.990150253315242,674.8322407622896,4,0,0,Spain,Male,Regular,1
6996,57,42,335,30.464357347520437,510.1207916980164,4,1,0,France,Male,Regular,1
6997,63,66,625,8.54410692031583,267.9450618914547,1,1,1,France,Male,Regular,0
6998,41,50,764,26.784496518750206,657.523140825978,1,0,1,France,Male,Regular,0
6999,52,10,765,18.064872034800032,742.9252809257774,1,1,0,France,Male,Premium,0
7000,61,5,394,47.2333419526152,1200.5573600776384,1,1,1,Germany,Female,Regular,0
7001,65,66,433,12.246344027268522,621.2126411736193,3,1,1,France,Female,Regular,0
7002,77,61,461,47.70110208336062,1050.6769511886607,3,0,1,Spain,Male,Premium,0
7003,79,8,599,23.720280536983026,1913.1297645961777,4,0,1,France,Female,Regular,1
7004,40,21,655,21.25492148204101,187.29019221824433,4,1,0,Germany,Female,Regular,1
7005,34,27,539,18.232233339048758,774.6207370847911,1,1,1,Germany,Female,Regular,0
7006,18,37,466,56.01736367420648,950.9533454887635,3,1,1,France,Female,Regular,0
7007,72,56,439,41.32460443531477,233.12872675312116,2,1,1,Germany,Male,Regular,1
7008,48,20,438,95.43321827880511,442.6414262171828,1,1,1,France,Male,Regular,0
7009,48,61,534,13.827887396507249,283.5186418953981,1,1,1,France,Female,Regular,0
7010,59,45,302,2.0473282082722672,557.2001241403151,3,1,0,Spain,Female,Regular,0
7011,74,69,555,10.046082459736985,262.06725693885676,2,1,1,France,Female,Regular,0
7012,72,37,670,21.03069095576576,403.27688411073257,1,1,0,Germany,Female,Regular,0
7013,59,48,577,9.901514184268965,265.24554695301003,2,1,1,Spain,Female,Regular,0
7014,70,48,815,4.3602431038618406,110.81579231951528,4,1,0,France,Female,Regular,1
7015,73,70,511,29.46986064218508,447.7945747658535,4,0,1,France,Female,Premium,0
7016,51,36,515,56.494880073333576,1903.251997826284,1,1,0,France,Female,Regular,1
7017,26,20,569,69.62986252383662,649.5590888634051,3,1,1,France,Male,Regular,0
7018,39,0,775,25.435337235378626,420.16966693266284,1,1,1,France,Male,Premium,0
7019,30,31,827,32.508656245781104,1067.8179044311748,3,0,0,France,Female,Premium,0
7020,42,21,363,70.42096479274889,466.5425166636344,2,0,0,France,Male,Premium,1
7021,65,68,759,21.747875519031435,348.6867270109194,3,0,1,France,Female,Premium,0
7022,35,42,315,76.80152260914303,739.4117938567571,3,0,0,Germany,Female,Premium,1
7023,68,20,318,171.13545379550442,764.6685720776898,1,1,0,France,Male,Premium,1
7024,29,18,624,106.21383864921128,637.3619939683514,1,0,1,France,Male,Regular,0
7025,57,58,392,30.219771807409497,1101.0056154570063,4,1,1,Spain,Female,Regular,0
7026,34,54,316,43.31773918127097,933.3714465280009,2,1,1,France,Male,Regular,0
7027,32,35,787,63.014176522920806,1171.4896077069604,4,1,0,Spain,Male,Premium,1
7028,59,35,393,21.485362621011767,966.350782111731,2,1,0,France,Male,Regular,0
7029,32,54,309,80.28178250427034,1496.2371995028154,4,1,0,Germany,Female,Regular,0
7030,32,43,827,28.716411440767324,502.67446249491826,2,1,0,Spain,Female,Premium,0
7031,80,26,788,93.81411627246497,1729.0891966221711,3,1,0,Germany,Female,Regular,0
7032,72,55,443,14.700696818016374,1771.317196832045,3,1,0,Spain,Female,Regular,1
7033,56,47,814,0.5721640822981816,424.3225510200702,4,1,1,France,Female,Regular,0
7034,30,29,769,50.077236693841684,1174.7454150447722,4,1,1,France,Female,Premium,0
7035,34,38,676,30.06388360805779,886.1923228206952,4,1,1,France,Female,Regular,0
7036,49,12,793,3.0843624017452047,63.161701797313526,1,1,0,Germany,Female,Premium,0
7037,26,24,783,33.43369087557191,637.5618604042224,2,1,0,Spain,Male,Regular,1
7038,57,45,751,9.230399159079056,238.66737110897103,4,0,0,France,Female,Regular,1
7039,37,70,835,49.67872821703354,551.961198174818,1,1,1,Spain,Female,Premium,0
7040,43,35,374,29.443464524531798,469.0903383032196,4,1,0,Spain,Male,Premium,1
7041,44,46,339,9.384280998887753,1171.4970233992815,1,1,0,Spain,Male,Premium,1
7042,38,34,601,26.546225260081798,415.4584972381591,4,1,0,France,Male,Premium,0
7043,35,27,361,13.244444965426046,259.1548058449657,3,1,1,France,Female,Premium,0
7044,30,6,802,52.93547220994325,500.8363468076877,1,0,1,France,Female,Regular,0
7045,33,64,544,17.488043214629133,1208.8835875045215,3,1,0,France,Female,Regular,1
7046,26,50,317,86.30346028195535,999.331347542722,1,1,0,Spain,Male,Regular,0
7047,80,45,697,0.7132230445389162,480.9955752812313,2,0,0,France,Male,Regular,1
7048,29,19,488,25.826926950264834,504.1283784963496,2,1,1,France,Female,Premium,0
7049,61,37,403,47.99651893389688,979.4816638456995,1,0,0,Germany,Female,Regular,0
7050,55,68,643,1.1433885094461747,315.97147677879127,4,1,1,France,Female,Regular,1
7051,36,31,670,12.157231200877327,241.11237999096804,1,1,1,France,Male,Premium,0
7052,77,25,332,19.83170776506639,50.0,2,0,0,France,Female,Regular,0
7053,24,57,673,1.1043339716220932,151.82508535063826,2,1,1,France,Female,Regular,0
7054,74,38,477,39.55903078659682,152.27237887788422,3,1,0,Germany,Female,Regular,0
7055,52,32,311,49.83010146925937,519.884018592208,2,1,1,Spain,Female,Premium,1
7056,65,49,755,12.907603778053577,606.9357997819179,4,1,1,France,Female,Regular,0
7057,35,51,548,39.20643712426093,657.884150305821,3,1,1,France,Male,Regular,0
7058,33,21,747,250.0,1008.9910225842472,2,0,1,Germany,Female,Regular,0
7059,72,52,303,108.98267237573742,724.6410920541562,1,0,1,France,Female,Regular,0
7060,56,65,535,3.0225885165816986,297.29185554813114,1,1,0,France,Female,Premium,0
7061,21,43,472,6.84155378214622,939.8239539868607,2,1,1,France,Male,Regular,1
7062,76,19,621,34.10080026477633,982.2421508134521,4,1,0,Germany,Female,Regular,1
7063,42,63,670,14.06519712610532,644.7453650155169,1,0,1,Germany,Female,Regular,0
7064,49,15,847,4.221784147519476,268.20509991529644,3,1,0,Spain,Female,Premium,1
7065,79,6,595,14.688662150832657,601.7351022182454,4,1,1,France,Female,Premium,0
7066,57,40,699,3.1564742573624205,214.26764564237217,3,1,1,Spain,Male,Regular,0
7067,30,53,357,37.74181541287641,375.60155276221406,3,0,1,Spain,Male,Regular,0
7068,62,64,829,33.69175364515215,807.2685013255463,2,1,1,France,Male,Premium,0
7069,34,1,847,0.3173124229674837,786.1106703427919,3,0,1,France,Female,Premium,0
7070,66,14,707,32.938871837411945,1176.8900871166675,1,1,0,Spain,Female,Regular,1
7071,54,31,812,36.67816571232916,156.44199543904625,4,0,1,Germany,Female,Regular,0
7072,23,1,363,46.53263629363508,1205.4447894369714,3,0,0,France,Male,Regular,0
7073,36,63,719,175.49437907271056,607.1925977966071,2,1,0,France,Female,Premium,0
7074,30,13,445,202.83055653004186,337.0794025451089,3,1,0,France,Male,Regular,0
7075,74,19,571,37.42552263788411,288.74539180132757,1,1,1,France,Male,Premium,0
7076,77,48,316,93.27676943825874,118.47178087643222,4,1,1,Germany,Female,Regular,0
7077,43,7,397,4.450619975404393,73.06175415729143,1,0,1,France,Male,Premium,0
7078,31,62,751,37.8741125122997,159.55830135634514,2,1,1,France,Female,Regular,0
7079,48,45,542,56.800143116377534,384.3232923064085,3,1,1,France,Male,Regular,0
7080,71,20,778,41.5893019420084,961.3878611825587,1,1,1,Spain,Female,Regular,0
7081,21,31,500,13.115077961197324,372.2004460596871,2,1,0,Germany,Female,Regular,0
7082,77,7,772,3.2353527031682634,1716.253622506286,2,0,1,Spain,Female,Regular,0
7083,56,15,478,24.44254926927191,452.0643118220216,2,1,1,France,Male,Regular,0
7084,25,50,807,52.15544937504673,88.28488391294266,2,1,0,Spain,Female,Regular,1
7085,42,26,752,239.65380726199587,1334.4395609177539,4,1,1,Germany,Female,Regular,0
7086,30,17,569,13.494298424540135,856.6543030819673,2,1,1,France,Male,Regular,0
7087,49,34,533,124.92386157753248,521.2179736902586,2,1,0,France,Female,Regular,0
7088,76,51,785,3.535148761484505,103.59587297127665,1,1,1,France,Male,Premium,0
7089,55,16,637,133.67466680444542,546.2350966558023,3,1,1,France,Male,Regular,1
7090,80,71,747,89.29884140955609,1122.9903279330476,2,1,1,France,Male,Regular,1
7091,55,52,656,1.0583909266151514,1047.8607890191038,3,0,1,Germany,Female,Regular,0
7092,73,65,348,17.7042987740584,294.9152051549747,4,1,1,France,Female,Regular,0
7093,45,30,795,2.6150402814367,1067.4371459457193,2,1,1,France,Female,Regular,0
7094,70,60,645,250.0,172.13931056557854,1,0,1,Germany,Female,Regular,0
7095,47,63,592,27.917180276217202,195.55539755314086,1,0,1,Germany,Female,Premium,0
7096,20,47,449,54.261144347427745,1252.34943808347,3,1,0,Spain,Male,Premium,1
7097,45,54,844,13.34109661958929,415.73940706043567,4,1,1,France,Female,Regular,0
7098,20,55,559,135.70560587303072,557.3177908858004,4,1,0,Germany,Female,Regular,1
7099,62,2,621,16.022254214428635,439.330503436352,2,1,1,France,Female,Premium,0
7100,71,16,376,15.06975723564433,835.5838320742605,3,1,1,France,Female,Regular,0
7101,51,45,409,18.88764047601341,436.18803046187236,2,0,1,Germany,Male,Regular,0
7102,33,48,846,31.040318019706074,1552.3287892831884,4,1,0,Spain,Female,Regular,1
7103,39,34,722,0.9353304449071346,266.9354648406286,2,0,0,Germany,Male,Regular,0
7104,49,0,693,45.544952175217865,196.22954648014584,2,1,1,Spain,Male,Regular,0
7105,78,28,534,1.6089000201633168,870.1902120383422,2,1,1,Germany,Male,Regular,0
7106,55,3,629,38.73982841777327,677.4729675753243,2,1,0,Germany,Male,Premium,0
7107,25,60,624,30.61384712447972,158.5117704034606,2,0,1,France,Male,Regular,0
7108,72,16,450,13.889693324034003,167.92534237997165,1,1,1,France,Male,Regular,0
7109,25,27,845,20.006569174839655,292.09859786793044,1,1,0,Spain,Male,Regular,0
7110,79,49,331,61.150953798153154,86.44473749570989,2,1,1,Germany,Female,Premium,0
7111,74,7,571,0.4821936443159194,322.01056198896123,4,1,1,France,Female,Regular,0
7112,23,33,667,19.03719587136311,149.3978877412493,3,1,1,Germany,Male,Regular,0
7113,31,58,791,57.018181708322366,725.2593620891296,3,1,0,France,Male,Regular,0
7114,49,27,615,8.259882491770167,734.408275908081,4,1,0,Spain,Male,Regular,1
7115,52,58,667,41.09287115977837,1538.126261879601,1,1,1,Spain,Female,Regular,0
7116,27,26,379,9.252238778494428,245.50075311755657,3,1,1,Spain,Male,Regular,1
7117,20,15,471,8.406844439387237,600.3130826956332,4,1,1,France,Male,Regular,1
7118,76,9,557,73.98194476283058,50.0,2,1,1,France,Female,Regular,0
7119,29,21,578,15.498112341210248,837.3068098374771,4,1,1,Spain,Female,Premium,0
7120,66,15,803,23.56174886839043,437.6107396733237,2,1,1,France,Male,Regular,0
7121,76,11,790,65.47001159722141,337.1482903894468,2,0,1,Spain,Male,Regular,0
7122,48,50,636,9.893262863616892,733.0597806369342,2,1,1,Spain,Female,Regular,0
7123,46,13,820,37.93626103268037,1372.956460483232,2,1,0,Spain,Female,Regular,1
7124,80,26,625,124.94196120427681,668.9679582777388,4,0,1,France,Female,Regular,0
7125,22,66,471,40.352405248616684,795.4538406666812,3,0,1,Germany,Male,Regular,0
7126,79,11,383,2.503952468991796,504.43605082475716,3,1,1,Spain,Female,Regular,0
7127,69,29,823,44.543001864362736,1100.6967243459774,2,1,0,France,Male,Regular,0
7128,42,8,780,4.723963228792711,50.0,2,1,1,Germany,Male,Regular,0
7129,80,52,843,16.572958981068233,226.64259716576944,3,1,1,France,Male,Regular,0
7130,58,60,717,94.74781814142437,527.5233878610134,4,1,1,France,Male,Regular,0
7131,48,53,638,0.5565423368615688,809.8657985962841,3,1,1,Spain,Male,Regular,0
7132,79,36,619,4.007023175241106,998.7671693895123,2,1,1,France,Male,Premium,0
7133,38,64,603,22.577870871722677,238.60655397638502,3,1,0,France,Female,Regular,0
7134,75,41,571,250.0,1140.9395785624363,2,1,1,France,Male,Regular,0
7135,37,48,413,17.25594903492673,1498.9985418619256,4,1,1,France,Male,Regular,0
7136,56,3,706,8.55570688389815,448.0045450706193,1,1,1,Germany,Female,Regular,0
7137,80,63,325,39.86121854030419,1042.5829679757046,2,0,1,France,Male,Regular,0
7138,39,50,536,36.62091699260254,481.76000644812893,3,0,1,Spain,Female,Premium,0
7139,21,71,609,29.85727912191255,1418.4199594596482,1,1,1,Germany,Male,Regular,0
7140,30,70,532,146.54758162675466,2032.95902663053,3,1,0,Germany,Female,Premium,1
7141,62,30,848,16.43557740741325,647.7117211407801,3,0,1,France,Female,Regular,0
7142,80,71,564,17.359165847365805,1134.064323551653,3,1,1,Spain,Female,Premium,0
7143,59,57,312,7.556086916192259,567.8760163624057,1,0,1,France,Female,Regular,0
7144,67,3,795,59.748673985734214,467.35896174487726,2,1,1,France,Female,Regular,0
7145,66,21,615,19.38392197758007,651.0240614020669,1,0,0,Germany,Female,Regular,0
7146,37,2,683,81.16170545190558,683.2211918049071,1,1,1,France,Male,Regular,0
7147,69,46,615,178.34703526666604,152.78233388704726,1,0,1,Germany,Female,Regular,0
7148,30,37,555,2.233408767009437,546.249749900976,4,0,1,Germany,Female,Regular,0
7149,34,32,740,248.97056912647076,50.0,4,1,0,Germany,Female,Premium,0
7150,71,47,414,14.658470107731358,280.33002522340297,1,1,1,France,Male,Regular,0
7151,53,64,598,27.245873233700767,531.3202811201738,1,1,1,Germany,Male,Premium,0
7152,50,25,423,75.19612519949479,385.9778423581788,2,1,1,Germany,Female,Regular,0
7153,18,13,555,54.73068600137747,451.6280711128479,4,1,0,France,Female,Regular,1
7154,32,49,346,75.35239741278572,358.81222682972225,2,0,1,France,Female,Regular,0
7155,30,37,762,31.399069283627757,428.53337246979,3,1,0,France,Male,Regular,0
7156,34,9,649,123.88686767960577,830.6052177508653,3,1,1,France,Female,Regular,0
7157,41,47,422,78.01829544809058,1069.0786264636022,3,1,1,France,Female,Premium,1
7158,75,36,330,18.49727153416004,426.5189306054295,4,1,1,Germany,Female,Regular,0
7159,25,25,354,148.28947467804744,453.642279857916,3,1,0,Germany,Male,Regular,0
7160,67,19,452,162.27920871209622,1130.904542992979,4,0,1,France,Male,Premium,1
7161,44,48,755,26.811749212160446,398.5105688374521,4,1,0,France,Male,Regular,0
7162,62,23,585,52.77196326936634,1227.3071022958889,2,1,0,France,Female,Regular,1
7163,40,45,335,84.30745374737855,365.17553045878947,3,1,1,France,Male,Regular,0
7164,63,34,555,84.99568696842923,185.65975964785326,2,0,0,France,Male,Regular,0
7165,25,28,477,0.7112115552534474,249.4385077436569,3,1,1,Germany,Female,Premium,0
7166,25,11,847,49.57949819030284,490.09277306331643,1,0,1,France,Male,Regular,0
7167,76,43,553,181.90798136252457,1833.9958242842445,2,1,1,France,Male,Regular,0
7168,43,65,807,13.155791948194121,165.83777945729304,4,1,1,France,Female,Regular,0
7169,64,5,320,79.38598819724115,1052.2053817817985,2,0,1,France,Male,Regular,1
7170,76,58,374,38.20505808941357,501.1877089286582,3,0,1,Germany,Female,Regular,0
7171,30,16,759,12.51740120035757,1003.5728488089782,4,1,1,France,Female,Regular,0
7172,56,9,477,2.619324800685262,421.0065580844082,4,1,1,Germany,Female,Regular,0
7173,54,17,681,71.33951023686664,112.81899422727913,4,1,1,France,Female,Regular,0
7174,66,21,336,19.024262170016552,329.1351217569085,3,1,1,France,Male,Regular,0
7175,45,65,419,23.547085700693255,58.914515940529036,1,1,0,Germany,Male,Regular,1
7176,42,52,300,33.201856303803744,334.82350270766995,1,0,1,Germany,Male,Regular,0
7177,78,0,610,35.38207619098909,1077.7620696847225,2,1,1,France,Male,Regular,0
7178,33,60,507,11.545278459842013,151.07888569053586,4,1,1,France,Male,Premium,0
7179,72,30,453,55.53049720659335,826.3920057246744,3,1,1,Germany,Male,Premium,0
7180,19,30,614,58.97051081525273,401.49846035681543,2,1,0,Germany,Female,Regular,0
7181,71,72,606,7.675098443408484,951.7784697624252,3,0,0,France,Female,Regular,1
7182,35,24,803,38.061616769379484,1112.1543697732568,2,1,0,Germany,Female,Premium,1
7183,80,52,819,46.98556168864911,155.07983079198593,2,1,1,France,Female,Regular,0
7184,34,21,396,10.305199105641085,329.9974995050916,3,0,1,Spain,Female,Regular,0
7185,47,22,789,112.43427001220671,197.12542257161059,3,0,0,France,Female,Premium,0
7186,56,14,306,32.968781780349794,95.92752052060828,1,0,1,Spain,Female,Regular,0
7187,30,32,311,6.109983852402635,725.3106026429277,3,1,0,Spain,Male,Regular,1
7188,49,-3,813,20.353032336750466,905.2077626804927,2,0,0,Spain,Male,Regular,1
7189,67,19,648,32.40490965313818,483.10874110722506,4,1,1,France,Male,Regular,0
7190,46,39,306,0.5097977813987192,671.7268004583602,3,1,1,France,Female,Regular,0
7191,63,38,799,1.6215046210560493,368.07881708651695,3,1,1,Germany,Female,Regular,0
7192,47,72,774,2.8560698897558447,386.55172034159125,4,0,0,France,Male,Premium,1
7193,35,17,823,38.624156374823656,477.0125333664455,1,1,1,Germany,Female,Premium,0
7194,30,40,356,20.480298199336485,1060.5298988142517,4,1,1,France,Male,Regular,0
7195,60,69,532,111.79496646787808,1301.9392398987811,4,1,1,France,Female,Premium,0
7196,38,26,329,40.96204334736946,465.14849286025,3,1,1,France,Male,Regular,0
7197,47,14,666,71.33422428316032,364.87075853789787,1,1,1,France,Female,Regular,0
7198,38,36,355,58.098883191341486,842.5990448881131,1,0,1,France,Female,Premium,0
7199,65,57,309,36.73187900791872,979.2957750397948,4,1,1,France,Male,Regular,0
7200,72,4,446,68.2698009845591,532.9823765721475,2,1,1,France,Female,Regular,0
7201,34,72,663,39.34056311182458,1688.7434695047039,2,1,1,Spain,Female,Regular,0
7202,57,4,552,24.343762311159132,517.1632318606979,2,1,0,France,Male,Premium,1
7203,36,40,552,28.617752284478833,379.47350757549,3,1,1,Spain,Male,Regular,0
7204,69,5,742,91.16292153715915,523.5770976158052,3,1,0,Germany,Male,Regular,1
7205,32,61,639,41.422413551509905,1177.1921060952434,2,0,1,Germany,Female,Regular,0
7206,26,25,815,23.684211570958876,394.6188311169819,4,0,1,Spain,Male,Premium,0
7207,69,67,652,9.906887899858692,441.9331421276813,3,1,1,France,Male,Premium,0
7208,27,23,622,34.195284965025856,50.0,1,1,1,France,Male,Regular,0
7209,61,40,439,14.544635019138239,251.4167414021628,4,1,1,Germany,Male,Regular,0
7210,48,64,744,155.7031358449479,157.47576097088245,2,0,1,Germany,Female,Regular,0
7211,70,16,394,33.763603295094015,340.113668629024,3,1,1,France,Male,Regular,0
7212,40,23,719,0.44942750703504725,500.46449787248486,3,1,0,France,Female,Premium,0
7213,69,26,813,4.87387175251089,388.08715414185895,1,1,1,Germany,Male,Premium,0
7214,47,6,449,16.726420773051057,842.0201040582392,2,0,1,Spain,Female,Regular,0
7215,50,72,650,4.834512877090641,1323.9747286395925,2,1,1,Germany,Female,Regular,0
7216,74,11,415,112.19799425507213,441.3685724688764,3,1,1,France,Male,Regular,0
7217,69,2,536,96.32797764665415,175.81304435308033,2,1,1,Germany,Male,Regular,0
7218,26,9,569,176.7847629907523,633.0207311581523,1,0,1,Germany,Male,Premium,0
7219,71,42,590,61.28802446575333,309.46845858653256,4,1,0,Germany,Female,Regular,1
7220,64,45,733,51.84734636626311,242.25607579016872,2,1,1,Germany,Male,Regular,0
7221,18,58,308,128.5210295020282,1164.8833298738523,1,1,1,Germany,Male,Regular,0
7222,61,51,774,146.30391618394515,50.0,3,1,1,Germany,Male,Regular,0
7223,52,5,821,104.97725060774916,616.4896940504601,4,0,1,France,Male,Regular,0
7224,28,0,836,98.83444495357779,786.8298503624102,1,1,0,Germany,Female,Regular,1
7225,51,28,310,55.69186852937506,211.67010474544676,4,1,1,France,Female,Regular,0
7226,33,39,626,0.08036190775965127,442.3472427222101,4,1,1,Germany,Female,Regular,0
7227,26,60,575,28.063599838465397,96.08611935003006,3,1,1,Germany,Male,Premium,0
7228,49,67,669,50.48376937169632,248.7629696742813,3,0,0,France,Male,Regular,0
7229,32,72,789,39.60721930378624,141.16227644541024,1,1,1,Germany,Male,Regular,1
7230,29,38,644,86.05385765228466,1665.8461351837293,1,1,0,Germany,Male,Regular,1
7231,50,60,667,85.43592423264465,2374.3200258962893,1,1,0,France,Female,Regular,1
7232,62,59,610,45.650058603387215,740.1004672979341,4,1,0,Germany,Male,Premium,0
7233,31,40,784,1.1119764226800561,2000.0,3,0,1,France,Male,Premium,0
7234,74,64,314,23.048622853066544,1567.5543922288828,4,1,1,Germany,Female,Premium,0
7235,74,63,303,12.991452090424513,647.415564591291,2,1,1,France,Female,Premium,0
7236,25,62,675,20.684046442914152,120.49599982374473,3,0,1,Germany,Female,Premium,0
7237,25,47,668,48.02423464455499,710.7192032174285,1,0,1,Germany,Female,Premium,0
7238,44,19,764,3.4386752783311256,250.68337013940518,4,0,1,France,Male,Regular,0
7239,79,36,832,1.1246566747048374,893.4575257491922,3,1,0,Germany,Female,Premium,0
7240,29,63,436,28.71249749072463,1095.2522379103373,1,1,1,France,Female,Regular,0
7241,18,4,662,78.89062358324746,561.9242596462356,1,1,1,Spain,Female,Premium,0
7242,60,33,515,1.558982346870368,560.3057571406936,2,1,1,France,Male,Premium,0
7243,57,38,667,94.53986247624249,1152.822098757122,3,0,1,Spain,Male,Premium,0
7244,59,66,416,24.21564665785615,573.1765526779567,1,1,1,Germany,Male,Regular,0
7245,79,61,478,6.291509242425233,806.6956732161128,4,1,1,Germany,Male,Regular,0
7246,68,23,545,41.90838506450616,1268.5467639730127,3,1,1,Germany,Female,Regular,0
7247,28,2,427,152.20471596458964,1315.8585182906959,2,1,1,Germany,Female,Regular,0
7248,56,70,657,39.10032946421988,392.0823303720759,1,0,1,France,Female,Regular,0
7249,60,66,377,58.0192927167803,315.32216010936656,1,1,1,France,Female,Premium,0
7250,48,57,592,84.7555874594862,834.814482653929,3,0,0,France,Female,Regular,1
7251,34,28,381,80.30719773557534,150.73126472457363,3,1,1,Spain,Male,Regular,0
7252,50,31,641,3.7964899921548474,544.1730017085722,3,1,0,France,Male,Regular,0
7253,49,38,637,67.54547539531514,744.3999275923022,2,1,1,France,Female,Regular,0
7254,75,8,395,149.23918727394187,1723.9314589245787,4,0,1,Germany,Female,Regular,0
7255,46,13,444,60.30746422049423,353.2920935657154,2,0,1,Germany,Male,Regular,0
7256,38,67,820,90.52965378423397,384.5919675037883,1,0,1,France,Female,Regular,0
7257,38,63,696,33.23281644894374,770.0072024258807,3,1,0,France,Female,Regular,0
7258,57,17,656,19.214738942795144,343.1760297510977,4,1,0,France,Male,Regular,1
7259,40,27,485,56.3875189386109,1387.7008778086838,2,1,1,France,Male,Regular,0
7260,73,10,842,33.883378331128924,340.70822192033233,3,1,0,Spain,Male,Regular,1
7261,23,43,450,112.82748661659987,2000.0,3,0,1,France,Female,Premium,0
7262,39,38,618,183.2229411816783,505.6314568708341,2,1,1,Spain,Female,Premium,0
7263,67,27,358,85.68497036432986,384.87288424046113,4,1,1,Spain,Male,Premium,0
7264,55,63,309,245.8546348143665,954.9958662679727,3,1,1,France,Male,Premium,0
7265,54,31,423,21.41396405513219,756.1572222220897,1,1,1,France,Male,Regular,0
7266,62,8,655,113.05075072007551,685.4126553450349,1,1,1,France,Female,Regular,0
7267,68,27,645,20.018925500347144,451.6549137685911,3,1,1,France,Female,Regular,0
7268,71,29,536,6.280319659414624,198.87168349215273,2,1,1,France,Female,Regular,1
7269,25,53,632,48.56027818905888,1130.4621590551367,4,1,1,Spain,Female,Regular,1
7270,58,9,316,30.34743150314716,110.09436939373208,3,0,1,Germany,Female,Regular,0
7271,66,5,723,127.35989429375829,967.0897646409259,1,0,1,France,Male,Regular,0
7272,52,59,623,33.88277863591298,198.1536588526779,4,0,1,Germany,Female,Premium,1
7273,68,72,322,131.29995356978182,508.352445395037,4,1,0,France,Male,Regular,1
7274,28,40,758,4.09488916955179,1261.7462285216193,3,1,0,Germany,Male,Regular,0
7275,41,59,759,88.74860910058418,133.21877677192577,2,1,1,Germany,Male,Regular,0
7276,66,41,820,71.17163004692783,738.745495928482,2,0,1,Spain,Female,Regular,0
7277,38,70,720,63.6444042051855,411.0150234582167,2,0,1,France,Female,Premium,0
7278,68,24,702,21.935780619259372,1436.05720501228,4,1,0,France,Female,Premium,1
7279,19,12,630,76.56823468446548,223.4026630552931,2,1,0,France,Female,Premium,0
7280,80,14,756,33.0143111660737,260.12638260629126,1,1,1,Spain,Male,Regular,0
7281,57,35,782,62.79902135325665,428.2062582446247,3,1,1,France,Female,Regular,0
7282,36,25,797,40.17345996106813,158.1124427947624,1,1,0,France,Female,Regular,1
7283,56,50,326,8.565502599852264,509.9501160882736,2,0,0,Germany,Female,Regular,1
7284,45,3,696,3.336838251220274,420.4143503550346,3,1,1,Germany,Male,Regular,0
7285,76,51,487,22.80003852094356,819.827802071865,3,1,0,Spain,Male,Regular,0
7286,34,9,439,134.99578600364742,398.5094031648622,2,1,1,Spain,Male,Premium,0
7287,23,44,820,37.72294788296521,50.0,3,0,0,France,Male,Regular,0
7288,36,28,391,81.02293787742224,566.5007705421007,2,0,1,France,Male,Premium,0
7289,73,52,376,42.895557372151316,150.79678141802592,3,0,1,France,Female,Regular,0
7290,55,28,543,158.39165554337185,1282.4701293964004,2,1,1,Spain,Female,Regular,0
7291,45,22,387,23.05858228675062,252.10319216870758,1,1,1,Germany,Female,Premium,0
7292,19,56,593,2.9371251476478135,483.94902965270376,3,0,1,France,Male,Premium,0
7293,55,49,394,75.8585231488382,104.41523169326756,4,0,1,France,Male,Premium,0
7294,72,22,552,61.116430355168816,753.2294663659554,1,1,0,France,Male,Regular,1
7295,54,42,850,37.48951506689813,131.49515672998496,4,1,1,Germany,Male,Regular,0
7296,68,9,698,19.75529080620705,809.3877093729712,1,1,1,France,Female,Regular,0
7297,69,29,353,10.429076435424008,557.4054717737698,1,1,1,France,Male,Regular,0
7298,21,56,542,32.91565412908184,346.862396513726,1,1,0,France,Female,Regular,1
7299,39,32,409,54.860874486201524,139.0634605082491,4,1,1,France,Male,Regular,0
7300,43,17,520,43.24263588566121,686.66580364693,1,1,1,France,Female,Regular,0
7301,66,21,461,28.767363729769585,198.76518828537468,3,1,0,Spain,Male,Regular,0
7302,60,63,334,38.79323792790386,834.4132448822259,3,1,1,France,Female,Regular,0
7303,53,20,336,5.711931056270511,2000.0,3,1,1,Germany,Female,Regular,0
7304,75,0,669,59.51008708534181,166.6533958925479,1,1,1,France,Male,Regular,0
7305,30,14,476,66.26110022152416,642.8325884953853,2,0,1,France,Male,Premium,0
7306,69,43,820,0.5759345112038736,2170.877319573499,2,1,0,France,Female,Regular,1
7307,75,46,574,15.771135929511285,1285.2954960093664,3,0,1,Spain,Male,Regular,0
7308,49,53,404,4.831980464741932,275.14149702574235,1,0,1,Germany,Female,Regular,0
7309,34,31,455,250.0,560.1136776034753,4,1,0,France,Female,Regular,0
7310,58,57,635,44.98923959444289,266.1255234113166,4,1,0,Germany,Male,Regular,0
7311,53,45,325,31.34345500041875,634.8890086305373,3,1,0,Germany,Female,Regular,0
7312,72,59,595,31.08795410094705,577.0973903679222,1,0,0,Spain,Male,Regular,1
7313,77,31,836,167.29842698655517,1077.5420837561612,4,1,0,Germany,Male,Regular,1
7314,63,38,654,53.91925789042599,440.5521820003635,4,1,1,Germany,Female,Premium,0
7315,36,22,368,9.235794541091456,787.4444570946632,4,1,1,France,Male,Regular,0
7316,75,42,626,29.724750299218577,776.2063361613916,2,0,1,Germany,Female,Regular,0
7317,77,54,450,74.40458184339906,354.76932098415006,2,1,1,Spain,Female,Regular,0
7318,52,1,619,27.525994912682528,262.77582349196996,4,1,1,Germany,Male,Regular,0
7319,63,65,751,18.519385777018137,375.31876560636437,1,1,0,France,Female,Regular,0
7320,57,37,411,236.7416056202948,433.0136290304568,4,1,1,Germany,Male,Regular,0
7321,73,28,761,137.16092182985585,743.7843903070062,4,1,1,France,Male,Premium,0
7322,76,66,661,141.98805059157124,357.19919454006373,2,1,0,Germany,Male,Regular,0
7323,45,70,502,7.0593182753960555,103.96790384424779,1,1,1,Spain,Female,Regular,0
7324,18,35,786,13.345319910423504,819.409538076588,3,1,1,France,Female,Regular,0
7325,59,28,779,29.175816025699213,363.4031140011142,1,1,1,Spain,Male,Regular,0
7326,35,36,303,89.2280494977976,943.7336949298185,1,1,1,France,Female,Regular,0
7327,65,44,428,66.7472860564452,410.9889857989804,2,1,1,France,Male,Regular,0
7328,57,15,325,94.74525369813038,536.9899414061341,1,0,1,Germany,Male,Regular,0
7329,50,30,326,126.76577960274349,500.21832879082706,2,1,0,Germany,Female,Regular,0
7330,80,33,341,75.88097359458916,1367.5020146768225,1,1,1,France,Male,Regular,0
7331,29,49,363,15.174993178058923,332.5464178013719,2,1,1,France,Male,Regular,0
7332,25,64,324,16.804813132516095,93.0798256127526,1,1,1,Spain,Female,Regular,0
7333,41,61,371,21.73087305345484,833.8472308283253,1,1,1,France,Female,Regular,0
7334,33,46,781,18.05390021944732,498.6788267920626,1,0,0,Spain,Female,Regular,1
7335,67,55,567,14.324069657994434,786.4679774918043,1,1,1,Spain,Male,Regular,0
7336,21,14,394,69.81441874125697,143.52997131857336,3,1,1,France,Female,Regular,0
7337,55,47,694,1.7291090367125035,2000.0,3,0,1,Germany,Female,Regular,0
7338,61,48,663,65.17009139743686,678.133632482938,2,1,0,France,Female,Regular,1
7339,44,43,614,86.73978897985599,889.5886623725979,3,1,1,France,Female,Regular,0
7340,26,20,416,3.416299874029604,245.821096039546,4,0,1,France,Female,Regular,1
7341,64,19,463,3.192117226957001,655.0855641119313,3,1,1,France,Male,Premium,0
7342,33,69,605,16.806081107213707,1193.2365145115327,2,1,1,France,Male,Regular,0
7343,73,7,499,11.679067783018963,216.34970090149622,4,1,1,France,Male,Regular,0
7344,29,44,479,43.51017201239225,1461.5639696053815,3,1,0,France,Female,Premium,0
7345,48,33,657,56.26602136673734,221.0376217262377,4,1,0,France,Male,Regular,0
7346,41,50,551,50.275499417889336,168.1203309907308,4,1,1,Germany,Female,Premium,0
7347,72,3,598,22.107546720630957,70.64095385851125,4,1,1,France,Male,Premium,0
7348,31,38,729,34.49739863571418,2000.0,2,1,1,France,Male,Regular,0
7349,62,23,303,51.08128871283791,300.1655804438942,3,1,1,Spain,Male,Regular,0
7350,42,54,553,6.359080834136202,1400.8985651704838,2,1,0,France,Male,Regular,0
7351,80,36,395,13.036554380859085,760.5749590906565,2,0,0,Germany,Male,Regular,1
7352,51,24,466,110.5897803464269,241.20516314876568,3,0,1,France,Female,Regular,0
7353,20,35,630,20.952324185226605,942.3192247991694,2,1,0,Germany,Male,Regular,0
7354,75,70,361,80.76183009916478,1032.7106720502125,1,1,1,Spain,Male,Regular,0
7355,41,57,473,14.450130688282368,214.308528382923,3,1,1,Germany,Male,Regular,0
7356,79,11,552,2.1266077764517446,293.9082179769659,1,0,1,France,Female,Premium,0
7357,71,0,760,34.697434331347665,175.1326615786247,3,1,1,France,Female,Premium,0
7358,59,49,514,111.5048704367725,2000.0,3,1,1,Spain,Female,Regular,0
7359,26,24,538,85.54157897309018,1188.5360730187342,2,1,1,France,Male,Regular,0
7360,43,4,714,14.580433166442514,270.83792479173286,2,1,0,Germany,Female,Regular,0
7361,37,71,425,120.36161228242592,299.6160539869635,2,1,1,Germany,Female,Regular,1
7362,57,5,552,32.6690130337269,366.25691654196606,4,1,0,France,Female,Premium,0
7363,27,25,496,2.5120084448232385,449.615459591536,3,1,1,France,Male,Premium,0
7364,36,54,712,1.4160962924703115,1193.296824222378,4,0,1,France,Female,Premium,0
7365,20,38,755,33.19046227163246,205.05720613229715,2,0,0,France,Female,Regular,0
7366,41,8,353,39.51847349257021,214.27627830417137,1,1,1,Spain,Female,Premium,0
7367,22,54,638,4.164348093878142,1424.7280296561275,1,1,1,Germany,Female,Regular,1
7368,20,13,658,127.70682629124488,798.4240804014598,3,1,0,Spain,Male,Premium,0
7369,75,54,450,63.33086995765992,675.0871894023783,4,1,1,Spain,Male,Regular,0
7370,44,8,399,80.79351743494335,374.618848670131,3,1,1,Spain,Male,Regular,0
7371,33,23,533,43.856295631495406,743.8289821015197,2,0,1,Spain,Male,Regular,1
7372,66,36,843,54.46440612954897,296.8486204287215,4,1,0,Germany,Male,Premium,0
7373,32,49,361,24.539731995486534,455.5468153371115,1,1,1,Germany,Female,Regular,0
7374,52,72,495,56.862004132913725,395.95224327331397,2,0,1,France,Male,Regular,1
7375,29,16,841,191.253040950535,173.40112226027452,2,1,0,France,Male,Regular,1
7376,58,56,405,52.165867838184674,272.3478587975069,2,1,1,Germany,Female,Regular,0
7377,70,18,594,20.899692518086603,1100.764508667942,4,0,1,France,Female,Regular,0
7378,61,57,750,16.790361456158863,618.5069890145872,2,0,1,France,Female,Regular,0
7379,43,5,833,165.3115551134168,60.09207180485285,1,1,1,Germany,Male,Premium,0
7380,64,3,455,10.228499214137479,508.81642266233064,2,1,1,France,Male,Regular,0
7381,51,42,705,82.04555480167078,663.8333018395516,4,1,1,France,Female,Regular,0
7382,40,50,674,31.298945887122837,1572.6982878947465,4,0,0,France,Male,Regular,1
7383,48,8,754,29.327749078529507,261.854920175321,1,0,0,France,Female,Regular,1
7384,67,0,501,68.82468484139909,280.3003700085371,4,1,1,Germany,Male,Premium,0
7385,37,54,751,8.010692942892023,544.4941844363096,1,1,1,Germany,Female,Premium,0
7386,29,13,486,31.395688122047126,1108.5107313910507,3,1,0,France,Male,Regular,1
7387,40,41,667,1.8245738094740893,109.614434593848,2,1,1,France,Male,Regular,1
7388,21,45,639,55.494808874716696,443.62154108966297,3,1,1,France,Male,Regular,0
7389,40,57,561,3.0075299192033356,238.64627146799333,3,1,1,Germany,Male,Regular,0
7390,65,70,842,4.566788285150773,984.3102488239759,3,1,1,France,Male,Regular,0
7391,72,43,850,93.16053339142744,215.26091443193434,1,1,1,France,Male,Regular,1
7392,65,-2,605,29.255479405034162,118.07982402414733,2,1,1,Germany,Female,Regular,1
7393,18,29,464,11.218195316494093,112.4964676239207,3,1,1,France,Male,Regular,0
7394,71,45,387,44.89609580995604,1438.0276385044456,1,1,0,Germany,Male,Premium,1
7395,42,56,499,36.62385450053753,391.83641484626577,4,1,1,France,Female,Regular,0
7396,19,37,570,26.458673261963156,247.40671140829923,3,0,1,France,Female,Regular,1
7397,47,49,350,117.91391144063141,336.7483810071303,1,1,1,Spain,Female,Regular,0
7398,20,61,788,69.20643502330405,509.86258753254435,1,1,1,France,Female,Regular,0
7399,75,51,497,8.219732687591232,157.21925280875615,1,0,1,France,Female,Regular,0
7400,38,13,322,42.28866032367738,1412.4212811520313,1,1,1,France,Female,Regular,0
7401,42,34,522,4.646565117678373,817.752327155258,2,1,1,France,Male,Premium,0
7402,37,27,520,14.028965871705399,200.96546302709817,4,1,1,Germany,Female,Premium,0
7403,66,57,565,120.31975540975989,133.87608048641803,1,0,0,France,Male,Regular,0
7404,69,29,372,31.002264532629496,609.2507936114503,3,1,1,France,Male,Regular,0
7405,39,6,376,111.3303478568606,659.0028004550644,4,0,1,France,Female,Premium,0
7406,38,38,843,9.076031816313735,417.50601490902153,2,1,1,Germany,Male,Premium,0
7407,79,68,734,11.492156391634454,586.8436687835177,3,1,1,Germany,Male,Premium,0
7408,78,34,364,21.75690570046784,414.8218847830417,4,0,1,Spain,Male,Regular,0
7409,50,51,656,22.811004391137267,132.76857028687243,4,0,0,Germany,Male,Premium,0
7410,69,20,317,68.37898298190962,621.0204384148636,2,1,1,Spain,Female,Regular,1
7411,55,70,735,45.74091107354312,145.84581706218515,3,1,0,France,Female,Premium,1
7412,78,35,740,40.28774199945219,398.6527626073556,3,1,0,Spain,Female,Regular,0
7413,32,23,308,46.11236017760208,980.2082588600766,1,1,1,Spain,Male,Premium,0
7414,75,39,769,65.87413150626406,607.620505940299,4,1,1,Germany,Female,Regular,0
7415,75,28,647,111.66071266487867,212.65416366948443,3,0,1,Germany,Male,Premium,0
7416,63,52,671,26.784950583857686,643.1002378556973,2,1,1,France,Female,Premium,0
7417,69,25,474,81.20878483197981,352.96046489017687,3,1,0,Spain,Male,Regular,1
7418,32,72,814,34.16943579035032,484.0476099531569,1,1,0,France,Female,Regular,1
7419,63,14,429,64.02078264626745,1515.9493943009084,4,1,1,Spain,Female,Regular,0
7420,42,72,592,103.90164194229466,613.1900301901387,1,0,1,France,Male,Regular,1
7421,38,72,652,1.6372570132466389,987.9472330818844,2,0,1,France,Male,Regular,1
7422,41,3,523,39.55230850917624,669.7312773444596,3,0,1,Germany,Male,Regular,0
7423,74,17,823,227.25376268267902,179.92740231032147,1,1,1,Spain,Female,Regular,0
7424,75,36,808,34.28121884905831,417.9251067290527,2,1,1,France,Female,Regular,1
7425,22,28,667,99.86679251630002,839.2782133283121,2,0,1,France,Male,Premium,1
7426,23,26,799,10.283594455919289,500.39258139889284,1,0,0,Spain,Male,Regular,1
7427,66,69,389,46.35331530094531,69.38955745385498,2,0,1,France,Male,Regular,0
7428,60,54,371,102.12885829259974,741.9971813244244,3,1,1,France,Male,Regular,0
7429,65,52,732,28.240612325131202,830.2570080394921,3,1,1,Germany,Female,Regular,0
7430,61,15,647,33.34688925114119,613.9698756745354,3,1,0,Spain,Male,Regular,0
7431,64,72,562,4.278869615447366,271.3877621768744,2,1,1,Germany,Male,Regular,0
7432,40,47,570,2.1543576919767005,486.9128164673058,2,0,0,France,Female,Regular,1
7433,21,26,808,31.622203346072713,472.77368741845163,3,1,1,Spain,Female,Regular,0
7434,44,12,807,92.72708280636108,305.0907547387007,3,1,1,Germany,Male,Regular,0
7435,35,26,719,133.91797240360555,341.9385246306982,4,1,1,France,Female,Premium,0
7436,38,72,371,53.742786696494285,459.5776316976558,1,1,0,Germany,Male,Premium,0
7437,45,72,373,87.54967042197289,560.4727968209914,3,1,0,Germany,Female,Regular,1
7438,52,30,802,66.37376373903928,895.6004062208119,2,1,1,France,Female,Regular,0
7439,39,13,445,60.446893310300766,416.36123877646855,1,1,1,Spain,Female,Regular,1
7440,57,29,345,73.27404317588766,495.820842239315,2,1,1,France,Female,Regular,0
7441,40,20,404,35.190486442491355,367.8089543182578,2,0,0,Spain,Female,Regular,0
7442,20,5,408,30.61875419362654,487.14100455246813,4,1,1,France,Female,Regular,0
7443,57,31,616,8.666714511087632,388.4096888440967,3,0,1,France,Female,Premium,0
7444,67,36,420,92.83580523475081,543.5129185905777,4,1,0,Spain,Male,Regular,1
7445,27,61,798,2.281985309348691,751.5854262614122,1,1,1,France,Female,Regular,0
7446,42,30,342,15.5607828000117,1026.9573337279594,2,1,1,Spain,Male,Regular,1
7447,69,38,398,36.6897248445463,475.5319887010972,2,1,1,France,Male,Regular,0
7448,66,63,610,178.0649837766084,246.9029314240991,3,0,1,Spain,Female,Regular,0
7449,25,29,513,77.082641704162,307.8891223481544,2,1,1,Spain,Male,Regular,0
7450,72,62,762,22.996425677134194,488.774503485436,2,1,1,Germany,Female,Premium,0
7451,28,30,722,62.57915158441003,907.2046731374328,4,1,1,France,Female,Regular,0
7452,78,36,688,133.95083024695603,193.07566861766205,3,1,1,France,Male,Regular,1
7453,22,32,411,38.70522256579153,853.548246367653,3,1,1,Germany,Male,Regular,0
7454,75,62,571,30.98927821096748,143.20984576594805,3,1,1,France,Female,Regular,0
7455,62,24,401,40.25908168207001,1197.86104581865,2,0,1,Germany,Male,Regular,0
7456,70,35,509,18.664179726175444,182.00195377850227,4,0,1,France,Female,Regular,0
7457,72,23,321,118.945674484057,1264.9896652317843,1,0,1,Spain,Male,Premium,0
7458,54,57,458,79.79692515814779,76.21191578777132,2,1,1,Germany,Female,Regular,0
7459,73,38,642,61.1211164739499,972.0498571137488,4,1,1,France,Female,Regular,0
7460,76,45,699,44.469306494253985,50.0,1,1,1,Spain,Female,Regular,0
7461,62,16,753,174.46010005490692,396.1877709605787,2,1,0,Spain,Male,Regular,1
7462,55,31,442,17.670138700426072,882.7159891006114,2,1,0,Germany,Female,Regular,0
7463,46,35,696,16.643398533402284,919.4640220703958,1,1,1,Germany,Female,Regular,1
7464,22,30,835,13.86272035876907,367.55568224518635,2,1,0,Spain,Male,Premium,1
7465,26,15,440,67.69639048574801,314.71484908806525,2,1,1,France,Female,Regular,0
7466,76,15,539,79.79786919010708,681.1205004755265,2,1,1,Spain,Male,Regular,0
7467,65,17,591,45.455103636349534,450.03815400224596,4,1,1,France,Male,Premium,0
7468,19,7,381,52.775299546498054,1305.222224610028,4,0,0,Germany,Female,Premium,0
7469,18,69,470,21.45926845839364,858.2555754851368,2,1,0,France,Male,Regular,0
7470,57,0,825,2.0284733242031443,606.162916062858,4,1,1,France,Male,Premium,0
7471,77,61,841,14.627082631474982,268.9372942059946,2,1,1,France,Male,Premium,0
7472,68,39,409,43.88995979385736,2461.823620946599,4,1,0,Germany,Female,Premium,1
7473,47,44,511,83.81433698290778,627.4524127942873,4,1,1,Germany,Female,Regular,0
7474,28,69,737,75.07291163657284,944.5703679265896,4,1,0,France,Male,Regular,1
7475,45,0,621,9.891298422019242,872.6719917681188,1,1,1,Spain,Male,Premium,0
7476,61,28,383,2.640839034986923,1004.7179499060021,2,0,0,Spain,Male,Regular,1
7477,29,7,675,95.04302860705516,1264.921268940582,1,0,1,France,Female,Regular,0
7478,56,39,352,3.9299376386455047,668.368665816026,4,1,1,Germany,Male,Regular,0
7479,43,52,795,24.986970411156012,743.4026064356974,4,1,1,Germany,Male,Regular,1
7480,30,62,555,4.948253663054543,263.2229628947081,2,1,1,France,Male,Regular,0
7481,76,35,519,41.511238154339146,225.67947858165942,3,1,1,Spain,Female,Regular,0
7482,25,56,399,22.57569561804816,220.29403787536793,2,1,1,France,Female,Regular,0
7483,80,44,428,11.31327207992176,137.96449308400102,3,0,1,Germany,Female,Regular,0
7484,78,1,518,45.21411465977687,1542.992528524559,4,0,0,Germany,Female,Regular,0
7485,78,70,776,22.580043369496373,1299.6908971340724,1,0,0,France,Female,Regular,1
7486,71,49,757,9.123373475182904,327.8265198954788,2,1,1,France,Female,Regular,0
7487,45,28,321,60.21304438494215,256.4323607186195,3,1,1,France,Male,Regular,0
7488,75,9,628,90.64148780727152,1188.9899420462384,3,0,1,Spain,Male,Premium,0
7489,47,26,779,15.99253708644559,941.3462548905427,3,1,1,Germany,Male,Regular,0
7490,26,14,638,10.315860932359367,1111.0598800869332,2,1,1,France,Male,Premium,0
7491,56,59,478,3.9116930886533057,190.19064574047482,2,1,1,Germany,Female,Regular,0
7492,48,25,720,37.52844763768727,1598.0473852774987,3,1,0,France,Female,Regular,1
7493,75,20,781,88.97979721137753,268.83984862389946,1,1,1,Spain,Male,Regular,0
7494,38,54,348,14.436791039167781,246.59692287544922,3,1,0,Spain,Female,Regular,1
7495,73,57,329,30.868394799900013,661.3618393529844,1,1,1,France,Female,Regular,0
7496,64,40,384,8.765516853754006,1299.4117630422284,2,0,0,Germany,Male,Premium,0
7497,51,45,801,25.89258108538252,956.8771796693178,2,1,1,France,Female,Regular,0
7498,72,42,845,0.7782812892173379,369.1271000104018,2,1,0,France,Female,Regular,1
7499,48,25,628,120.80396759831413,324.50109122379007,4,1,1,France,Female,Regular,0
7500,69,59,733,56.43892154274921,857.1886588696246,1,0,0,Germany,Female,Premium,1
7501,42,35,548,20.234299407655705,802.5308588587199,4,1,0,France,Female,Regular,1
7502,29,51,433,106.51496130838866,578.9424533789827,2,0,1,Germany,Female,Premium,0
7503,18,50,664,10.101502747323368,1476.7118696731234,3,1,1,France,Male,Premium,0
7504,72,2,724,4.100308843091564,845.1852244032773,3,1,1,France,Male,Regular,0
7505,39,13,714,142.90435122527794,532.2849906343822,4,1,0,France,Male,Premium,1
7506,57,48,811,18.482000108340873,765.86040721898,3,1,1,France,Male,Regular,0
7507,54,0,684,137.42282824767236,1072.8160662758971,2,0,1,France,Male,Regular,0
7508,64,56,687,50.75211773281425,102.69521700882966,4,1,1,Germany,Male,Regular,0
7509,18,16,748,195.70859767688134,906.5915642681982,3,1,1,France,Male,Premium,0
7510,18,49,602,70.00530775866015,858.1368097511222,4,0,1,Germany,Male,Regular,0
7511,74,17,398,5.573617017083652,302.8207618290255,1,0,0,Spain,Female,Regular,1
7512,80,58,605,95.6044623582918,902.1027652457901,4,0,1,Spain,Female,Regular,0
7513,59,-1,341,8.001309156187144,342.68590571575305,1,0,0,France,Female,Regular,1
7514,71,35,767,58.9148639548305,639.9427628520574,1,1,1,France,Female,Regular,1
7515,59,65,739,34.6981205808615,1443.9099169052668,1,0,1,France,Female,Premium,0
7516,38,33,626,61.503008347753976,802.6727347856281,3,1,1,Germany,Female,Regular,0
7517,32,8,332,72.40626119962413,359.97355013701,1,1,1,Germany,Male,Premium,0
7518,34,20,711,81.39669859349227,619.3288136189163,3,1,1,France,Male,Premium,0
7519,39,24,413,90.08447022126245,164.1666088919971,2,1,1,France,Female,Regular,0
7520,55,43,807,93.93929482370311,448.4537138845425,3,1,0,Germany,Female,Premium,0
7521,52,24,355,26.60028622156323,917.1220725609761,4,1,0,France,Male,Regular,0
7522,62,8,651,110.01409479526245,1209.4192322408028,3,1,1,Germany,Female,Premium,0
7523,33,61,628,63.573385192663345,865.0088421800104,3,0,0,France,Male,Premium,0
7524,25,25,845,91.30851900490732,162.68617550345311,3,1,0,France,Male,Regular,0
7525,79,56,569,226.37044022622797,161.83980445175388,2,1,1,Spain,Female,Regular,0
7526,64,40,495,6.188374587264404,810.2626517337189,3,0,0,France,Female,Regular,1
7527,34,15,712,23.14780191276495,163.41899291719383,4,0,1,France,Female,Regular,0
7528,34,36,378,82.13603985539066,405.3870416375858,4,1,1,Spain,Female,Regular,0
7529,71,23,382,4.512839412917308,973.3222142053291,1,1,0,Spain,Male,Premium,0
7530,43,25,436,38.91141005498231,374.17493664765215,3,1,1,France,Female,Regular,0
7531,30,19,838,97.73673417385218,101.36500222726055,2,1,1,Germany,Female,Premium,0
7532,34,8,605,0.9586956725242504,1318.4179869307516,1,1,1,France,Male,Premium,0
7533,55,35,610,140.27121678105706,326.45488392629005,4,0,1,France,Male,Premium,1
7534,34,33,687,191.16587466286072,178.97850820377403,1,0,0,France,Female,Regular,1
7535,65,18,848,19.45112137553967,720.3887326847321,2,1,1,France,Male,Regular,0
7536,31,19,805,72.79105262246189,359.06480934020016,4,1,1,Germany,Male,Regular,0
7537,62,26,687,6.801073237806386,594.3033603301922,4,0,1,France,Female,Regular,0
7538,23,43,592,74.11037564974559,494.2960651314467,3,1,1,France,Female,Premium,0
7539,52,34,478,32.842853335859644,350.2669317539998,4,1,1,Germany,Female,Premium,0
7540,63,70,728,98.40326610549802,445.49284958215674,4,1,1,France,Male,Regular,0
7541,31,21,823,11.951353158145746,344.8198408043871,4,1,1,Spain,Female,Regular,0
7542,64,16,611,55.83748201135887,439.52999517149385,3,1,1,France,Female,Premium,1
7543,25,12,379,77.11681544373471,165.25419935174315,3,1,0,Spain,Male,Regular,0
7544,78,2,313,11.313187281350356,336.1124335506988,4,1,0,Germany,Male,Regular,1
7545,32,55,353,85.26641435764829,704.2640347325827,2,1,1,France,Female,Regular,0
7546,71,22,746,158.48702523011033,402.2031145152222,2,1,1,Germany,Male,Regular,0
7547,78,38,364,47.86587173195115,421.3206659452403,1,1,1,France,Male,Regular,1
7548,44,16,671,76.82108784542817,1033.135417361455,4,0,1,Spain,Female,Regular,0
7549,30,27,802,38.02676623265055,182.24151172028132,4,0,0,Germany,Female,Premium,0
7550,66,13,395,45.578017016394426,360.54304522134083,3,0,0,Germany,Female,Regular,0
7551,48,40,832,0.672118991805074,360.05422905060334,3,1,0,France,Male,Regular,1
7552,70,56,559,37.14705543437813,1226.418363783619,2,1,1,France,Male,Regular,0
7553,73,54,547,42.84967303861268,520.1170404519489,2,1,0,Germany,Male,Regular,0
7554,52,65,426,55.440335648939154,536.3215514386119,1,0,1,France,Female,Regular,0
7555,77,36,798,9.279782068167693,432.2071462704729,4,0,1,France,Female,Regular,0
7556,23,67,345,13.812336126077756,555.2707468217657,3,1,1,Germany,Male,Regular,0
7557,22,25,567,70.53030181072207,572.2555674185064,1,1,1,France,Male,Regular,0
7558,39,60,841,9.17444109078091,984.6437112464757,1,0,1,Germany,Male,Premium,0
7559,75,72,393,26.894947082333225,406.8219545712738,2,0,0,France,Male,Regular,1
7560,66,54,615,14.41679557382322,981.0132353960449,4,1,0,France,Male,Regular,1
7561,40,17,370,39.393128262890656,315.41993601018623,4,1,1,Germany,Female,Regular,0
7562,42,52,748,216.6461351484223,517.6584246222004,3,1,0,France,Male,Regular,0
7563,51,62,666,95.53995517011182,1477.5664407049167,4,1,1,Spain,Female,Premium,0
7564,43,52,709,15.69954608650655,293.19337231610547,1,1,1,Germany,Female,Regular,0
7565,64,26,390,22.991720420779306,768.8078647760178,4,1,1,Spain,Female,Premium,0
7566,22,30,808,125.43963262495146,633.9526579608371,4,0,1,France,Male,Premium,0
7567,43,0,827,114.28392705548038,362.2118108201668,3,1,1,Germany,Male,Regular,0
7568,37,5,409,8.749110100409421,1207.0224916133677,2,1,1,France,Female,Regular,0
7569,23,10,388,88.38392733176185,386.9408650386108,1,1,0,France,Male,Regular,0
7570,23,33,571,17.66317453465122,2000.0,3,0,1,Spain,Male,Premium,0
7571,76,62,546,39.24154472239795,279.5361758896727,3,1,1,France,Male,Regular,0
7572,67,52,660,0.25557152108011805,283.3624160840926,4,0,1,Germany,Female,Regular,0
7573,35,17,677,250.0,658.0023955844991,3,1,1,France,Female,Premium,0
7574,21,20,505,71.5847723615545,244.1603788348052,2,1,1,Spain,Male,Regular,0
7575,34,18,644,13.835989580642755,173.95224679754878,1,1,1,Germany,Female,Regular,0
7576,74,3,754,57.5682103384666,177.71542304726435,1,1,1,Spain,Male,Regular,0
7577,31,28,366,17.357972496899457,576.1955634378285,3,1,1,France,Male,Regular,0
7578,31,24,342,4.685642579858378,563.9561222559477,1,0,1,Germany,Female,Premium,0
7579,30,55,528,27.69622190392281,1460.2985734599001,2,0,0,France,Male,Regular,0
7580,24,61,743,47.55949194933825,1495.882305187456,3,1,1,Germany,Male,Premium,1
7581,61,26,533,4.70330789763336,370.28311819600884,3,1,1,France,Male,Regular,0
7582,72,59,498,36.53272317069379,586.337062997791,2,0,1,France,Female,Regular,0
7583,32,48,796,36.16632470582864,693.2748034584772,3,1,1,Germany,Male,Regular,0
7584,36,64,331,49.52987242527265,573.8403626194217,1,1,1,France,Male,Regular,0
7585,80,37,563,14.028414345248372,400.89469166803644,1,1,1,France,Male,Regular,0
7586,60,51,412,1.0428748192889505,166.30006579767755,2,0,1,France,Female,Regular,0
7587,64,0,758,19.64157546205336,81.85719955803746,4,1,1,France,Male,Regular,0
7588,61,39,575,25.42318680480511,240.0958316292853,4,1,0,Spain,Male,Premium,0
7589,52,19,445,50.49451380107419,156.26832229596675,4,1,1,France,Female,Regular,1
7590,34,14,656,133.08591155894064,332.89250963769814,2,0,1,France,Male,Regular,0
7591,52,49,305,11.36922173203276,493.9713855898352,4,1,0,Spain,Female,Regular,0
7592,36,47,639,58.130928176627464,552.4893840204692,1,0,1,Spain,Male,Regular,0
7593,37,31,793,5.123839954696021,613.8014263626588,3,1,1,France,Female,Regular,0
7594,53,48,407,10.574446276067393,1051.32559383731,4,1,1,Germany,Female,Premium,0
7595,52,67,370,35.579257151842114,1566.1463310647564,2,0,1,France,Female,Premium,0
7596,49,56,639,61.614769638830055,385.29003715182483,1,1,0,Spain,Male,Premium,1
7597,75,31,399,97.79700160875579,281.15383395466125,4,1,0,Germany,Male,Premium,0
7598,65,7,626,68.11003434012032,2124.7029919484085,4,1,1,France,Female,Premium,1
7599,61,72,332,0.7735930606824023,313.27651754028034,1,1,1,Spain,Female,Regular,1
7600,57,70,442,57.58978829832234,813.9102044276231,2,1,1,France,Female,Regular,0
7601,41,72,543,87.0507618319549,948.234474308005,3,0,1,France,Female,Premium,0
7602,78,64,516,37.27821082007014,1372.7391359000892,1,0,1,Germany,Male,Premium,0
7603,78,17,733,168.48303310123686,351.40657787071467,3,1,1,Germany,Male,Regular,0
7604,34,50,353,0.21608738784750142,1543.9300680756069,4,1,0,France,Female,Regular,1
7605,24,46,450,85.3685127769684,318.3406273119341,1,1,1,France,Male,Regular,0
7606,60,5,354,20.38485976205093,247.70372630796683,4,0,1,Spain,Female,Regular,0
7607,67,66,816,52.555402080765944,569.7298201743482,4,1,0,Spain,Male,Premium,1
7608,18,8,747,59.123922665325445,1119.0611493377626,4,1,1,France,Female,Premium,0
7609,52,67,334,18.28210980439603,557.291148429063,4,1,1,Spain,Female,Regular,0
7610,49,22,418,250.0,975.2836863894458,4,1,0,Germany,Male,Regular,0
7611,53,42,496,5.448909693604268,1573.98704474488,2,1,1,France,Female,Premium,0
7612,30,50,813,8.541141177745564,172.37572379392697,4,1,1,France,Male,Regular,0
7613,23,71,721,111.3700338872212,158.13804261861065,1,0,1,France,Male,Premium,0
7614,75,24,816,6.345092346414314,209.03803112456535,3,1,1,France,Male,Regular,0
7615,31,34,438,24.005628825365317,102.61761536943095,1,1,1,France,Male,Regular,1
7616,54,16,343,66.05196956518662,242.27877695326558,1,0,1,France,Female,Regular,0
7617,65,13,518,78.38886008730732,783.3721389118612,2,1,0,Germany,Male,Premium,1
7618,32,26,557,154.68840271588192,50.0,4,1,1,France,Female,Regular,0
7619,64,14,812,77.93102229685688,269.6318590469448,3,1,1,Germany,Male,Regular,0
7620,79,72,676,93.06589135282142,237.68445429357567,3,0,0,France,Female,Regular,1
7621,21,14,588,149.16648096606818,736.6966799316646,4,1,0,France,Male,Regular,0
7622,57,41,769,40.336816523946325,569.476688078794,3,0,1,France,Male,Regular,0
7623,76,33,402,21.036561742574346,170.15207860126526,2,1,1,Germany,Male,Regular,0
7624,33,47,448,71.69302411674832,925.6578346435589,4,1,1,France,Female,Regular,0
7625,45,3,383,8.92892372903734,751.373474501437,3,0,1,Spain,Male,Regular,1
7626,33,9,325,3.533553408082605,464.6309347013463,1,1,1,Germany,Female,Regular,0
7627,79,4,474,76.93286718683468,1425.1466786447493,3,1,1,Germany,Male,Regular,0
7628,21,47,721,150.46251971383236,285.78367269611607,1,0,1,France,Female,Regular,0
7629,62,30,645,29.209880709813103,268.0493267502961,4,1,1,Germany,Male,Premium,1
7630,43,22,601,8.785182383968504,638.6825499126361,1,1,1,Germany,Female,Regular,0
7631,45,56,597,34.36034058569511,174.48779159247033,1,1,0,Germany,Female,Regular,1
7632,49,12,434,24.98751345734453,312.9156389702178,2,1,1,France,Male,Regular,0
7633,62,8,354,23.298503928660512,424.67468728663675,2,1,1,France,Female,Regular,0
7634,19,24,355,49.453938004566126,825.0148454203613,4,0,1,Spain,Male,Regular,1
7635,48,68,673,9.602579907076434,1878.6727944708955,2,1,0,France,Male,Regular,1
7636,20,23,638,23.940639708573013,554.759531338601,4,0,1,France,Female,Premium,0
7637,71,32,756,101.50470582397526,444.07272521621627,2,1,1,Spain,Male,Premium,0
7638,25,19,654,65.40468547113288,1311.4905776910161,1,1,1,Germany,Female,Premium,0
7639,41,59,431,2.859663081762783,559.691758383723,4,1,1,France,Male,Regular,0
7640,32,47,792,36.06743619884131,791.035823590189,1,0,1,France,Female,Regular,0
7641,60,64,409,4.786755988804664,346.2285870875044,3,1,0,Germany,Male,Regular,1
7642,48,24,425,157.9083590920979,1168.240396881348,4,1,1,Germany,Male,Regular,1
7643,26,68,595,14.028083531581274,149.63297788221755,4,1,0,Germany,Male,Regular,1
7644,56,16,478,134.87111319683297,242.3203625425472,4,0,1,France,Male,Premium,0
7645,62,13,496,89.79090727359349,557.380431708683,2,1,1,Germany,Male,Regular,0
7646,19,15,400,40.07721896908202,588.8075569490632,3,0,0,France,Male,Regular,1
7647,25,70,482,20.49659643893054,275.48761734012453,2,1,1,France,Female,Regular,0
7648,24,58,308,97.5776401882439,91.51596668179985,2,0,1,France,Female,Regular,0
7649,73,66,712,8.28996230682717,255.61129975680274,3,0,1,France,Female,Premium,0
7650,61,43,403,9.920968540314675,390.40266430288995,4,1,1,France,Female,Premium,0
7651,68,32,425,12.72672389904847,1419.574248539463,2,0,0,Germany,Male,Premium,1
7652,56,13,845,45.52747445050534,1269.3067098100605,3,1,1,Germany,Female,Regular,1
7653,59,1,569,18.867592597029883,334.7489741114211,1,0,1,France,Male,Regular,0
7654,78,67,765,226.32460265652728,591.1731564715991,4,1,0,Spain,Female,Regular,0
7655,74,25,417,10.852671396807146,718.7852730528201,1,1,0,Spain,Male,Regular,1
7656,33,39,391,81.89446652279186,803.5665216357577,4,1,1,France,Male,Premium,0
7657,52,45,784,5.037238039094035,446.8359937161343,4,1,1,Germany,Female,Regular,0
7658,47,3,386,21.804971363174484,1195.6994322661633,3,1,1,Germany,Male,Premium,0
7659,27,37,533,13.969989948589113,203.22716612277054,3,1,1,France,Female,Regular,0
7660,55,62,423,188.2576855983324,803.2465618214225,1,1,1,France,Female,Regular,0
7661,35,28,502,1.303370072577532,716.8670550674931,1,1,0,Germany,Female,Regular,0
7662,67,18,331,63.94730574151038,713.7130180951842,2,1,1,Germany,Male,Regular,0
7663,22,40,656,14.232475459563323,626.1984124257536,2,0,0,France,Female,Regular,1
7664,70,34,762,83.366240262215,1454.2371334494078,4,0,1,France,Female,Regular,0
7665,46,69,850,18.641987490973722,831.6292374076978,1,1,1,Germany,Female,Premium,0
7666,56,22,393,10.368692771386021,1055.6016363289025,2,1,1,Spain,Male,Regular,0
7667,77,45,821,59.0518674508589,716.7822499292498,3,1,1,Spain,Female,Regular,0
7668,51,43,707,14.891774600637875,2000.0,3,1,1,Spain,Female,Regular,0
7669,60,47,399,33.23254129846563,173.7606855891112,1,0,1,France,Female,Premium,0
7670,79,51,543,7.051308842202217,575.8926718134637,3,1,1,Spain,Male,Regular,0
7671,62,7,357,64.47617353241012,502.927707327148,2,1,0,France,Male,Premium,0
7672,40,54,656,26.114235202504123,135.35270816157308,2,1,0,France,Female,Regular,0
7673,22,65,790,7.574862797445511,1543.0218004479907,1,1,1,Germany,Male,Regular,0
7674,47,39,619,67.66136692459295,2000.0,2,0,0,Spain,Male,Regular,0
7675,23,30,318,5.455163999715113,1186.1603342262329,1,1,1,France,Male,Regular,0
7676,73,47,656,42.76218320137949,1170.4317900033934,2,1,1,Germany,Female,Regular,0
7677,75,60,416,46.759047912215564,616.5929111517248,2,0,1,France,Male,Regular,0
7678,78,47,435,133.21398814563724,1293.475770597182,2,1,1,Germany,Female,Regular,1
7679,63,37,595,8.183656151160559,400.74017477949815,1,0,1,Germany,Female,Regular,0
7680,61,35,824,52.97145761829191,311.1230228498568,1,0,1,France,Male,Regular,0
7681,21,54,400,23.963810867658157,1443.3548895005742,2,0,1,Germany,Male,Regular,0
7682,46,25,679,25.609189535057176,461.48943781536144,2,1,0,Germany,Female,Regular,1
7683,40,36,454,34.84021116421139,612.0143506887977,2,1,1,France,Male,Regular,0
7684,23,60,404,13.314598172605635,118.21494030127053,3,1,1,France,Female,Regular,1
7685,49,70,825,30.918986341186056,281.76435216838036,4,0,1,Spain,Male,Premium,0
7686,59,21,427,58.053036720921504,212.3601839037904,4,1,1,Germany,Male,Regular,0
7687,35,38,700,30.542707834191933,942.3630870383223,3,0,0,France,Male,Premium,0
7688,32,57,828,2.1719179678120017,753.013585552368,4,1,1,France,Male,Regular,0
7689,57,29,849,14.908594774921891,166.42556001748534,4,1,0,Germany,Female,Premium,0
7690,75,17,423,21.65159621876749,490.94844637032776,4,1,1,France,Male,Premium,0
7691,49,17,659,21.903635485669103,207.15460311042128,2,1,0,France,Female,Premium,0
7692,26,38,363,4.223832833780006,611.9316677947448,3,0,1,Spain,Female,Regular,0
7693,54,25,401,29.852824509595678,635.140886891061,2,1,1,France,Male,Regular,0
7694,27,70,576,58.874499347077546,203.45978605750986,4,1,1,Germany,Female,Premium,0
7695,37,6,526,2.494819738399661,714.9641631633037,3,1,1,France,Female,Premium,0
7696,23,68,322,69.49989501276474,296.4384608810295,3,0,1,Germany,Male,Premium,0
7697,65,72,363,155.1716684933653,444.9176486977742,2,0,0,France,Male,Premium,1
7698,73,45,456,0.469101515092044,2000.0,1,1,1,Spain,Male,Regular,0
7699,76,17,689,10.764493365039192,1038.5709119968215,3,0,1,Germany,Male,Premium,0
7700,80,12,448,39.206990777452575,1523.6303718204256,1,1,1,France,Female,Regular,0
7701,20,24,662,12.298191123627722,252.09723239913822,4,0,1,Germany,Male,Regular,0
7702,59,7,763,72.32898375693331,913.942676893004,3,1,1,France,Male,Premium,0
7703,28,35,698,18.708084266973408,652.588104802034,1,1,0,Germany,Male,Premium,1
7704,60,13,704,17.380471035182804,420.8029449874769,1,0,0,Germany,Male,Regular,1
7705,34,45,431,0.04621514098563699,215.55013478469078,2,1,0,France,Female,Premium,1
7706,49,62,496,15.744181015684426,547.5650486126539,1,1,1,France,Male,Premium,0
7707,21,39,334,12.273964984274624,377.57730515613713,4,0,1,France,Male,Regular,0
7708,80,14,719,21.02190483179459,204.76391055969893,4,1,1,France,Female,Regular,0
7709,21,7,676,7.988292196157293,57.85960640511123,3,1,0,France,Female,Regular,1
7710,34,62,698,45.1500548806514,1052.9639208918138,2,0,1,France,Male,Premium,0
7711,58,7,519,13.639117565344067,252.15320294696176,2,1,1,France,Male,Regular,0
7712,36,31,816,89.11547250663861,740.2528938657847,2,1,0,France,Male,Premium,0
7713,22,44,641,16.74273355093963,500.9988633312093,4,0,1,France,Male,Premium,0
7714,49,51,715,11.841184930534894,320.9767487221301,1,0,1,Spain,Male,Regular,0
7715,39,12,755,2.9212682009180893,1210.6605978958073,4,1,1,France,Female,Regular,0
7716,73,23,596,67.33574139092524,143.9643384957513,4,1,1,Germany,Male,Regular,0
7717,23,39,630,35.484988601269244,630.1679761409006,1,1,1,France,Female,Regular,0
7718,52,8,638,6.039671720811823,342.716261003255,4,1,0,France,Female,Regular,1
7719,39,66,597,12.50870424710519,227.8198636548312,3,0,0,Germany,Female,Regular,1
7720,18,61,611,250.0,755.9903825221432,3,1,0,France,Female,Regular,0
7721,37,60,354,82.00226035435949,508.5835450412222,3,0,0,Spain,Female,Premium,0
7722,39,0,833,21.529107256075438,619.0100183450124,3,0,1,Germany,Male,Regular,0
7723,65,65,404,39.104912489424834,107.15963843343563,3,1,1,Germany,Female,Premium,0
7724,72,31,474,26.8941839132329,93.80712724024119,2,1,1,Spain,Female,Regular,0
7725,28,12,593,1.8534089766908477,476.0532065378613,4,0,1,Spain,Male,Regular,0
7726,30,32,850,75.40660738185912,435.8037737318196,1,0,1,France,Female,Regular,0
7727,76,31,674,63.1129656330099,829.5165706740479,2,0,0,Germany,Female,Regular,0
7728,59,55,749,26.280241213382233,1153.6213437522044,1,0,0,Germany,Female,Premium,0
7729,20,23,744,93.50674786045582,636.0015322140903,4,1,1,France,Male,Regular,0
7730,26,3,359,38.257847224253354,559.5879124629344,2,0,1,Germany,Female,Regular,0
7731,77,22,691,3.3715852199099694,1070.724639233983,1,1,1,France,Male,Premium,0
7732,29,28,689,15.01515519928695,1410.7508439545345,3,1,1,France,Male,Regular,0
7733,40,26,511,30.973728508948987,203.31429369989712,2,1,1,Spain,Male,Regular,1
7734,31,29,834,5.46001829561135,452.4663755870126,3,1,1,Germany,Male,Premium,0
7735,50,19,539,42.32438193594444,356.5806170757292,2,1,0,Germany,Female,Regular,0
7736,35,15,787,6.42396091503121,800.4078211473362,4,1,1,France,Male,Premium,0
7737,66,66,421,11.188949250737949,386.7449451489142,2,1,0,France,Female,Regular,0
7738,76,51,552,112.20810292147799,477.20548875666435,4,1,1,Spain,Male,Regular,1
7739,58,57,440,250.0,615.3522693964067,2,0,1,Germany,Male,Regular,0
7740,26,43,751,39.9535420762372,763.461015584029,4,0,1,France,Male,Regular,0
7741,40,37,452,48.33298716816052,407.1920404732158,3,0,1,France,Female,Regular,1
7742,27,22,607,79.83377175247409,497.8841996156201,4,0,1,Germany,Female,Regular,0
7743,36,58,616,59.559327599047705,129.33246849295782,3,1,0,France,Male,Regular,0
7744,78,0,828,10.073172653916274,383.83477143344726,2,1,0,France,Male,Premium,0
7745,64,14,595,26.523492766139668,256.3866934209023,2,0,1,France,Female,Premium,0
7746,22,51,644,38.29842415462017,469.7214519816402,2,1,1,Germany,Female,Regular,0
7747,64,57,581,22.291859579140276,468.89551064074925,2,1,1,Germany,Male,Premium,0
7748,69,40,507,9.685680208378349,1301.8664004092645,3,0,0,France,Female,Premium,0
7749,40,43,395,66.61178007958351,608.4814331445164,1,0,1,France,Male,Premium,0
7750,47,3,751,11.08512981689317,505.89435266568637,1,0,0,Germany,Female,Premium,0
7751,42,67,672,15.088098444382087,387.03510143970294,4,1,1,Germany,Female,Regular,0
7752,45,6,372,16.88001669317549,714.5337813060182,2,1,1,France,Female,Regular,0
7753,51,45,632,8.823688253852284,265.4342674716389,2,1,0,France,Male,Regular,1
7754,62,8,692,94.7067631785168,326.2654449696846,1,1,1,France,Male,Premium,0
7755,73,35,405,47.159504731920535,869.8240572571957,1,1,0,France,Male,Premium,1
7756,65,32,400,90.01422420396015,229.636071577077,2,0,1,France,Female,Regular,0
7757,64,3,658,34.03418995959983,581.8921976870872,2,0,1,France,Female,Regular,0
7758,42,64,628,36.65296280501322,891.707620643271,1,1,1,Spain,Male,Premium,0
7759,27,33,694,47.8744719158172,157.49460221855313,3,1,1,France,Male,Regular,0
7760,31,63,334,23.174805969082808,374.30574056641206,2,1,0,France,Male,Regular,0
7761,59,29,456,34.31693006457886,248.14719310197782,1,0,0,France,Female,Premium,1
7762,74,54,572,39.58379089980096,286.65974678733295,3,1,1,France,Male,Premium,0
7763,63,8,695,153.46079945147824,418.37846706835387,1,1,1,Spain,Female,Premium,0
7764,75,16,506,107.2398227105092,651.9291963196899,2,0,1,Germany,Female,Premium,0
7765,47,20,605,6.919780042036713,1259.2111310437183,4,1,1,Germany,Male,Regular,0
7766,72,68,835,2.107939527145779,545.8404401497793,1,1,0,France,Female,Regular,1
7767,80,12,761,57.02392136807617,517.9706393852474,4,1,1,Spain,Male,Regular,0
7768,58,2,551,2.5225070573150217,204.86699771522424,4,1,1,Spain,Female,Regular,0
7769,42,65,566,3.1124473415260625,643.4941627320087,2,0,0,Germany,Male,Premium,1
7770,31,3,508,8.673843144277571,933.9537178821165,3,1,1,France,Male,Regular,0
7771,52,6,838,21.670633224643108,782.1049168028438,4,1,1,France,Female,Premium,0
7772,69,25,802,28.546133309004922,103.64081888280519,3,1,1,France,Female,Premium,0
7773,65,23,813,36.63371264212106,460.215710145509,2,0,1,France,Female,Regular,0
7774,51,9,447,243.2501372156195,147.29830850618657,2,1,1,Germany,Male,Regular,0
7775,27,12,382,24.325577287863858,1230.4019688319347,2,1,1,France,Male,Regular,0
7776,52,45,341,13.90329591237878,387.62129273171996,3,0,0,Germany,Female,Premium,1
7777,28,38,455,42.813009452000145,695.1275732485195,1,1,1,Spain,Male,Premium,0
7778,28,26,752,12.113193800284572,838.7956083297582,4,0,0,France,Male,Regular,1
7779,38,50,583,141.12545895265026,712.8708467081127,2,0,1,Germany,Male,Regular,0
7780,38,18,487,15.00489501171247,864.9550352965886,4,1,1,France,Male,Regular,0
7781,39,51,773,229.9302673550904,301.24568859237377,3,1,1,Germany,Male,Regular,0
7782,62,46,806,27.121679212636245,421.7188935608802,3,1,0,France,Male,Premium,0
7783,24,29,432,83.74844826208255,1339.7649717918591,4,1,0,France,Male,Regular,0
7784,72,52,570,52.24603993161868,1668.1946667186032,1,0,0,France,Male,Regular,1
7785,34,20,372,135.5232866411194,938.9649944147166,2,0,1,Germany,Male,Regular,0
7786,79,47,735,49.09842213659171,689.810504924624,1,0,1,Germany,Female,Regular,0
7787,19,62,592,43.52023658808887,598.1038545124195,4,1,0,France,Male,Regular,1
7788,29,57,736,52.90026788148317,1059.3354871378174,2,0,1,Spain,Female,Regular,0
7789,74,17,359,77.19785086989403,589.3945752230948,2,1,1,Germany,Male,Regular,0
7790,59,58,626,114.5533996027788,911.2537531053011,4,0,0,France,Male,Regular,0
7791,35,60,481,15.517854261569505,1761.1732993361888,2,0,0,France,Male,Premium,1
7792,71,62,733,11.212651570491685,1684.663223582803,1,1,1,Germany,Male,Premium,0
7793,76,18,818,1.7476757051910152,1139.6701867805425,3,1,1,Spain,Female,Regular,1
7794,28,33,382,23.10805933083475,960.5976192896725,3,1,0,France,Female,Regular,0
7795,33,60,327,93.60024229424454,238.3270094348447,4,1,1,Spain,Female,Premium,0
7796,66,52,565,3.62087010217435,148.17532993789942,3,1,1,Spain,Male,Regular,0
7797,68,24,582,38.66583643073225,635.4583350663129,3,0,1,France,Female,Regular,0
7798,35,67,696,59.33753732109136,828.0288935740297,4,1,0,Germany,Male,Regular,1
7799,52,3,682,90.65519235559984,969.9838156391489,4,1,1,France,Female,Premium,0
7800,70,12,618,43.785076859543544,235.43937527586735,2,0,1,France,Female,Regular,0
7801,76,41,492,10.309406159588796,67.93811992266959,4,1,1,Germany,Male,Regular,0
7802,43,50,526,166.96222313511853,722.3220969155481,1,1,1,Germany,Male,Premium,1
7803,33,63,750,4.971766901210171,140.83673565914674,4,1,0,France,Female,Regular,1
7804,23,46,481,73.26679439645535,193.13175115607595,2,1,1,France,Female,Regular,0
7805,74,7,626,4.526836852959424,681.7673483101644,2,0,1,France,Male,Regular,0
7806,61,54,502,7.740326023584671,468.4184231507365,4,1,1,Germany,Female,Regular,0
7807,60,17,701,114.24491831567562,119.33570277921963,1,1,0,France,Male,Regular,0
7808,64,34,771,69.93346247949871,299.4240936919349,2,0,1,Germany,Male,Regular,0
7809,64,31,478,22.74655138696354,431.4069841097861,1,1,1,Germany,Male,Regular,0
7810,65,23,317,50.9057028520042,245.21686548509103,2,1,1,France,Female,Regular,0
7811,59,15,762,30.555067566258664,677.7454312461158,3,1,0,France,Female,Regular,1
7812,29,21,845,3.4427383849170248,142.08494097165453,2,0,1,Germany,Female,Regular,1
7813,77,68,702,63.850050401739836,995.0463123123153,2,0,0,France,Male,Regular,0
7814,30,40,692,72.03873617480359,1381.2888652849933,2,1,0,France,Male,Regular,1
7815,21,30,599,106.99839753057267,999.0179663999708,2,1,0,Germany,Female,Regular,0
7816,56,26,650,38.89576431765823,1437.4379694880229,2,0,0,France,Male,Premium,1
7817,71,38,486,55.91085328012091,380.50486121681087,4,1,0,France,Male,Regular,1
7818,19,51,646,28.817157276182098,554.1711863842064,4,0,1,France,Male,Regular,0
7819,43,21,708,19.202986758572813,1319.6620047074941,1,1,0,Spain,Male,Regular,1
7820,76,45,370,26.525912446620616,1440.695064344535,3,1,0,France,Male,Regular,1
7821,44,58,626,121.38041439693794,269.62868124541166,4,1,0,France,Male,Regular,0
7822,44,13,511,8.966578665300911,879.4990520804175,3,1,0,France,Male,Regular,0
7823,32,43,608,14.284191355095292,802.5457392801794,1,1,1,France,Male,Premium,0
7824,80,47,407,46.59443645213616,202.37035070025127,1,1,1,Germany,Male,Regular,0
7825,25,42,476,6.1808252026408965,991.9121518784488,2,0,1,France,Male,Regular,0
7826,24,15,726,111.21851581880055,399.5958022836707,4,1,1,France,Female,Regular,0
7827,80,34,830,2.419421766484735,368.14791351644044,2,0,1,Germany,Male,Premium,0
7828,64,52,717,70.38862739514956,698.9493394304707,2,1,1,Spain,Male,Regular,0
7829,72,41,547,23.398528637261983,199.94333454112666,1,1,0,Germany,Male,Regular,1
7830,63,2,508,2.626048363030551,594.2276781957515,2,0,0,Germany,Male,Regular,0
7831,80,67,515,92.55251516958943,185.45892787017104,1,1,1,France,Female,Regular,0
7832,57,4,737,51.14652475441349,1028.916133676109,4,0,1,Spain,Male,Premium,0
7833,77,9,610,0.44490903984173374,388.0463220729186,4,1,0,France,Female,Regular,0
7834,29,51,682,15.566839165376123,324.32093627999785,2,1,1,France,Female,Regular,0
7835,30,23,570,21.6967483699258,445.0803520668312,1,1,1,France,Male,Regular,1
7836,79,44,420,19.473054090514697,599.6460400883338,4,1,0,Germany,Female,Regular,1
7837,60,65,706,34.49183621157019,360.8031076289051,3,1,0,France,Male,Premium,0
7838,34,67,544,37.41216988469095,1955.2114998600334,4,1,1,France,Male,Premium,1
7839,80,36,365,25.27151173723878,1486.8107350261641,1,1,1,Germany,Female,Regular,0
7840,78,37,527,20.156168015392804,634.3949322210555,2,1,0,France,Female,Regular,1
7841,34,32,436,35.10024758099489,302.46809724835634,1,0,1,Germany,Male,Regular,0
7842,73,67,493,1.7096696074343494,932.8700644183368,2,1,1,France,Female,Regular,0
7843,53,58,788,51.81029945946361,441.2516046155394,4,0,1,France,Male,Premium,0
7844,38,63,653,46.56799986638336,265.5254767488913,2,1,1,France,Male,Premium,0
7845,25,43,456,16.37105210811679,826.8432102624613,2,1,1,Germany,Male,Regular,0
7846,22,48,775,9.893009747769842,941.3680882171119,2,0,0,France,Male,Regular,0
7847,43,64,315,3.7892751395161453,722.1311188912833,2,0,0,France,Male,Regular,1
7848,33,48,377,44.25701801078815,221.75128271808745,3,0,1,France,Female,Regular,0
7849,53,69,351,42.07079147654035,1165.0007837162575,3,1,0,France,Female,Premium,1
7850,45,62,813,38.10536942657703,165.56163934605814,2,1,1,Germany,Male,Premium,0
7851,71,24,803,212.0898250946337,1189.7525125170437,1,0,1,Spain,Female,Regular,0
7852,46,3,360,37.91566677321491,532.0247666428105,1,1,0,Germany,Male,Regular,0
7853,64,50,431,63.96908392937245,631.2473318184262,4,1,1,Germany,Female,Regular,0
7854,29,10,681,5.990908046625811,239.30840636447783,3,1,1,France,Female,Regular,0
7855,54,16,842,17.76028613048411,756.967337911622,4,1,0,Spain,Male,Regular,0
7856,47,65,709,16.10999172682054,359.25860674919136,4,0,0,France,Male,Regular,0
7857,40,72,454,42.89820281079725,2207.1462197312494,3,1,0,Germany,Male,Regular,1
7858,33,72,350,20.084603874213165,950.326044199891,2,1,0,Spain,Male,Premium,0
7859,31,72,394,51.230897033939684,1343.1571755467019,1,1,1,France,Male,Regular,1
7860,27,28,822,58.57362523532795,464.03146635444983,4,1,0,Spain,Male,Regular,0
7861,24,72,823,1.7135208389061105,875.3634783250437,1,0,1,Germany,Male,Regular,0
7862,62,71,654,51.04892264537546,822.7521012669635,2,1,1,Spain,Male,Premium,0
7863,69,19,344,6.209464727384305,902.5496306088784,4,0,1,Germany,Female,Premium,0
7864,77,26,504,31.287073236775402,380.86024802134335,1,1,1,Germany,Female,Regular,0
7865,78,9,730,64.83668312831703,555.2116567712143,3,1,0,France,Female,Premium,1
7866,54,60,555,60.759270893572726,121.41350486874286,4,0,1,France,Female,Premium,0
7867,46,27,547,17.821073445987764,306.29191846178554,2,1,1,France,Male,Regular,0
7868,20,69,832,15.897844947185327,358.60409471351613,4,1,1,Germany,Female,Regular,0
7869,32,2,340,29.011152769498537,625.5205183453897,4,1,1,France,Male,Premium,0
7870,53,68,758,10.453840363595619,704.3175989880651,1,0,1,France,Male,Regular,0
7871,64,72,576,183.8455930314905,98.45758109445872,1,1,0,France,Male,Regular,0
7872,63,6,494,21.149672134006895,368.4438899787304,3,1,1,Spain,Female,Premium,0
7873,69,59,370,128.19312552260396,301.87053643275516,2,0,1,France,Female,Regular,0
7874,36,3,569,119.44254446896929,1083.0354869946266,3,0,1,France,Male,Regular,0
7875,30,4,634,22.694624675021018,351.956911589564,1,1,1,France,Male,Regular,0
7876,59,23,607,14.657156665055112,448.109319941298,2,0,1,France,Male,Regular,1
7877,38,14,726,73.66578898645427,1123.0831947356764,3,1,1,Spain,Male,Regular,0
7878,54,63,498,13.027855010283623,1140.0907826852424,4,1,0,France,Male,Regular,0
7879,44,12,375,36.82845989836794,488.9089846206745,3,0,1,France,Male,Regular,0
7880,72,6,824,5.865434719818248,1035.3985254492163,2,1,1,Spain,Female,Regular,0
7881,69,5,529,24.382492973144597,552.8208154368707,4,1,1,Spain,Female,Premium,0
7882,46,55,384,4.0689049769434025,105.69876105576151,1,0,1,Germany,Male,Regular,0
7883,37,63,461,16.664636319285957,223.00717952022669,4,1,1,Spain,Male,Regular,0
7884,42,49,696,54.72509811086318,669.92760682167,2,1,1,Spain,Male,Regular,0
7885,23,29,670,237.26275919053955,685.9072546953005,4,1,1,Germany,Male,Regular,0
7886,80,21,514,14.705641711158263,891.9646840070276,3,1,1,France,Male,Premium,0
7887,53,38,300,32.05822879225499,635.9292814568319,3,1,1,Spain,Female,Regular,1
7888,19,27,676,29.71453886310486,727.3319904722177,4,1,1,France,Male,Regular,0
7889,39,38,711,10.17646094797794,241.40230394109275,2,0,1,Germany,Male,Premium,0
7890,49,66,499,47.08927857093262,1657.7249357482292,2,0,1,France,Male,Regular,0
7891,33,4,482,64.49559179180892,1240.1981161896667,2,1,1,Germany,Female,Regular,0
7892,35,64,709,7.962653613132592,250.18894434723546,2,1,1,Spain,Male,Regular,0
7893,22,26,697,70.76033057270374,327.1811692313444,3,0,0,Germany,Female,Premium,1
7894,71,66,515,60.225586775411564,705.8997243086768,2,1,1,Germany,Female,Regular,0
7895,53,39,648,10.99138280055388,476.1946419047596,2,1,1,France,Female,Regular,0
7896,47,68,340,52.34099252297948,994.0510776338549,4,1,1,Spain,Male,Regular,0
7897,62,42,302,25.016682819792855,578.5047129059697,4,0,0,France,Female,Regular,0
7898,36,0,393,57.14980477311688,1332.2469305125542,3,0,0,Spain,Male,Regular,0
7899,40,21,358,34.26855982559347,514.9106232739038,3,1,0,France,Male,Regular,0
7900,51,61,706,2.4667435745643065,967.6905255685351,3,1,1,Germany,Female,Regular,0
7901,30,25,317,77.31540700065551,589.4819230220229,2,1,1,Germany,Female,Regular,0
7902,60,31,793,40.55150259088375,736.9890803078234,4,0,1,France,Male,Regular,1
7903,79,47,807,64.51188170415321,570.0646963875678,4,1,1,Germany,Female,Premium,0
7904,71,8,631,6.737851449372336,50.0,2,1,1,France,Female,Premium,0
7905,46,0,468,63.87602893308299,349.5355238505556,1,0,1,France,Male,Premium,0
7906,53,8,505,26.693300371047453,420.438737570447,2,1,1,Spain,Female,Premium,0
7907,39,22,820,80.28899157533449,754.2171060967338,1,1,1,France,Male,Premium,0
7908,69,44,804,45.71037957130463,915.5788168507786,2,0,1,Spain,Female,Regular,0
7909,69,1,645,21.9176614965267,492.5944808089884,3,1,1,France,Male,Regular,0
7910,64,13,603,11.277130854082824,953.9106158272045,1,1,1,France,Male,Regular,0
7911,53,37,414,84.62037396567516,1161.829088563513,1,1,1,France,Female,Regular,0
7912,26,38,386,41.070925986424825,470.77128663962793,3,1,1,France,Female,Regular,1
7913,56,62,394,218.97378507467332,466.5469644592905,1,1,0,Spain,Male,Regular,0
7914,68,15,727,23.379421038196433,582.6196735453581,4,1,1,France,Female,Premium,0
7915,36,5,749,57.87342469300428,276.33851544676713,2,1,1,France,Female,Regular,0
7916,55,13,840,48.75175316007543,778.5751460235603,1,1,0,France,Male,Premium,1
7917,23,13,301,50.747811751290506,807.612036174028,3,1,1,Germany,Male,Regular,0
7918,69,65,377,66.77625346165853,1209.2087639654108,2,1,1,France,Male,Premium,0
7919,64,72,623,7.489327159323649,555.3854623690579,1,1,1,Germany,Female,Regular,1
7920,32,30,397,39.8858497783382,865.7832116130728,2,0,1,France,Female,Regular,0
7921,74,32,409,35.57876402781836,392.3047155038216,1,0,1,France,Female,Regular,0
7922,37,0,756,20.967791127908765,281.0527609620626,4,0,0,France,Male,Regular,0
7923,26,43,787,28.64837464907506,1226.1537994862529,3,0,0,Germany,Male,Regular,0
7924,49,23,670,36.57486960721068,591.5243012404613,4,1,0,Spain,Female,Premium,1
7925,21,36,636,19.35098735092399,548.7945180186601,4,1,1,Germany,Female,Premium,0
7926,67,27,321,17.347464732250543,407.77070058059616,1,0,0,France,Male,Regular,1
7927,35,47,604,67.02258390475428,379.83815081213896,4,0,1,Germany,Male,Regular,0
7928,22,26,571,3.463117321017796,916.8958065857266,3,1,0,France,Male,Premium,0
7929,37,11,789,18.76836225617599,432.69553143557914,2,1,1,France,Male,Regular,0
7930,40,66,745,53.02410072220168,615.2710452941793,2,1,1,France,Female,Regular,0
7931,79,29,577,11.70851669257999,67.40544790071016,2,1,0,France,Male,Regular,0
7932,28,72,676,42.46346423503877,1601.6413210586081,1,1,0,Spain,Male,Regular,1
7933,54,6,531,17.988568191457187,443.4392753371174,3,1,1,France,Male,Premium,0
7934,39,33,725,92.67151278457673,827.1432391286496,1,1,1,Spain,Male,Regular,0
7935,75,31,354,21.538325205905416,626.5835639423733,4,1,1,France,Male,Regular,0
7936,21,38,740,13.03685596183866,563.4003275486746,3,1,1,Germany,Female,Premium,0
7937,46,51,333,37.76217054881537,1155.5221157652654,4,1,1,Spain,Female,Premium,1
7938,61,42,628,7.289483129535823,835.6559355436137,3,1,1,France,Female,Premium,0
7939,51,2,753,79.84681111306155,438.4225520162704,2,1,1,France,Male,Regular,0
7940,30,45,687,56.9761286156399,669.564236947216,3,1,1,Spain,Female,Premium,0
7941,59,31,729,73.59455253239346,1697.3150885042207,1,1,1,Germany,Female,Regular,0
7942,26,42,775,25.447885120651648,167.97213774508387,2,0,1,France,Female,Premium,0
7943,59,2,424,90.09152476627742,319.2095121647909,3,1,0,France,Female,Regular,0
7944,48,62,822,34.01629929716128,182.24074749182745,1,1,1,Spain,Male,Regular,0
7945,24,39,781,4.974391623410677,383.83960077879624,1,1,1,France,Male,Regular,0
7946,21,17,616,12.682022575454251,359.13166034140426,4,1,1,Spain,Female,Premium,0
7947,36,70,421,62.07556559060268,1103.7849095555446,2,1,0,Germany,Female,Premium,1
7948,59,66,846,113.37166058942019,212.05291442903837,3,1,1,Germany,Female,Regular,1
7949,47,9,612,5.001271540428041,860.752608976962,3,1,1,France,Male,Regular,0
7950,48,51,786,99.8340494015591,743.4064521364903,2,0,1,France,Male,Regular,0
7951,52,72,311,80.23989200658713,72.34928293882255,4,1,1,Germany,Male,Premium,0
7952,74,45,424,22.04640718798758,488.9386040008418,4,1,1,Germany,Female,Premium,0
7953,38,54,376,58.44264047103932,500.38747914364876,2,1,0,France,Male,Premium,0
7954,78,45,535,10.34821617512693,656.0256575479458,2,0,0,France,Female,Regular,0
7955,48,59,553,83.93760425894553,316.08805014998893,2,1,0,Spain,Male,Premium,0
7956,36,25,705,53.55068612498073,1655.0797033280849,1,1,1,Germany,Male,Premium,0
7957,48,26,542,28.886514163860156,359.9243599998807,2,0,0,Germany,Female,Regular,0
7958,70,37,760,99.94557184203948,156.69598563484956,4,1,1,France,Female,Regular,0
7959,49,21,576,7.496658544270749,618.3705809824313,3,1,0,France,Male,Regular,0
7960,19,24,768,93.47058236657834,1344.4070426570186,3,0,0,Germany,Male,Regular,1
7961,76,72,519,1.2088156290743268,533.5092320942921,4,1,0,France,Male,Premium,1
7962,69,34,524,69.95893126146893,216.87502985702787,3,1,0,France,Female,Premium,0
7963,27,65,400,42.591213410230836,695.5888989514059,4,0,1,Germany,Female,Regular,0
7964,19,72,806,59.65548002835484,261.6947487536965,1,1,1,Spain,Female,Regular,0
7965,19,50,630,26.58072154602631,425.4954293473986,3,1,1,France,Male,Regular,0
7966,77,17,536,99.91746188836628,585.0476229018021,1,1,1,Spain,Female,Regular,0
7967,41,42,638,18.781896521782695,426.84875366767585,3,1,1,France,Male,Premium,0
7968,34,11,805,16.076097522054255,1893.881448538073,2,1,0,France,Male,Premium,1
7969,49,2,464,17.958949948310927,1048.3379830351387,1,1,1,France,Female,Regular,0
7970,33,6,517,74.44157505562177,2000.0,1,0,1,Germany,Female,Premium,0
7971,33,5,675,34.188735123726424,123.86057128975841,1,0,1,Germany,Female,Regular,0
7972,63,44,311,38.51062654905273,605.252809965087,4,0,1,France,Female,Premium,0
7973,56,38,731,89.08711596369,854.2108803748273,3,0,1,Germany,Male,Premium,0
7974,70,50,382,89.59764009076328,529.3599180831734,2,0,0,Spain,Male,Regular,0
7975,48,8,730,8.821235147214727,1067.540402229246,4,0,1,France,Male,Regular,0
7976,60,22,777,39.899577348765305,550.5551569229646,3,1,0,Germany,Female,Regular,0
7977,41,11,668,6.7347867351765585,366.61859186610883,1,1,1,France,Male,Regular,0
7978,18,56,440,101.44824808964785,411.29119762928514,4,1,0,Germany,Male,Regular,1
7979,28,72,755,90.70200304903746,50.0,2,0,1,Spain,Male,Premium,0
7980,72,39,801,94.63942172089178,68.42450720958779,1,1,1,Germany,Male,Premium,0
7981,38,53,702,61.01501889566732,332.964338595248,4,0,1,France,Male,Regular,0
7982,21,9,587,31.45018431324051,856.0106530719585,1,1,0,Germany,Female,Premium,1
7983,24,16,654,25.936272800453143,554.7098325721691,3,1,1,Spain,Female,Premium,0
7984,43,49,642,25.14490349390735,397.9417102224485,3,0,0,France,Female,Regular,1
7985,64,23,448,3.4253345886139805,2000.0,2,0,1,Germany,Male,Premium,0
7986,67,1,509,148.66947362879023,506.8233044147288,3,1,0,France,Male,Premium,0
7987,29,32,411,29.916916021900313,961.5861010854999,3,0,1,France,Female,Regular,0
7988,48,27,835,133.0451401899123,169.5502739003614,3,1,1,Germany,Female,Regular,1
7989,34,52,348,105.7047712260316,667.8162231307789,1,0,1,Spain,Female,Regular,0
7990,50,45,630,88.1907940104696,1055.6753130315649,1,1,1,Spain,Male,Regular,0
7991,28,44,664,44.3740965638358,103.0748237600012,3,1,1,France,Male,Regular,0
7992,45,16,310,5.354538692948003,481.42525220663265,1,1,0,France,Female,Regular,1
7993,49,5,487,19.57156098650898,1057.3222207916765,3,0,1,Germany,Female,Regular,0
7994,18,50,808,46.26483436187973,989.7045980251976,2,1,1,Germany,Male,Regular,0
7995,64,34,744,0.6773579093464922,419.76987818139395,4,1,0,France,Female,Regular,0
7996,45,52,389,2.178314586646883,585.0965969673412,4,1,1,France,Female,Regular,0
7997,70,18,747,56.607944129596056,371.52140128580686,3,1,1,Germany,Male,Regular,0
7998,59,68,331,109.55346119848228,517.6494085826879,2,1,1,France,Female,Regular,0
7999,24,37,626,96.60735998489248,1412.9762770164016,3,1,1,France,Male,Regular,1
8000,19,10,373,9.204873227898295,583.8914324968911,4,1,0,France,Female,Regular,1
8001,59,16,550,121.08727091712142,1532.5247781839319,2,1,1,France,Female,Premium,0
8002,41,35,749,59.58610765459609,449.52160148014093,1,1,1,France,Female,Regular,0
8003,21,20,654,62.996471323113354,352.7102697700726,4,1,1,Spain,Male,Regular,0
8004,61,17,832,18.123240843085007,588.4592122647042,4,1,1,France,Male,Regular,0
8005,36,54,595,62.93848438296934,420.29510829239223,3,1,0,France,Male,Regular,1
8006,43,17,597,61.85447072190753,1093.3924683224798,2,1,1,Spain,Female,Regular,0
8007,28,0,627,45.1521345014443,203.83063323834395,2,0,0,Spain,Male,Regular,0
8008,57,13,601,22.10295914910797,742.4320978601461,1,1,1,France,Male,Regular,0
8009,67,17,811,83.30423283539335,277.84683908021134,2,1,0,Germany,Female,Regular,1
8010,60,65,637,138.6437885559336,104.53687665981134,3,1,0,France,Male,Premium,0
8011,28,46,673,101.9681463802851,326.1971101842177,2,0,1,Germany,Male,Regular,1
8012,62,59,393,13.918227069768852,289.6163546956598,2,1,1,Germany,Male,Regular,0
8013,20,33,431,29.500100462787298,638.6238296097498,2,0,0,France,Female,Regular,0
8014,29,35,352,20.95901303715624,474.0239800950822,1,1,1,Spain,Male,Regular,0
8015,20,61,795,61.46103504703976,685.2282027665208,1,1,1,France,Male,Regular,0
8016,59,-2,528,89.03810938175017,1244.3354511105206,4,1,0,France,Male,Premium,1
8017,44,41,511,12.15431286406355,489.4360672228284,4,1,1,Germany,Male,Regular,0
8018,66,0,803,147.1337853172341,165.70890040432704,1,1,1,Germany,Female,Regular,0
8019,71,53,794,56.5561231912408,275.90983182817047,2,1,1,France,Female,Premium,0
8020,19,59,532,12.323671415426025,799.7652487480581,1,1,0,Germany,Male,Premium,1
8021,66,49,370,23.188722451417156,327.478757951199,1,1,0,France,Female,Regular,1
8022,33,39,488,5.524619620725438,363.23332676187925,3,1,0,France,Male,Regular,1
8023,19,6,307,45.449495521086284,375.36489687014773,2,1,1,France,Male,Regular,0
8024,77,21,631,9.267799168211752,537.4924451553393,1,0,1,Spain,Male,Regular,0
8025,71,56,315,59.06002662506874,491.84328450616243,3,1,0,France,Male,Premium,1
8026,47,53,392,66.82699371716981,66.74585609959755,4,1,1,Germany,Female,Regular,1
8027,37,71,561,32.63240446741708,290.1057891475305,3,0,0,France,Male,Premium,0
8028,55,6,848,4.925687701578771,1095.0180752646677,2,0,0,Germany,Male,Regular,1
8029,45,13,460,47.192499934823054,658.3431978860941,4,1,1,Spain,Female,Regular,0
8030,42,45,650,23.27710002640326,315.498620352378,4,1,1,France,Male,Premium,0
8031,49,5,473,149.43532184643666,873.6517952239378,2,0,1,Spain,Female,Regular,0
8032,78,20,616,35.99568204129069,1088.808780548183,4,1,1,France,Male,Premium,0
8033,27,61,317,3.750514972191901,746.4801085962317,4,1,0,Germany,Female,Premium,0
8034,77,18,785,50.536813219297684,460.74528562652654,3,1,1,France,Female,Regular,0
8035,59,60,666,75.55971617478683,866.1544294294836,4,1,0,Germany,Female,Regular,1
8036,57,56,650,8.747607449629898,317.5875973952673,2,0,0,France,Female,Regular,1
8037,50,23,827,29.80622923834686,361.40553079793585,4,1,1,France,Male,Premium,0
8038,30,55,734,67.9722921449005,182.98235963994554,3,0,1,France,Male,Regular,0
8039,73,61,569,1.0353261691924938,1184.266532220306,1,1,1,Spain,Male,Regular,0
8040,58,33,367,1.4698852599334102,143.13859524082648,4,1,1,France,Male,Regular,0
8041,71,21,329,56.49153770284872,489.8210815881465,2,1,1,France,Female,Regular,0
8042,59,67,615,64.57221405273309,359.5468176008611,1,0,1,France,Male,Premium,0
8043,64,68,463,93.49776130719395,85.1952531007514,4,1,0,France,Female,Regular,1
8044,54,9,619,25.5079436207564,930.5713227405856,2,1,1,France,Female,Premium,0
8045,71,65,313,24.69651329725927,293.9764006951313,3,1,1,France,Male,Premium,0
8046,33,9,578,40.189187588727705,109.23989885452008,1,1,0,Spain,Male,Regular,1
8047,62,47,731,70.8020117801136,388.1479646320714,3,1,1,Germany,Male,Regular,1
8048,39,63,562,51.220557759096785,598.0288754092466,3,1,1,Spain,Male,Regular,1
8049,74,27,821,19.824522840200977,240.956481351043,3,0,1,Germany,Female,Regular,0
8050,37,9,471,21.27425306823812,273.6612164933189,2,1,1,Spain,Female,Regular,0
8051,67,44,657,71.98579816207578,597.4136506077393,2,1,1,France,Female,Regular,0
8052,60,64,312,38.24791473841665,542.2341615453788,3,1,1,France,Female,Regular,0
8053,44,66,531,5.1557173192816395,852.0319259462758,3,1,1,Spain,Female,Regular,0
8054,58,8,775,8.302431351528904,307.3549188208433,2,1,1,France,Male,Regular,0
8055,33,4,770,95.25437404203836,752.7135974833424,4,0,1,France,Male,Premium,0
8056,51,10,459,250.0,411.0069537247313,1,1,0,Germany,Female,Regular,1
8057,49,11,560,20.449784595134027,1429.062009171272,2,1,1,France,Female,Regular,0
8058,43,57,658,24.445188778057492,1266.4726581462885,4,0,1,France,Male,Regular,0
8059,42,20,554,8.390647363895427,548.4841802129177,2,1,0,Spain,Male,Regular,0
8060,19,20,814,13.440600794562089,289.9943960790031,2,1,1,France,Male,Premium,0
8061,29,64,579,27.637084941197553,464.7076140490978,1,0,1,Germany,Female,Regular,0
8062,57,2,416,16.730972812717575,1407.5946810812231,2,1,0,Germany,Female,Regular,0
8063,26,68,461,60.43668172080883,264.6281578969931,4,1,1,France,Male,Premium,0
8064,29,63,597,38.59322783995026,1046.8091563486532,2,1,1,France,Male,Regular,0
8065,43,48,596,86.38211917657108,141.04446219810947,1,0,1,Germany,Female,Regular,0
8066,26,69,657,64.46290499603451,931.4830924557974,2,1,0,Spain,Male,Regular,1
8067,27,30,817,6.854062120932277,512.0469928924718,3,1,1,Germany,Female,Premium,1
8068,49,72,677,6.584595166239622,329.9985256004135,1,1,1,France,Female,Regular,0
8069,74,31,725,112.99957990894967,365.99712567519714,2,0,1,France,Male,Regular,0
8070,51,69,836,85.60433857781416,1674.3581772896125,3,1,1,Germany,Male,Regular,0
8071,65,20,468,31.547819706305397,1008.6558172511835,3,1,1,Germany,Male,Regular,0
8072,37,6,814,6.984035033271212,759.2396415864259,1,1,1,France,Male,Regular,0
8073,56,6,663,114.42241977449991,1961.1533719556044,1,1,0,France,Male,Regular,0
8074,77,26,729,13.113749652050627,229.52165707867832,2,0,1,Spain,Female,Regular,0
8075,19,7,382,1.8090750926555013,158.65892588114042,4,1,1,France,Female,Regular,0
8076,18,72,629,129.00892800791587,298.9490404940866,1,0,1,Spain,Female,Regular,0
8077,68,27,432,82.75724217257402,446.7234982872677,2,1,0,France,Male,Regular,0
8078,77,72,756,59.123889698270474,1340.767519943897,3,1,0,France,Male,Regular,1
8079,53,70,652,1.7311435546842429,160.81501009622417,3,1,0,Germany,Male,Regular,0
8080,41,46,643,37.58451122241199,328.18184113207775,2,1,1,France,Female,Premium,0
8081,71,20,393,53.01327407697982,172.29449503294842,1,1,0,Spain,Female,Regular,1
8082,44,32,681,71.220010880506,1180.4355784406034,2,0,0,France,Male,Premium,0
8083,19,6,594,31.845326284235824,108.90651700307775,2,1,1,Germany,Male,Regular,0
8084,48,2,497,153.2533674095277,321.2947976457289,1,1,0,France,Female,Premium,0
8085,74,23,378,14.037379315238846,436.0684768057778,4,1,1,France,Male,Regular,1
8086,31,43,850,3.614284917740291,628.3268852714305,4,0,1,Germany,Male,Regular,0
8087,19,45,513,20.230741860195913,190.7328782196824,4,1,1,Germany,Female,Premium,0
8088,46,60,458,54.20661216458493,462.120897915646,2,0,1,Spain,Female,Regular,0
8089,32,35,500,66.80995802049301,981.0304750871312,1,1,1,France,Female,Premium,0
8090,29,12,321,67.06545649149042,415.82035809502815,4,1,0,Spain,Female,Premium,0
8091,54,15,638,5.864560634835061,281.92178481389715,1,1,1,Germany,Female,Premium,0
8092,45,4,541,108.18006598233329,508.5791428054321,4,1,0,France,Male,Regular,0
8093,37,33,537,16.48313293032135,2792.4770421854732,3,1,1,France,Female,Premium,1
8094,78,45,448,11.78049089529531,186.70114138684576,3,0,0,France,Male,Premium,1
8095,56,37,306,47.655189290209776,50.0,1,0,1,Germany,Female,Premium,0
8096,41,55,532,11.903283877873303,454.43398299730774,4,1,1,Spain,Female,Regular,0
8097,38,71,376,35.467740153037695,1094.3898647866056,1,1,1,Germany,Male,Premium,1
8098,27,47,788,26.130547986486828,343.3776094877401,1,0,0,France,Male,Regular,0
8099,63,58,386,13.200507981359705,372.2157259692955,1,0,0,France,Female,Regular,0
8100,31,43,521,17.269770776648503,1488.261938779839,2,0,1,France,Male,Premium,0
8101,54,54,712,27.87902576949726,471.88256016717366,4,1,1,France,Female,Regular,0
8102,35,54,501,21.244656771896327,489.6434632830217,4,0,0,Germany,Male,Regular,0
8103,41,0,575,24.02903119780889,918.703469144875,1,1,1,France,Female,Regular,0
8104,31,7,520,66.48334403994404,388.8705849270418,3,1,1,France,Male,Regular,0
8105,51,3,456,9.218978413919203,304.3500612292264,1,0,1,France,Male,Premium,0
8106,75,49,480,49.39183235515727,805.2425961290829,3,1,1,Germany,Male,Regular,1
8107,29,57,428,56.68469200021463,290.5114968231033,4,1,1,Spain,Male,Regular,0
8108,39,36,542,80.99639860536143,195.24482182896082,4,1,1,France,Male,Premium,0
8109,73,48,471,93.97290239749692,148.7523746204082,1,1,1,France,Male,Regular,0
8110,23,66,802,8.638300448339749,785.9041791045844,2,1,1,France,Male,Regular,0
8111,53,18,779,7.4401280590197985,2000.0,4,1,1,France,Female,Regular,0
8112,62,0,569,47.69586752263905,95.78247539349971,4,0,1,Germany,Male,Regular,0
8113,53,28,720,70.71752406777946,373.7789920925827,4,1,1,France,Male,Regular,0
8114,39,32,462,15.895136226505691,727.536506292918,2,1,1,Spain,Male,Regular,0
8115,31,51,323,37.31128290597208,609.9232075651266,4,1,1,Germany,Female,Regular,0
8116,80,40,796,73.97301680335808,690.9334546817076,1,0,0,Spain,Male,Premium,0
8117,33,22,492,72.94392114101183,603.8873455956973,3,1,0,Germany,Female,Regular,0
8118,78,4,689,53.03984439159489,540.0697245438394,4,1,0,France,Male,Regular,0
8119,53,70,796,4.103237728046862,1192.5153015930496,4,1,1,France,Female,Regular,0
8120,73,56,428,2.5985635910488587,248.52770110127196,2,0,1,France,Male,Regular,0
8121,42,5,842,24.587544606064064,150.8727904892018,3,1,1,France,Male,Regular,0
8122,49,62,335,1.3525000594958307,1143.7340672434848,3,1,0,Germany,Male,Regular,1
8123,50,21,756,117.24558378299585,215.68133067550949,2,0,0,Germany,Male,Regular,0
8124,62,3,660,1.0175167655326383,78.26854207615392,1,1,1,France,Female,Regular,0
8125,53,72,514,1.503008795728126,2488.872622300169,4,1,0,France,Male,Regular,1
8126,37,63,586,9.03578504583615,308.3480105433773,3,1,1,France,Female,Regular,0
8127,35,32,668,49.310871370735384,1989.5021296657221,3,0,0,Spain,Male,Regular,1
8128,55,40,768,38.995653811731415,110.91329085265816,1,1,0,Spain,Male,Premium,1
8129,20,36,485,53.865118800072445,704.3075394101471,1,1,1,Germany,Male,Regular,0
8130,40,44,773,112.00640923988388,329.0399622875852,4,0,1,Spain,Male,Regular,0
8131,49,7,360,30.343488300482115,631.2010081527327,2,1,1,Germany,Male,Regular,0
8132,62,39,561,2.2433821001336742,266.6899743918582,2,1,0,Spain,Female,Regular,0
8133,76,4,410,72.0896400716483,611.62726417764,1,1,0,Spain,Female,Regular,0
8134,33,27,440,83.55621531082983,951.4249349199752,1,0,0,Spain,Female,Regular,0
8135,76,8,834,2.5587892691562972,413.23035962034345,3,0,1,Germany,Female,Regular,0
8136,22,1,378,13.90964808285353,567.5198521529021,1,1,1,Spain,Female,Regular,0
8137,21,62,793,73.61370610188959,176.9498335593477,3,1,1,France,Male,Regular,0
8138,38,50,330,23.592686064258565,423.3562449380471,2,1,1,France,Male,Regular,0
8139,57,30,815,31.99467330672493,494.26811063114764,2,1,1,France,Male,Regular,0
8140,68,6,808,86.62994675062873,1454.7238554470498,3,1,1,France,Male,Premium,0
8141,31,29,365,4.970001203871664,211.169793302159,4,0,1,France,Male,Regular,0
8142,56,57,809,56.549180245981866,199.1639708681288,2,1,1,France,Female,Regular,0
8143,48,2,670,12.102583595417443,501.1870959746565,4,0,1,France,Female,Premium,0
8144,31,50,586,3.235003033299793,403.43536136821893,3,1,1,Germany,Male,Regular,0
8145,23,55,475,54.30916926280172,273.41852908978086,4,1,1,Spain,Female,Regular,0
8146,29,72,422,6.471974677882397,1096.437467004411,3,1,0,Germany,Male,Regular,0
8147,33,9,530,68.71972407926236,182.40288839818663,3,1,1,Germany,Male,Regular,0
8148,34,60,303,11.326551069347532,101.77304261188168,1,1,0,Germany,Male,Regular,0
8149,62,49,711,2.486411269352853,227.48171588380131,2,1,0,France,Male,Premium,0
8150,40,46,549,5.22901128552146,875.2945121085369,2,1,1,France,Male,Regular,0
8151,31,0,786,92.02761002499975,727.2245769471496,3,0,0,France,Female,Regular,0
8152,78,56,644,23.178674654885196,499.21241764299106,4,0,1,Spain,Male,Premium,0
8153,24,37,632,17.995912844649997,110.74225087181561,1,0,1,France,Male,Regular,0
8154,63,61,752,33.784897360576124,349.9932291516533,4,0,1,France,Female,Regular,0
8155,49,71,457,50.11048558508324,624.6776713452057,2,1,1,Spain,Female,Regular,1
8156,32,64,569,1.8904023281187983,274.2910977787344,4,0,1,Germany,Male,Regular,0
8157,61,61,717,114.23161733784475,748.0671873944283,1,1,1,Germany,Male,Regular,0
8158,34,55,739,159.08064560308128,58.65672660866691,4,1,1,Spain,Male,Regular,0
8159,58,66,328,27.00472512193135,850.2348256451074,2,0,1,France,Female,Regular,0
8160,71,16,634,26.60492327871725,394.0396707492325,3,1,1,Germany,Female,Regular,0
8161,64,7,537,105.41671584929068,1285.691565054492,2,1,1,Germany,Female,Premium,0
8162,61,59,452,28.04561373759501,1314.5371522879416,1,1,1,France,Male,Premium,0
8163,51,39,414,96.96309208938405,1576.0344904099616,3,0,0,Germany,Male,Regular,0
8164,22,61,698,1.4373092664095481,500.8380398326611,1,1,0,France,Female,Regular,0
8165,62,40,331,33.63298534886995,1272.2507683044466,2,1,1,France,Female,Regular,0
8166,44,11,831,152.2766444138135,654.6545291352656,4,1,1,Spain,Female,Premium,0
8167,69,53,352,14.571431350243252,75.22091717195327,2,0,1,Germany,Male,Regular,0
8168,40,10,494,15.472859983138445,243.22118915049913,4,1,0,France,Female,Regular,0
8169,57,59,604,49.72923652638263,998.4269404859865,3,1,0,Germany,Male,Premium,0
8170,76,67,644,130.31365113844853,194.23511192469098,4,0,1,Spain,Female,Regular,0
8171,31,55,381,11.0786293768142,949.694649814222,4,1,1,France,Male,Premium,1
8172,32,37,300,127.32912017237248,561.4126392043015,3,0,1,France,Male,Regular,0
8173,60,67,466,54.38417294123351,309.50299837444004,1,1,0,France,Male,Regular,1
8174,50,16,616,248.43136283973388,2000.0,3,1,1,France,Male,Regular,0
8175,70,65,482,66.67728713750961,1556.0502178840113,1,1,1,France,Male,Regular,0
8176,48,71,572,55.10098547451584,524.0520874389501,3,1,0,Germany,Female,Regular,1
8177,52,35,672,84.34380980080545,142.71829419476325,4,1,1,Spain,Male,Regular,0
8178,34,6,661,9.627099555080562,386.9365792417053,2,1,1,France,Male,Regular,0
8179,45,26,500,145.9252421297222,1088.3080222762123,4,0,0,Spain,Female,Regular,1
8180,36,13,491,9.05184963655183,223.5196056205449,1,0,1,Spain,Female,Regular,0
8181,63,24,640,1.3002801664723709,512.9722800287702,2,1,1,Germany,Male,Regular,0
8182,71,3,598,59.84271690788313,452.59229526832905,4,1,1,France,Male,Premium,0
8183,79,29,805,10.203543962695768,790.7801188496412,4,1,0,France,Male,Regular,1
8184,40,55,439,71.096735933559,639.3153274577974,2,1,0,Germany,Male,Premium,0
8185,49,5,605,79.24677272106834,450.2931709529596,4,1,1,Spain,Male,Regular,0
8186,57,0,495,13.505157268008563,286.4117299164287,1,1,1,France,Female,Regular,0
8187,30,38,360,4.5356563049292165,1097.0211631182,3,1,1,France,Female,Regular,0
8188,76,0,659,34.73952312830724,792.8251817389531,1,0,1,France,Female,Regular,0
8189,37,62,606,110.463167426466,842.1397753182794,4,1,1,France,Male,Regular,0
8190,52,56,779,93.96108954896914,174.5214142451226,2,0,1,Germany,Male,Regular,0
8191,22,72,632,6.2261732479289,626.5082194488523,2,0,0,Spain,Female,Premium,1
8192,26,64,382,167.31169347746274,695.8790181030802,2,1,1,Germany,Male,Regular,0
8193,46,64,633,15.32280673146453,285.84650020316883,4,1,1,France,Male,Premium,0
8194,23,20,816,21.492335187112445,589.6539976115266,2,0,1,Spain,Male,Premium,0
8195,80,29,773,8.070109609472583,399.81651558038686,1,1,1,Germany,Female,Premium,0
8196,42,32,693,23.724923037543107,415.7123120768971,1,1,1,France,Male,Premium,0
8197,48,47,679,50.48079627234736,160.68264825508024,4,1,0,Germany,Male,Regular,0
8198,39,21,320,35.268909781767846,304.13111572633966,1,0,0,France,Female,Premium,0
8199,19,53,476,87.87934838133869,1273.3516207198866,1,1,1,Spain,Female,Regular,0
8200,62,4,662,51.26355780523644,823.4916841067635,2,1,1,Spain,Male,Regular,1
8201,22,66,321,15.29532135234321,1372.5649993611073,3,1,0,France,Female,Regular,1
8202,77,43,847,40.758739139758674,975.7674973227361,1,1,1,France,Male,Premium,0
8203,44,19,549,3.3172008840027445,149.5081934246407,4,1,1,France,Female,Regular,1
8204,42,51,372,43.46923144603775,623.1314430347761,2,1,1,France,Female,Premium,0
8205,25,64,390,24.68726872500712,580.2544642426309,1,1,1,Spain,Male,Regular,0
8206,72,64,475,5.179132186890674,1780.3432471367228,4,1,1,Spain,Male,Regular,0
8207,18,9,425,18.369749441623117,569.1697114566124,4,1,1,Germany,Male,Premium,0
8208,37,17,503,114.18178491171747,648.469481861056,2,1,0,France,Female,Regular,1
8209,61,46,545,44.09904849086466,201.25561701231626,4,0,1,France,Male,Regular,0
8210,40,65,570,116.78892181493359,566.1761484149539,3,1,1,France,Female,Regular,0
8211,49,50,343,26.449818058791802,905.1536801874906,3,0,0,France,Female,Regular,1
8212,28,72,847,192.94449378027198,289.8748508735554,1,1,0,France,Female,Premium,1
8213,56,22,467,22.315843708125488,1091.1381717328604,3,1,0,France,Male,Regular,1
8214,64,25,734,70.69450529099066,772.3701718477726,2,0,1,Spain,Male,Premium,0
8215,71,8,329,18.2211788949457,1292.9767807457154,2,0,1,France,Female,Premium,0
8216,41,32,656,5.601946583044133,430.94456977727606,1,1,1,Germany,Male,Regular,1
8217,28,62,790,89.50502133071777,430.163795691272,3,1,1,Spain,Male,Regular,0
8218,46,5,547,71.89654927353399,960.2874499924382,4,0,0,France,Female,Regular,0
8219,71,13,552,85.91495904533892,252.02805079279835,4,1,1,France,Female,Premium,0
8220,43,32,681,17.811932790998384,866.1597662083371,3,0,1,France,Male,Premium,0
8221,33,71,835,60.81266604053721,1155.7777064517295,2,0,0,France,Female,Premium,1
8222,52,23,718,12.418122552360828,495.5268265640672,2,1,1,Spain,Male,Regular,0
8223,37,72,422,0.5687999129131616,507.1519540715104,2,0,1,Spain,Female,Regular,0
8224,63,50,593,100.67848635203569,487.57003800571397,2,1,1,France,Female,Regular,0
8225,20,1,442,37.06705226843848,642.0386066293712,3,1,1,Germany,Male,Premium,0
8226,18,14,810,205.6865764910276,509.9085812560015,1,0,0,Germany,Male,Premium,0
8227,80,34,356,24.30955266769655,228.9131567686997,3,0,0,Germany,Female,Premium,0
8228,75,35,341,157.18030949807803,253.16700660279363,3,1,1,Germany,Female,Regular,0
8229,70,38,420,47.733034602452705,471.14923973773705,2,1,1,Germany,Male,Premium,0
8230,64,3,642,35.89300953119569,569.3552786306856,2,1,1,Spain,Male,Regular,0
8231,18,67,631,18.034836967751936,630.1202387785711,2,1,0,Germany,Male,Regular,1
8232,34,5,755,87.22748230635543,908.7263352588553,1,1,1,Germany,Female,Regular,0
8233,19,56,736,88.24460643303867,563.9956732628154,1,1,1,Germany,Male,Regular,0
8234,46,29,640,26.97236144649861,1685.6913302424862,2,0,0,France,Male,Regular,0
8235,37,66,640,64.96789203632666,511.9492324983616,2,1,1,France,Male,Regular,0
8236,23,19,715,29.64138168316311,973.3715291384923,3,1,0,France,Female,Regular,1
8237,25,16,481,67.28820499508473,431.6579405301423,3,1,0,France,Male,Premium,0
8238,46,14,563,250.0,600.7778587639675,3,0,1,Germany,Male,Regular,1
8239,65,18,509,15.224209624735163,242.62511340320123,2,1,1,Spain,Female,Regular,0
8240,68,68,822,50.263264074027525,754.8888909690266,3,1,1,France,Male,Regular,0
8241,50,25,481,23.89194949191455,102.09545299533836,4,0,0,France,Female,Regular,1
8242,20,47,743,39.74477403415301,97.83358652147908,1,1,1,Germany,Male,Premium,0
8243,77,29,550,103.6321473480101,387.02016258274085,3,0,1,Germany,Female,Premium,0
8244,52,21,437,21.353021077835844,1037.5244731208015,1,1,0,France,Female,Regular,1
8245,22,46,517,3.757103139664799,636.362094841968,3,1,1,France,Female,Premium,0
8246,44,43,753,80.20689542577325,1602.1667728519556,1,1,1,Germany,Female,Regular,0
8247,61,26,386,40.48684263825513,219.68659250116275,2,1,1,Spain,Female,Regular,0
8248,29,63,592,29.837420323750663,297.04410111216197,4,1,1,Spain,Male,Regular,0
8249,37,40,391,10.126195668592752,154.63288031351516,1,1,1,France,Female,Premium,0
8250,62,67,507,4.872523673733814,630.1739837369,3,0,1,Germany,Female,Regular,0
8251,37,2,503,16.337472002123754,469.04426838919983,2,0,1,France,Male,Regular,1
8252,26,52,485,63.45299839213121,313.3748731363912,4,1,0,France,Female,Regular,0
8253,56,7,384,26.531941490320165,311.2163467561211,2,1,1,Germany,Male,Regular,0
8254,21,32,455,42.22497416993682,125.68790754934574,2,1,0,Germany,Male,Regular,1
8255,68,6,592,4.280375615972673,965.7776812038321,1,1,1,France,Female,Premium,0
8256,71,21,832,6.576272780500089,593.4299358310773,4,1,0,France,Male,Regular,0
8257,36,45,460,0.5685113816091799,702.952160347439,2,1,1,Spain,Female,Regular,0
8258,55,29,685,55.933268300221094,1992.6697057650688,3,1,1,Spain,Female,Regular,0
8259,44,15,784,15.357145437470528,1538.3494690524158,2,0,1,Germany,Male,Regular,0
8260,62,5,802,170.45127583557257,924.7983807633202,3,1,0,France,Female,Regular,1
8261,60,66,455,18.44141129184781,596.7191673406548,2,1,1,Germany,Male,Regular,0
8262,30,22,442,22.597816404497966,474.1903101799809,4,1,1,France,Male,Regular,0
8263,30,60,583,31.695807662348702,866.686664081438,4,1,1,Germany,Male,Regular,0
8264,77,4,334,19.219983688558383,325.77616900426557,4,0,1,France,Male,Regular,0
8265,74,22,523,85.03470206716777,482.1135161658652,1,0,1,Germany,Female,Regular,0
8266,39,24,692,104.45714641529446,710.047058680791,2,1,1,France,Male,Regular,0
8267,45,7,707,0.5548714259297496,135.29925163668742,4,1,1,Spain,Male,Regular,0
8268,69,20,687,53.161527791463655,215.29130410407677,3,0,1,Germany,Female,Regular,0
8269,64,1,596,57.932173938899055,162.35216642056935,3,1,1,Spain,Female,Regular,0
8270,70,21,622,162.7573840862614,431.57798272952965,2,0,0,Germany,Male,Regular,0
8271,62,71,787,23.133465344622092,849.2798210511099,4,0,1,Germany,Female,Premium,0
8272,39,71,338,10.86304244113684,452.15737087910475,1,1,1,Germany,Female,Regular,0
8273,60,67,804,36.759023497396285,214.37740833698035,4,1,1,France,Female,Regular,0
8274,36,63,802,29.670131861837913,129.8714433774147,2,1,0,Spain,Male,Premium,0
8275,25,26,836,78.44635005973542,669.390638321667,1,1,0,Germany,Male,Regular,1
8276,69,52,615,117.15756498838277,522.5081707299954,3,0,0,France,Male,Regular,0
8277,25,51,795,4.534982751343903,1412.1776371660596,4,0,1,Spain,Female,Regular,0
8278,59,43,416,93.72863111308334,281.2107496988797,4,0,0,Germany,Female,Regular,1
8279,43,53,641,119.8287902058286,665.4935306771603,3,1,1,France,Male,Regular,0
8280,65,43,539,128.94057053728685,1504.8667280136708,2,0,1,Germany,Female,Regular,0
8281,68,6,744,72.26186489396237,1109.391316623624,1,1,1,France,Male,Regular,0
8282,43,0,786,67.75578743883725,63.86028898867433,3,0,1,Spain,Female,Regular,0
8283,40,68,710,0.7504423174505109,759.425833981092,1,1,1,France,Male,Regular,1
8284,60,38,597,126.40633993530288,512.7688027601058,2,1,1,France,Male,Regular,0
8285,30,18,351,21.655065752780438,1251.1974811662749,1,1,1,Spain,Female,Premium,0
8286,45,32,603,2.0995660112472114,378.16764460858013,1,1,0,Germany,Female,Premium,1
8287,26,23,587,26.634760646895895,1529.8733101858318,4,0,1,Spain,Female,Premium,0
8288,37,68,417,65.99774187629336,468.2906994367181,3,0,1,France,Female,Regular,0
8289,73,72,723,29.165801799870383,682.903213043554,1,1,1,Spain,Female,Regular,1
8290,36,43,508,70.94316890702811,1878.6058339849274,1,0,0,France,Male,Premium,1
8291,65,58,426,35.60726812040334,393.3317396605303,3,0,0,Germany,Female,Premium,0
8292,56,32,592,17.79284593969561,945.3519942421532,3,1,0,France,Male,Regular,0
8293,68,31,818,11.339531199901778,160.12410958916854,2,1,1,France,Male,Regular,0
8294,29,58,521,27.33156101768423,1051.7626565366936,3,1,1,France,Male,Premium,0
8295,32,35,376,1.8230058445212958,266.00040508397797,1,1,0,Spain,Female,Regular,1
8296,48,11,637,27.456143272378856,289.6870256167116,4,1,0,Germany,Male,Regular,0
8297,72,72,574,3.55440128047768,164.45404971512494,2,1,1,France,Female,Premium,0
8298,31,8,416,104.78045993288185,1886.3587958115504,3,1,0,France,Male,Regular,1
8299,28,22,591,42.839929535657106,1023.0142880269264,3,0,0,France,Male,Regular,1
8300,43,53,570,51.92898687116836,618.3225609471452,3,1,0,Spain,Male,Regular,0
8301,59,56,746,17.04457870724382,179.57857967575197,2,1,1,France,Female,Premium,0
8302,44,41,456,12.797613239710387,601.1378677589955,2,1,1,Spain,Female,Regular,0
8303,28,70,483,61.533852010844925,553.2076441382515,3,1,0,Spain,Female,Premium,0
8304,55,30,723,55.67089002081389,120.76757368019274,2,0,1,France,Female,Regular,0
8305,51,51,315,6.544085669437803,190.60757331979067,4,1,0,France,Female,Regular,0
8306,60,1,397,13.632539391976264,249.7318425623192,1,0,1,Germany,Male,Regular,0
8307,36,37,599,146.47455994499882,339.1954236981195,4,1,1,Germany,Male,Regular,0
8308,23,36,721,18.13302864432585,1257.791113702979,1,1,1,France,Male,Regular,1
8309,63,9,606,1.3085501474212202,104.91079650314276,2,1,1,Germany,Male,Regular,0
8310,69,7,573,3.29534889643768,1648.3067274974976,3,1,1,Germany,Male,Premium,0
8311,55,19,560,74.69281979494149,1444.0001950275205,2,1,1,France,Male,Regular,0
8312,66,19,538,70.76673590936217,277.64033755940875,4,0,0,France,Male,Regular,0
8313,59,8,631,24.049368063957242,619.339814813627,4,0,0,Spain,Female,Regular,0
8314,45,72,414,8.314582831890638,807.3736487301481,2,1,0,Spain,Female,Premium,1
8315,18,14,567,34.46823883566401,591.1716941405551,3,1,1,Germany,Female,Premium,0
8316,52,67,311,20.165021776699703,655.662600447092,3,0,0,Germany,Male,Regular,1
8317,57,20,372,23.41771733478509,806.5622267167244,1,1,1,Spain,Female,Regular,0
8318,25,4,705,15.121876983773333,599.9330878740692,4,1,1,France,Female,Regular,0
8319,76,34,477,3.2460183794202195,580.6755891400752,1,0,0,France,Male,Regular,0
8320,69,67,558,78.30917038548581,196.11438098337382,2,0,1,Spain,Female,Premium,0
8321,71,54,699,48.14564564982126,1305.8493802707271,1,1,0,France,Female,Regular,1
8322,64,61,569,89.98004377352602,807.2635755133654,3,0,1,Germany,Female,Regular,0
8323,73,34,785,34.978586430575746,61.273933402509876,4,0,0,France,Male,Regular,0
8324,24,69,358,209.94073740073875,754.0893056402815,3,1,1,France,Female,Premium,0
8325,28,20,565,164.2039408753772,990.2880355534953,1,1,1,France,Female,Premium,0
8326,56,38,374,15.857843358398712,119.34427698792518,2,1,0,France,Male,Regular,0
8327,78,33,389,24.467634931165655,854.8335439205505,1,1,1,France,Female,Regular,0
8328,21,14,804,69.85955840711092,696.4981236259815,3,1,1,Germany,Female,Premium,0
8329,42,11,656,74.94034446171189,339.0560023516169,4,0,1,Germany,Female,Premium,1
8330,29,65,453,120.78720592922882,841.9168707496792,1,1,1,France,Female,Premium,0
8331,43,55,517,52.86879104141396,619.7945882921649,4,1,0,France,Male,Regular,0
8332,55,48,785,32.229373757986394,868.4346883107744,4,1,1,France,Male,Regular,0
8333,63,0,839,23.71275667716581,422.1746467427113,1,1,1,Germany,Male,Premium,0
8334,29,64,429,27.165594337029216,111.79807362214135,3,0,0,Spain,Male,Premium,0
8335,60,27,365,94.99123231180243,499.83516465241485,2,0,1,France,Male,Regular,0
8336,68,19,443,195.6232641794222,546.5359921650111,3,1,1,Spain,Male,Regular,0
8337,70,50,679,2.6652492408689756,677.16270306243,1,1,0,Spain,Male,Regular,1
8338,54,72,612,43.404163424526196,593.9241339657927,4,1,0,Germany,Male,Regular,1
8339,63,64,706,36.70408115980102,276.79266468746675,3,1,1,Germany,Female,Regular,0
8340,70,50,706,23.591647058694246,427.41721106790897,2,1,1,France,Female,Regular,0
8341,41,42,576,95.38426105654327,224.2301196728296,4,0,1,France,Male,Premium,0
8342,33,48,708,42.87079575604662,388.1952853943957,2,0,1,Spain,Male,Regular,0
8343,74,24,613,18.77949708460128,470.9808004972364,4,1,1,Germany,Male,Regular,0
8344,30,40,848,29.358706077594427,272.18366795436856,2,1,1,Germany,Male,Regular,0
8345,42,72,548,22.065254594560393,253.43331995287568,2,0,1,Germany,Female,Regular,1
8346,78,63,760,28.113455920433466,662.3453867236228,1,1,1,Germany,Male,Regular,0
8347,71,60,698,3.6966342405467714,218.07187111556235,1,1,1,Germany,Male,Regular,0
8348,71,11,750,5.934436946291503,597.8641106582293,4,0,1,France,Female,Regular,0
8349,74,72,770,48.86732401937818,1649.6523589433616,1,1,0,Germany,Female,Regular,1
8350,69,13,733,57.61147364878004,642.5300344614121,1,1,1,France,Male,Regular,0
8351,71,33,745,50.615365154915736,721.732760702017,2,1,1,Germany,Male,Regular,0
8352,21,47,402,72.00066604697696,554.1710969823557,4,1,1,France,Male,Regular,0
8353,28,60,627,143.7058486121699,342.1089731109287,2,1,1,Germany,Female,Regular,0
8354,49,34,545,98.52695578129683,579.9516063624126,1,1,1,Germany,Female,Regular,0
8355,66,64,357,27.10803903562038,406.3725068118144,1,1,0,Germany,Female,Regular,0
8356,24,58,404,12.265824257166186,1092.1572763209533,3,1,1,Germany,Male,Premium,0
8357,63,35,368,18.687582769888568,890.582468534104,2,1,1,France,Female,Regular,0
8358,75,18,601,44.305233497881716,415.0236941612712,1,1,0,Germany,Male,Regular,0
8359,28,42,452,96.96948970252843,356.24328678749623,4,1,0,France,Male,Regular,1
8360,45,66,836,60.48682303432433,555.8611156372345,4,0,1,France,Male,Regular,1
8361,71,18,334,39.15502820712803,400.35321463660085,1,0,1,Spain,Female,Regular,0
8362,58,38,314,46.04988455733294,337.32437418352185,1,1,0,France,Male,Regular,0
8363,40,68,405,37.56649327526257,224.68432180280263,1,1,1,France,Male,Regular,0
8364,62,51,373,178.11676560531762,594.3224997158272,4,0,1,Germany,Female,Regular,0
8365,40,18,584,84.66583340290669,559.7100368259701,1,1,0,Spain,Male,Regular,1
8366,67,57,849,75.99750873733896,58.54787132142547,2,1,0,France,Female,Premium,1
8367,45,35,496,36.42099948142767,744.5006876694856,3,1,0,France,Male,Regular,0
8368,60,68,579,20.159095148010874,997.3752423850837,3,0,1,Germany,Female,Regular,1
8369,64,50,452,0.9853504046178614,993.4089286214177,3,1,0,Germany,Female,Regular,0
8370,74,42,590,2.2200667381931196,1124.0331886282672,2,0,1,Germany,Male,Regular,0
8371,43,33,441,1.5352260622146054,238.91730636953673,1,1,1,France,Male,Premium,0
8372,42,43,611,196.807503766318,225.45222400861977,3,1,1,Spain,Female,Regular,1
8373,71,23,331,6.079143834660357,407.8783196426617,4,1,0,France,Female,Premium,1
8374,46,60,325,7.664485618561915,1114.426989693044,1,1,1,Germany,Female,Regular,0
8375,36,66,554,33.09696145613385,443.9033305415747,4,1,0,Spain,Male,Regular,1
8376,50,4,355,32.831232798166326,537.3872194519562,3,1,1,France,Male,Regular,0
8377,53,23,592,126.27003945610022,242.2915306974021,2,0,1,France,Male,Regular,0
8378,31,67,529,3.8188281091995355,191.29338800767624,3,1,1,France,Male,Premium,1
8379,31,58,352,157.60663345423038,130.1688670438752,3,1,1,France,Male,Regular,0
8380,52,37,400,12.192206776892514,435.9755941335359,1,1,1,Germany,Female,Regular,0
8381,47,32,766,175.58490310946405,571.1982327618115,1,0,0,France,Female,Premium,0
8382,45,9,566,38.97057079675514,444.6237329654055,3,0,0,Germany,Female,Premium,0
8383,34,36,301,52.7794713058506,288.14863339459555,2,1,0,France,Female,Regular,0
8384,20,10,321,18.97004543797105,166.26712037686784,4,1,1,Germany,Male,Premium,0
8385,33,23,511,47.31481539928705,63.38644509494611,4,1,1,Spain,Male,Premium,0
8386,63,66,535,62.036988368619696,387.90796414297745,2,1,0,France,Male,Premium,1
8387,47,20,828,0.5212156064888391,67.4528099477101,1,1,0,Germany,Female,Regular,0
8388,69,19,687,1.7413968861642644,94.71830400121493,3,1,1,France,Female,Regular,0
8389,46,9,313,215.16821111528577,672.9157781255674,3,0,1,Germany,Female,Regular,0
8390,62,51,818,30.58362307916207,881.6822662186268,3,1,0,Germany,Female,Regular,1
8391,32,46,521,137.3012543715177,217.46643436045915,4,1,1,Germany,Female,Premium,0
8392,63,14,702,65.44770974427321,73.68713857143449,2,1,1,Germany,Male,Premium,0
8393,73,43,812,23.33790970600175,492.63396309145185,2,1,0,Germany,Male,Regular,0
8394,42,61,586,8.175500708795177,530.0115134599654,3,1,1,Germany,Male,Regular,0
8395,68,2,683,191.18168381926859,1045.6117528193402,3,1,1,France,Male,Regular,1
8396,55,67,546,43.91318282702069,1199.919249486061,2,0,0,Spain,Male,Regular,1
8397,59,3,390,10.681734172328088,1407.3151403529673,4,1,1,Germany,Female,Regular,0
8398,76,22,611,57.2306617127617,419.91353375437416,1,1,1,France,Female,Regular,0
8399,64,22,736,4.828216336564268,389.95464898848235,3,0,0,Spain,Female,Regular,1
8400,70,30,342,101.26179092791917,962.3008890172956,2,1,1,France,Male,Regular,0
8401,71,15,373,4.723081095615073,109.99487254648199,4,0,0,Germany,Male,Regular,0
8402,69,40,615,13.472095892437656,719.5242971593088,1,0,1,France,Female,Premium,0
8403,75,0,443,4.794211525501021,1240.6652864607877,2,1,1,Germany,Female,Premium,0
8404,55,11,628,5.478870650330462,694.6716622902265,3,0,1,Spain,Male,Regular,0
8405,40,64,508,37.09945343756625,1694.0036293331007,2,1,0,Spain,Female,Regular,1
8406,42,49,398,58.07597546451186,631.618724092081,4,0,0,Germany,Male,Regular,0
8407,59,19,413,77.67220767264259,433.0044525802107,3,1,1,Spain,Male,Regular,0
8408,24,65,474,59.381239809568456,191.71559302476408,2,1,0,Germany,Female,Regular,0
8409,39,35,570,22.58774274425386,902.8638046150176,2,1,1,Spain,Female,Regular,0
8410,34,37,362,40.74176760998975,603.8809789676334,3,1,0,France,Female,Regular,0
8411,35,21,703,131.3217188677099,387.2602579476639,3,1,1,France,Male,Premium,0
8412,66,60,524,24.51657156663382,275.8430598457268,4,1,1,Spain,Male,Regular,0
8413,58,49,460,14.544652374483375,463.5876750398507,3,1,1,France,Female,Regular,0
8414,27,58,335,36.62760851289102,592.8866193243738,4,1,1,Germany,Female,Premium,0
8415,27,19,680,17.64376656960688,1049.2096205974435,2,0,1,Germany,Male,Regular,0
8416,74,38,617,15.178179401621872,101.79798342180106,3,1,0,France,Female,Regular,1
8417,24,14,755,75.43514668683751,112.05661730317084,4,1,1,France,Female,Regular,0
8418,65,61,568,110.74513170205202,703.6279010905386,2,0,1,France,Female,Regular,0
8419,78,2,643,34.88956566839481,576.7544588010334,1,0,0,Germany,Female,Regular,0
8420,67,4,339,75.65706595735942,953.3409209427617,2,1,1,Germany,Male,Regular,0
8421,55,55,713,10.356708540340778,718.2267421658801,3,1,1,Spain,Male,Regular,0
8422,44,30,679,39.66418083523606,955.0603415802483,4,1,1,Germany,Male,Premium,0
8423,69,34,521,50.55754277047894,352.2977932718893,1,1,1,France,Male,Regular,0
8424,50,72,580,33.73238459084564,496.78514547053055,4,1,0,France,Female,Premium,1
8425,18,69,524,6.214721612686124,94.79845854618867,4,1,1,France,Male,Regular,0
8426,61,25,756,66.23179262807943,107.23921545481386,1,1,0,Spain,Male,Regular,0
8427,70,0,453,91.3418302265907,957.4693016631492,1,1,0,Spain,Female,Regular,0
8428,77,6,579,50.423899713207334,441.1133140694652,4,1,1,Spain,Female,Regular,0
8429,51,43,652,9.265962366107305,578.9784071224328,3,1,1,Germany,Male,Regular,1
8430,21,24,338,3.873890483720916,1366.0750824939003,1,0,0,France,Male,Premium,0
8431,34,58,788,17.948443518471095,268.8488200376324,3,1,1,Spain,Male,Premium,0
8432,21,60,497,1.8845799584313743,377.3464456819977,1,1,1,France,Male,Premium,0
8433,60,28,575,91.38560767180455,155.3718485543292,4,0,0,France,Female,Regular,0
8434,71,17,471,60.711333140432956,481.5354893999167,1,1,1,France,Male,Regular,0
8435,43,40,807,41.46996050966641,400.8600780364539,4,1,1,Germany,Male,Premium,0
8436,21,18,704,110.19698020507201,486.9470139064479,1,1,0,France,Male,Regular,0
8437,18,3,570,5.831943884806979,953.964405343238,1,0,1,Germany,Male,Regular,0
8438,24,72,430,62.66861393266111,860.5096577430878,1,1,0,Spain,Male,Premium,1
8439,47,40,684,7.928232424590213,326.90555057080263,2,1,1,France,Female,Regular,0
8440,67,14,696,3.143019260778146,740.4461170622429,1,1,1,France,Male,Premium,1
8441,26,65,595,7.130308341327003,2456.0779580072035,2,1,0,Germany,Male,Premium,1
8442,78,63,682,150.73565445428935,552.8569459960181,3,1,1,Spain,Female,Regular,0
8443,52,71,811,29.029634802205923,165.51469309099403,3,1,1,France,Male,Regular,1
8444,25,14,694,2.511834545947415,265.82447238306537,1,1,1,Germany,Male,Regular,0
8445,78,49,559,43.80960773843962,1442.763681770329,3,1,0,France,Female,Regular,0
8446,41,21,580,11.13930989191376,274.459160402854,1,0,1,Germany,Male,Regular,0
8447,36,23,655,0.34299427823868445,2516.8027215012817,2,1,1,France,Male,Premium,1
8448,53,1,719,71.02065084094578,147.42617583204313,3,0,1,France,Female,Regular,0
8449,67,35,491,8.412831398513932,471.0195204818746,4,1,1,France,Female,Premium,0
8450,69,15,727,142.78675477712014,1193.2454935376475,1,0,1,Spain,Female,Regular,1
8451,76,15,647,44.922524575625424,111.65678222968779,1,1,1,Germany,Male,Regular,0
8452,60,67,728,4.5507411433560865,1114.7275316978487,3,1,1,France,Female,Premium,1
8453,44,29,691,12.283802393611037,649.5672150899811,3,1,0,Germany,Female,Regular,0
8454,49,54,640,47.18883125105783,1159.6452377435223,3,0,1,France,Female,Regular,0
8455,31,65,846,20.633001080312454,343.36836511671135,1,1,1,Germany,Male,Regular,0
8456,74,25,701,37.97963472121303,744.2858575254893,4,0,1,Spain,Male,Regular,0
8457,35,56,346,80.35005584077342,598.3066751213689,1,1,1,Spain,Male,Premium,0
8458,45,68,724,78.6556627666251,1359.5430472930666,1,1,1,Germany,Male,Regular,0
8459,77,1,816,59.86422835707811,577.3283510449841,2,0,1,Spain,Female,Regular,0
8460,46,55,627,108.60166568244749,530.3595714790882,1,1,1,France,Male,Regular,0
8461,33,61,386,11.117236746268187,225.34322658066262,1,0,1,Spain,Female,Regular,0
8462,52,33,814,9.754627304518396,1456.722582790342,1,0,1,France,Male,Premium,0
8463,64,69,464,80.30953856873434,889.8410122676587,4,1,0,Germany,Female,Regular,1
8464,76,58,522,19.348559945489125,248.70174992382513,3,1,0,Spain,Male,Regular,1
8465,76,19,596,35.89068701851058,1270.688341322716,1,0,1,Germany,Female,Regular,0
8466,48,49,750,68.11954664527457,50.0,2,1,1,France,Female,Regular,0
8467,21,24,642,25.203454969711807,644.8011070982586,2,1,1,Germany,Male,Regular,0
8468,54,33,640,6.972431834192914,352.19609439214867,3,1,0,France,Female,Regular,1
8469,34,52,760,56.886973788571915,1844.6601358860776,2,1,1,France,Male,Regular,0
8470,56,13,691,84.95702360172969,753.5158298617484,2,0,1,Spain,Male,Regular,0
8471,65,69,836,0.6439937097337513,240.87001837879362,4,1,1,Germany,Male,Regular,1
8472,63,42,850,41.33988515089235,252.06715423677602,1,1,1,France,Male,Regular,0
8473,43,61,720,31.687821737841286,549.4501763603841,1,1,0,Germany,Female,Premium,0
8474,65,68,680,15.02796523140476,759.1307778673572,1,1,1,France,Male,Premium,0
8475,56,62,304,8.778931105262654,282.0166784290808,1,1,1,France,Female,Regular,0
8476,58,1,303,10.415044487104291,317.2910844971727,1,0,1,France,Male,Regular,0
8477,21,53,615,64.54433370797005,495.978516380345,2,0,1,Germany,Male,Regular,0
8478,47,11,377,38.414568146709726,695.3602794711973,4,1,1,France,Male,Premium,1
8479,47,54,830,198.57374118333126,544.6738578458306,1,1,0,France,Male,Regular,0
8480,39,38,654,13.934847871872178,1374.21002975184,2,1,0,Spain,Female,Regular,1
8481,28,60,332,157.21645978984492,426.2499971402521,3,1,0,Germany,Female,Premium,0
8482,19,37,438,36.19161545529666,595.5903887504945,2,0,1,France,Female,Premium,0
8483,61,45,571,7.892748642369902,932.0629329429772,4,1,0,France,Female,Premium,1
8484,29,50,495,8.01894591247116,428.01233586368437,1,1,1,France,Male,Regular,0
8485,47,41,426,46.89717226373017,155.74518835430814,1,1,1,Germany,Male,Premium,0
8486,53,23,648,89.01805786480536,121.04063898964482,1,1,1,Spain,Male,Regular,0
8487,35,29,343,68.85910525648346,476.4342866323389,4,0,1,Spain,Female,Regular,0
8488,43,36,543,53.30154508348552,2000.0,3,0,1,Spain,Female,Premium,0
8489,70,52,308,9.443632168278874,820.3071702622799,3,1,0,France,Female,Premium,0
8490,80,65,378,5.733519572786674,2213.294483743335,2,0,0,Germany,Female,Regular,1
8491,24,10,489,0.012402723572212962,864.2610063996743,2,1,1,Spain,Female,Regular,0
8492,78,22,385,5.367784191581607,502.2097678407735,1,0,0,Spain,Female,Regular,0
8493,18,49,784,72.70010454135264,189.516331745814,1,0,1,France,Male,Regular,0
8494,80,66,570,112.80817992355966,338.16653352802206,1,0,0,Germany,Female,Regular,1
8495,75,54,812,13.744904106392388,969.7060353744884,2,0,1,France,Male,Regular,0
8496,43,3,319,79.21147663155122,988.4970480290353,1,1,1,France,Male,Regular,0
8497,40,53,788,11.085277137713781,1813.1176375931495,2,1,1,Spain,Male,Premium,0
8498,43,60,429,14.335572739890228,494.0808999868724,2,0,1,Germany,Male,Premium,0
8499,62,4,306,12.690325472076497,1708.2025340825833,4,1,1,Spain,Male,Regular,0
8500,23,17,609,2.655795561943322,756.9503440501941,1,1,1,France,Female,Regular,0
8501,23,47,772,10.787377718870381,731.0298907732401,1,1,0,Spain,Female,Regular,1
8502,61,42,401,23.383784618316973,346.8796873648487,2,1,0,France,Female,Regular,1
8503,25,20,637,25.99918114169311,317.0330369211221,2,1,1,France,Female,Regular,0
8504,41,48,618,18.51453335225534,622.020378033112,2,0,0,France,Male,Regular,1
8505,39,29,812,36.15200635239134,90.83245330710322,4,0,0,France,Female,Premium,0
8506,36,62,324,23.740617230341993,121.2488390070158,4,1,0,France,Female,Regular,1
8507,54,67,729,175.9393622176509,1495.0386171534988,2,1,1,France,Male,Regular,0
8508,35,68,442,82.34412831187552,686.7271579855558,4,0,1,Spain,Male,Regular,0
8509,48,40,448,133.6660254301093,578.4737884277492,4,1,1,France,Female,Regular,0
8510,79,44,354,40.75748674279636,639.6862572248934,3,1,1,France,Male,Regular,0
8511,54,29,770,56.71295188285511,233.93868766705214,1,1,1,Germany,Male,Regular,0
8512,47,44,662,9.116660349162553,238.69160615262584,2,1,1,France,Female,Regular,0
8513,74,44,508,69.8749969351859,643.4888342927818,3,1,1,France,Male,Regular,0
8514,59,44,484,13.45748389597983,733.9010942820535,3,0,1,France,Female,Regular,0
8515,50,54,364,7.881423467795108,1677.3599816538215,4,1,1,Germany,Male,Regular,0
8516,27,66,848,2.1380347093942644,634.840988564148,2,1,0,France,Male,Regular,1
8517,54,4,411,31.95475845887421,1368.1753019646076,4,1,1,France,Female,Premium,0
8518,29,31,562,16.898916684866595,348.5220608478511,3,1,1,Germany,Male,Regular,0
8519,71,5,375,216.10181944957628,1887.6746434845352,3,1,1,Germany,Male,Premium,0
8520,47,25,595,14.37305831038897,292.9875691171512,3,1,0,Spain,Female,Regular,1
8521,44,36,477,100.69890254242817,388.3603465843843,1,1,1,Germany,Male,Regular,0
8522,56,14,300,19.02195212655596,1155.9625553903875,2,0,0,France,Male,Regular,1
8523,26,68,447,69.14039276503074,372.1997628819021,1,1,1,France,Female,Regular,0
8524,71,24,428,53.917151758488494,381.2138183023308,3,1,1,France,Female,Regular,0
8525,38,12,812,41.25211616135639,310.41939784368026,3,1,1,France,Female,Premium,0
8526,29,23,801,26.963393459268875,431.6623684581911,3,1,0,France,Female,Premium,1
8527,72,72,448,55.60083835727882,321.4666359355568,1,1,1,France,Female,Premium,1
8528,46,59,568,26.15151917334957,611.3689290402552,4,1,1,Spain,Male,Premium,0
8529,50,72,404,39.714744055151606,790.1360452467427,2,1,1,Germany,Male,Regular,0
8530,60,20,765,44.55573337363432,282.6551230097264,4,0,1,France,Female,Regular,0
8531,79,61,580,15.554715289750579,482.6135233226311,4,0,0,France,Female,Regular,1
8532,70,25,706,20.75581234207122,792.2943615443382,3,1,1,Germany,Female,Regular,0
8533,32,53,657,0.910747657350826,808.1592536855862,1,1,0,France,Male,Regular,0
8534,19,41,502,95.58089311822705,175.47914787048998,4,1,1,Spain,Male,Regular,0
8535,69,10,580,70.5258987669898,647.8883637045486,1,1,1,France,Male,Regular,0
8536,56,36,556,10.138283231878509,128.42939136574205,1,1,1,Spain,Male,Regular,0
8537,70,10,393,22.474646948662784,1391.519578752982,1,1,1,France,Male,Regular,0
8538,61,26,623,27.328640690364097,304.02832055846744,2,0,1,France,Female,Regular,0
8539,71,33,661,20.351718838326445,211.4502014476797,4,1,1,France,Female,Premium,0
8540,35,37,650,80.03451587396499,595.5056383399395,3,1,1,Spain,Male,Regular,0
8541,20,58,361,64.6257596568112,1561.2232708590539,3,1,1,Spain,Male,Premium,1
8542,24,52,486,72.86991514052998,382.7791213097741,2,1,0,Spain,Female,Regular,0
8543,60,64,841,117.23813515895012,761.3315557277504,4,1,1,France,Male,Regular,0
8544,35,16,603,45.21208764961781,801.2522793816676,3,0,0,France,Female,Premium,1
8545,61,66,735,47.665157030021476,1549.8171585111395,1,1,1,France,Female,Regular,0
8546,55,27,512,63.99486068402687,391.6548737749014,3,1,1,Germany,Female,Regular,0
8547,54,13,705,57.16467894914088,175.18541643829084,4,0,1,France,Male,Regular,0
8548,75,51,433,101.93917709550055,1255.4649337674655,1,1,1,France,Female,Regular,0
8549,50,29,518,73.52690530664839,207.45732175417263,2,0,1,France,Male,Regular,0
8550,61,57,720,6.417733122397726,524.0347107545908,3,1,1,France,Male,Regular,0
8551,76,53,618,131.8041187725954,526.2142688607338,3,1,1,Germany,Female,Premium,0
8552,48,68,456,57.458338639191645,309.01159659917863,2,1,1,Germany,Female,Regular,0
8553,75,14,487,6.799344577733153,398.8751922794147,4,1,1,Germany,Female,Regular,0
8554,28,48,775,73.9147231216838,315.72844186421526,1,1,0,France,Female,Regular,1
8555,21,13,461,22.190487575789632,585.3441116185252,3,1,1,France,Male,Premium,0
8556,76,56,428,81.9891635458955,493.1292304012759,4,1,1,France,Male,Regular,0
8557,35,70,603,155.50773398682674,664.4784166952778,1,0,0,France,Male,Regular,1
8558,21,7,388,14.734799703543333,438.5443573405964,3,1,1,France,Male,Premium,0
8559,66,71,461,97.38946180141454,50.0,4,1,1,France,Female,Regular,0
8560,51,18,335,74.26406603177288,176.9216776260628,4,1,0,France,Female,Premium,0
8561,46,31,526,55.61298464450346,720.0846154404959,2,1,1,France,Female,Regular,0
8562,41,28,450,24.300191184238482,468.60357108365275,3,1,0,France,Male,Regular,0
8563,39,40,346,5.818943966024467,1492.6502603790823,1,1,1,France,Female,Regular,0
8564,19,50,530,33.07242937977378,375.09339554602167,3,1,0,Germany,Male,Regular,1
8565,61,12,838,5.583833798847118,256.79553384428505,2,1,0,Germany,Male,Premium,0
8566,80,26,464,34.672083883830744,663.3064436050632,1,1,1,France,Male,Premium,0
8567,23,18,365,85.82145194509616,68.84303669698771,4,1,1,France,Male,Premium,0
8568,59,33,379,250.0,79.54856166465757,2,0,0,France,Female,Premium,1
8569,42,52,439,11.032876669273792,1369.3587454678357,1,1,1,France,Male,Regular,0
8570,72,57,699,11.650733188417695,733.0674605744699,1,0,0,Germany,Male,Premium,1
8571,74,36,429,83.26955814674926,1211.3646973463713,3,1,1,France,Female,Regular,0
8572,38,8,745,31.65518412377991,596.743926532517,4,1,1,Germany,Male,Premium,0
8573,72,51,328,123.73074719626702,611.1231145638662,2,1,1,Germany,Female,Regular,0
8574,76,53,501,73.26606405328867,719.4367678720098,4,1,1,Germany,Female,Regular,0
8575,33,4,536,66.67139054616247,1377.9264667897494,2,1,1,Germany,Male,Regular,1
8576,48,68,638,5.376683131310955,475.8400619858391,3,1,1,Spain,Male,Premium,0
8577,31,7,698,1.8267455466155051,187.31399619495608,1,1,1,Germany,Female,Regular,0
8578,56,13,738,19.045660855798534,248.24058504439063,3,1,1,France,Female,Regular,0
8579,45,2,588,12.25018519735412,186.6016946076377,2,0,0,Spain,Male,Premium,0
8580,49,23,551,62.29339474965402,50.0,4,1,0,France,Female,Regular,0
8581,45,12,399,29.95859676613443,353.86409980672124,1,1,1,France,Female,Regular,0
8582,68,42,721,37.02728501183272,153.31939810315868,2,0,1,Germany,Female,Regular,0
8583,72,28,317,84.03098466105904,828.2245483075404,1,1,1,France,Female,Premium,0
8584,66,71,770,32.552749104028564,455.74192392518313,1,0,1,Spain,Female,Regular,0
8585,26,50,306,39.36479704224898,502.79084556534906,3,1,1,France,Female,Regular,0
8586,75,41,718,92.3594652843846,513.4765445071051,2,0,1,France,Male,Premium,0
8587,62,30,679,28.22325968036221,446.90562018114514,4,1,1,Spain,Male,Regular,0
8588,39,62,807,4.339299642087201,500.6756997026525,3,0,1,Spain,Female,Premium,0
8589,49,25,413,36.876401012468754,458.5776592127632,3,1,1,Spain,Female,Regular,0
8590,22,17,810,43.29909609927461,118.62934682708352,3,1,1,France,Male,Regular,0
8591,40,65,768,35.85117875942403,824.5610263572784,2,0,1,France,Female,Regular,1
8592,22,2,392,14.923638641846432,587.7345808232358,2,1,0,Spain,Male,Regular,1
8593,59,47,791,12.66017209770967,1264.0177297471191,1,0,1,Germany,Male,Premium,0
8594,70,59,401,23.082441156538582,278.07888852591003,1,0,0,Spain,Male,Regular,0
8595,49,32,792,9.089809051619401,885.4478438333215,1,0,1,France,Male,Regular,0
8596,76,2,835,54.834259227406235,644.8396078877688,1,0,1,Germany,Female,Premium,0
8597,27,3,784,47.68339443745755,309.31441828960556,3,1,0,Germany,Male,Regular,0
8598,76,3,778,50.03739808456903,217.32081294007688,4,1,1,France,Male,Regular,0
8599,56,41,466,12.731549229360208,222.94796177400292,1,1,1,France,Male,Premium,0
8600,75,8,439,14.153238378394315,70.57857528907672,2,1,1,France,Male,Premium,0
8601,32,50,393,77.4148498122038,827.9765721932421,1,1,1,France,Female,Regular,0
8602,24,15,480,58.57718015797455,740.1597954090096,2,1,0,Spain,Male,Premium,1
8603,46,16,303,104.04406855386021,203.92278148050022,4,0,1,Spain,Male,Regular,0
8604,76,19,688,25.83428115168857,254.49766414418917,3,0,1,France,Female,Premium,0
8605,64,13,571,39.62935533274896,635.1590744660164,4,1,1,Spain,Male,Regular,0
8606,20,21,431,67.11917663676229,390.27866234970844,4,0,1,France,Female,Regular,0
8607,36,51,811,182.7818461068113,1204.948133192022,3,1,1,France,Male,Regular,0
8608,27,26,351,228.45065441934796,835.5740430801386,2,0,0,Germany,Female,Regular,0
8609,45,42,589,250.0,367.848364558713,4,1,1,Germany,Male,Premium,0
8610,46,2,745,110.60363067251045,327.40166558639993,3,1,1,Germany,Male,Premium,0
8611,32,7,536,51.03408853925079,651.9176195478527,2,1,0,Germany,Male,Premium,0
8612,52,10,790,0.34976806881937633,133.08549120822835,2,0,0,Spain,Male,Regular,1
8613,23,28,579,60.12265852402013,367.40975334965947,2,0,1,Spain,Male,Regular,0
8614,29,39,343,13.629789977133216,200.865452347515,3,1,1,Germany,Male,Premium,0
8615,64,72,658,2.9433131326765265,1627.1939733267448,1,1,0,France,Female,Regular,1
8616,55,20,825,59.731566758901536,723.988174020693,3,1,1,France,Male,Regular,0
8617,30,23,761,70.53159191003677,1423.897423278894,4,0,1,France,Male,Premium,0
8618,46,72,400,53.85718780693281,891.5911656940924,3,0,1,France,Male,Regular,0
8619,36,59,760,22.71988459646986,295.45420081626344,3,1,1,Spain,Female,Regular,0
8620,20,25,567,35.770061162123376,584.1758101557014,4,1,1,France,Female,Regular,0
8621,25,8,661,136.62812974962816,206.68749183452667,3,0,0,Germany,Male,Regular,0
8622,25,19,707,65.39467451420724,535.2372185072744,3,0,0,Germany,Female,Regular,0
8623,72,55,336,35.12799038351718,210.73916281809088,4,0,1,France,Male,Premium,0
8624,75,35,767,45.00231351829088,126.86226061341763,1,0,1,France,Male,Regular,0
8625,37,35,558,131.3352160015748,53.979309992223044,1,1,1,Germany,Male,Premium,0
8626,64,72,808,25.025824157514943,585.0543654284362,2,1,1,Spain,Male,Regular,0
8627,21,21,608,5.370559480772743,589.2056099368361,1,0,1,Germany,Female,Premium,0
8628,68,0,572,19.713369983373443,909.693923761579,3,1,0,Germany,Female,Regular,0
8629,38,68,409,26.8242868871374,76.41723992412898,4,0,1,Germany,Male,Premium,0
8630,20,72,559,15.938955255254045,583.9203126640738,2,1,1,France,Male,Regular,1
8631,62,36,567,37.64192995511967,67.31501432438438,3,1,0,Spain,Male,Regular,0
8632,25,72,331,18.181947906557333,172.56049187570162,2,0,0,Germany,Male,Regular,1
8633,40,12,476,5.444982181834717,2000.0,4,1,1,France,Male,Regular,0
8634,33,53,403,10.4169659371238,1822.3490095225977,3,1,0,France,Male,Regular,1
8635,30,36,535,125.14706509864224,1266.3683133290813,2,1,0,France,Female,Regular,0
8636,20,24,392,49.65799878980497,329.24469408336984,2,0,1,Germany,Male,Regular,0
8637,65,20,500,18.86638855750215,696.7802988256119,1,1,0,Spain,Male,Premium,0
8638,26,40,334,22.85775925758028,250.1949044133884,2,1,1,France,Male,Premium,0
8639,77,72,416,34.00001616355587,424.905907903058,1,1,1,France,Female,Regular,0
8640,31,41,757,55.90964216630603,849.5507159717274,1,0,1,Spain,Female,Regular,0
8641,30,41,770,43.63521487830432,632.5575623715462,4,1,1,Germany,Male,Regular,0
8642,70,1,698,134.92835879493245,93.29278401148639,1,0,0,France,Female,Regular,0
8643,74,67,416,49.1414060137992,1085.2326698680406,2,0,1,Spain,Male,Regular,0
8644,24,7,661,120.83921643477267,644.3147657186294,1,0,1,France,Female,Regular,0
8645,32,60,503,0.2722478034758784,698.3641999629364,1,1,1,Germany,Male,Regular,0
8646,24,13,445,110.61869999224629,612.7166242084115,2,1,1,Germany,Male,Premium,0
8647,55,15,743,63.909426697913304,594.0398444929704,4,1,0,France,Female,Premium,1
8648,51,23,596,9.448789606349814,541.1246112935793,4,0,1,France,Male,Premium,0
8649,58,49,786,15.260948730801799,680.7239138197867,2,1,1,Spain,Female,Regular,0
8650,39,44,530,39.132810886891455,606.1577407295977,3,0,1,Germany,Male,Regular,0
8651,41,60,502,6.673035776141411,1340.5313879694954,3,1,0,France,Female,Regular,1
8652,66,63,661,76.94157995504787,287.907394368117,2,1,1,France,Male,Regular,0
8653,54,25,694,78.31266345178736,535.376564429292,1,1,0,France,Male,Premium,0
8654,61,31,547,17.90157809037299,298.2296933957016,2,1,1,France,Female,Regular,0
8655,18,56,739,3.6186971672414914,359.69604592754973,2,1,0,France,Female,Regular,0
8656,27,57,695,224.80439678032334,157.01213493361126,3,1,0,France,Male,Regular,1
8657,60,32,655,14.432719199295438,425.07127180111496,3,0,1,Spain,Female,Premium,0
8658,33,51,700,3.4974513148659154,2000.0,2,1,0,France,Male,Premium,0
8659,63,17,540,20.021263426858198,681.810658309196,1,1,1,Germany,Female,Regular,0
8660,25,34,640,173.6936655731508,616.0032773563079,4,0,1,France,Male,Regular,0
8661,73,15,528,78.73434249980974,312.70468229131444,2,1,1,Germany,Male,Premium,1
8662,66,59,842,32.728360536763205,842.5884665314851,2,1,0,Germany,Male,Premium,1
8663,42,9,838,18.21594867059961,171.51244442251397,4,0,1,France,Female,Regular,0
8664,67,51,828,27.522182666063017,882.4922991350502,3,1,1,Spain,Female,Premium,0
8665,29,33,566,0.8759079538560283,184.6380077490174,1,1,1,Spain,Female,Regular,0
8666,42,66,428,63.358141788243586,2000.0,3,1,1,France,Male,Premium,0
8667,34,38,519,5.2482669959379855,667.9370425716845,4,0,1,Spain,Male,Regular,0
8668,77,7,381,36.59830671639482,191.1670389007449,4,1,1,France,Female,Premium,0
8669,43,28,319,41.71768937722984,256.57343268116585,4,1,1,France,Female,Regular,0
8670,63,21,626,0.08456017906115183,559.902341883955,4,1,1,France,Female,Premium,0
8671,65,69,336,195.2986322351099,1465.6848008368827,1,1,1,Spain,Female,Regular,0
8672,31,60,681,17.986769522914454,482.6732212330773,2,1,1,Germany,Female,Regular,0
8673,58,42,338,4.018451640996067,50.0,2,1,1,Germany,Male,Regular,0
8674,53,48,408,96.34067814622207,463.29487725963224,4,1,1,France,Female,Regular,0
8675,74,28,728,8.240937665160875,679.7373394970326,1,1,1,France,Female,Regular,0
8676,40,30,363,1.2635897457088854,199.57375904806474,4,1,1,France,Male,Regular,0
8677,60,52,474,34.129226078014916,346.10659775447164,1,1,1,France,Female,Regular,0
8678,23,33,331,6.9583326631048035,1103.492240999078,2,0,0,France,Female,Premium,0
8679,64,37,830,202.0583912399327,806.6139954455101,1,1,1,Spain,Female,Premium,0
8680,22,56,405,0.5232780019786857,548.7192689802511,2,1,0,Spain,Male,Regular,0
8681,60,3,781,2.6277225807970477,383.5266541308831,1,1,1,France,Male,Regular,0
8682,42,1,505,89.5731655740452,418.6387488898884,3,1,1,France,Male,Regular,0
8683,35,11,546,13.705509166114293,347.2715451939541,1,0,1,France,Female,Regular,0
8684,79,34,388,121.29232917934836,1228.654233755611,4,0,1,Germany,Male,Regular,0
8685,30,69,615,18.635647213218345,801.8447783269359,3,0,1,Germany,Male,Regular,0
8686,60,71,310,3.616850596286423,1068.5269521936423,3,0,1,France,Male,Premium,0
8687,31,20,348,0.5324145701462499,2000.0,3,1,1,Spain,Male,Premium,0
8688,45,60,470,16.60380508390035,227.92180833211592,3,1,0,France,Male,Regular,0
8689,35,34,442,32.09709917475293,204.37809558069435,3,0,1,Germany,Female,Premium,0
8690,76,47,506,0.05083137583744389,63.48140631724757,3,1,1,Spain,Female,Regular,0
8691,77,14,762,43.50701225613811,692.3406320873746,3,1,0,Spain,Male,Premium,0
8692,80,70,808,20.29787836792081,241.2184128965783,1,0,0,Germany,Female,Regular,0
8693,74,14,500,24.727402048637614,239.984882902571,4,1,1,France,Female,Premium,0
8694,45,5,304,15.150679978958792,279.3897939912946,1,1,0,Spain,Male,Regular,0
8695,68,67,510,37.649658357686825,306.45575936183747,3,0,1,Germany,Female,Premium,0
8696,73,22,328,13.07620130626014,112.1237464590455,3,1,0,Spain,Female,Regular,1
8697,44,31,489,7.241005622783862,2000.0,3,0,1,Spain,Male,Regular,0
8698,49,21,487,110.6587423849096,72.17197699051736,1,1,1,France,Male,Premium,0
8699,64,26,449,24.76032720941567,922.2329740207559,4,1,1,France,Male,Premium,0
8700,26,16,824,4.002529355532679,1141.5350888813657,4,0,0,France,Male,Regular,1
8701,57,43,665,13.089200689085834,1697.4983365033115,1,1,1,Spain,Male,Regular,0
8702,49,8,456,18.549050052100704,112.23930694333978,2,1,1,Germany,Female,Regular,0
8703,37,46,379,73.40696828995327,2284.1421945601783,2,1,0,France,Male,Regular,1
8704,45,72,572,1.1253442463483139,1431.770412744577,4,1,0,France,Female,Regular,1
8705,50,26,817,32.52828763143925,198.9913070553309,2,0,1,France,Male,Premium,1
8706,21,61,531,26.186466427742193,415.1415723593325,1,0,1,France,Male,Premium,0
8707,63,44,459,172.73054342180018,734.4720823867522,4,1,1,France,Male,Regular,0
8708,74,71,643,9.927121065937254,490.2396125296534,4,1,1,Spain,Male,Premium,0
8709,51,57,588,49.425701425444785,346.75305594049615,1,1,1,Germany,Male,Premium,0
8710,65,18,504,11.294671757367214,173.5646423049667,1,1,1,Spain,Male,Regular,0
8711,20,15,604,39.75036417660401,464.41357227678884,1,0,1,Germany,Female,Regular,0
8712,43,7,659,40.49115512245145,636.7541488513614,3,0,1,Germany,Male,Regular,0
8713,25,32,699,3.9168227415581334,1014.1127795286648,2,1,1,Germany,Male,Premium,0
8714,23,17,748,30.48179806717878,329.80613430696843,2,0,1,Germany,Female,Regular,0
8715,33,34,405,30.91646875901184,202.16795838984604,4,1,1,Germany,Male,Regular,0
8716,41,42,381,19.21968446093926,181.98062801491477,2,1,1,Germany,Male,Regular,0
8717,65,49,641,16.22826902896842,316.0143593062732,4,1,1,France,Female,Premium,0
8718,56,2,720,12.699340990202797,755.9465448864936,4,0,0,Spain,Female,Regular,0
8719,47,58,348,0.29793951272398306,318.8863420450967,3,1,1,France,Female,Regular,0
8720,62,27,505,0.09089679668054465,1402.3943379073098,4,1,0,Spain,Male,Regular,0
8721,30,45,517,44.55396279224904,943.0090026478728,3,1,1,Germany,Female,Regular,0
8722,22,70,735,17.227714207798414,612.2967251659048,2,1,0,France,Female,Regular,1
8723,42,69,621,9.189450996566691,50.0,3,1,0,France,Male,Premium,0
8724,37,46,530,57.71711879280893,544.1201578810455,1,1,1,Spain,Female,Regular,0
8725,71,13,786,37.63472964593473,244.07355730826086,3,0,1,France,Female,Regular,0
8726,35,11,728,123.23066413518579,732.7978685975403,4,1,0,France,Female,Regular,1
8727,64,37,583,88.8978394221162,201.44549255197677,2,1,0,Germany,Male,Regular,1
8728,35,50,785,64.8646000742727,266.98682258373583,4,0,1,Germany,Male,Premium,0
8729,19,28,575,6.767049000459704,1798.9698625453668,2,0,1,Germany,Male,Regular,0
8730,27,15,732,54.84400034056801,602.4828004078807,4,0,0,France,Male,Premium,1
8731,72,24,484,59.1964911680124,625.2439360866805,3,1,1,France,Female,Regular,0
8732,62,60,515,72.05497283339459,560.8194945355965,4,1,0,France,Female,Regular,0
8733,67,40,396,15.26737447598489,975.7868568642684,1,0,1,Spain,Female,Premium,0
8734,64,68,418,51.12389941269539,1478.8532438304376,1,1,1,France,Female,Premium,0
8735,80,3,664,48.15319422856151,2000.0,2,1,1,France,Female,Regular,0
8736,29,56,702,24.33186421674533,1492.4445756994955,2,0,0,France,Female,Regular,0
8737,64,30,696,54.45889370752886,1434.843207887349,3,1,1,France,Male,Regular,0
8738,30,2,757,4.534300262317328,420.6535975154152,4,0,1,Spain,Male,Premium,0
8739,67,66,617,51.57175618603149,585.853299911493,1,1,1,France,Female,Regular,0
8740,64,49,681,46.572196215286596,887.2784347034114,3,1,1,Germany,Male,Regular,0
8741,74,16,441,11.825651748615575,964.2970941037063,2,1,1,Germany,Female,Regular,0
8742,72,59,756,85.24615074478905,960.156341331134,3,0,1,France,Male,Regular,0
8743,28,65,800,103.73822491103462,613.6902579486963,2,1,1,France,Male,Regular,0
8744,36,23,622,11.816755634610546,391.57543933300127,2,0,1,France,Male,Regular,0
8745,52,31,567,3.9500545800464977,555.3093050104519,3,1,0,France,Male,Premium,0
8746,56,14,786,46.26347901058612,245.07228920215576,4,0,1,Germany,Female,Premium,1
8747,70,65,459,32.68839390137139,773.4889578237385,3,0,1,Germany,Female,Regular,0
8748,43,59,313,27.895357484903556,266.17579628603403,2,0,1,France,Female,Regular,0
8749,63,72,454,71.56632906986754,1603.167607141389,1,1,1,France,Male,Premium,1
8750,31,14,400,174.76876532516613,269.979253829321,4,1,1,France,Female,Regular,0
8751,71,34,342,32.472184138148926,418.9224624081171,4,1,0,France,Male,Regular,0
8752,62,68,492,0.30870496805532927,873.6710187246492,1,0,1,France,Female,Premium,0
8753,61,26,610,45.35009219154779,459.3032733216983,4,1,1,Spain,Female,Regular,0
8754,41,3,764,53.06089366628392,400.38372745601345,2,1,1,France,Female,Regular,1
8755,58,6,462,88.01836190190832,832.9612401429894,3,1,1,France,Female,Premium,1
8756,18,27,650,11.120127614597791,786.1058550298576,2,1,0,Spain,Female,Regular,1
8757,68,57,533,37.1512983726944,263.076294042429,4,0,1,Spain,Male,Premium,0
8758,60,48,702,29.631755014661255,322.3757318726775,1,1,1,Spain,Male,Regular,0
8759,72,20,650,54.59779376562528,207.63124455235769,4,1,0,France,Male,Premium,1
8760,39,41,466,3.3039487488807877,797.6719959315882,2,0,0,France,Male,Regular,0
8761,40,71,447,107.71382871292326,1100.073419966156,4,1,1,France,Female,Regular,0
8762,73,39,327,35.78573656914094,789.6352233718987,4,1,1,France,Male,Regular,0
8763,71,45,558,104.79702315908948,1341.1351701695144,2,0,1,France,Female,Regular,0
8764,36,70,741,20.79373996118793,763.9420298992912,4,1,1,France,Male,Premium,0
8765,35,69,826,52.99682869621862,520.8980589920891,2,1,0,Spain,Female,Premium,0
8766,29,72,510,157.0091814086084,864.3076845996766,1,1,1,France,Male,Regular,1
8767,72,0,842,143.56893530187017,711.8041253893915,4,1,0,Germany,Male,Regular,0
8768,45,51,744,144.21200901895878,1527.6165771558235,1,1,0,Germany,Male,Regular,0
8769,45,34,752,2.1948170511367655,343.4818194154386,3,0,1,Spain,Female,Premium,0
8770,77,68,703,25.793248412555307,263.95986830335204,4,1,1,France,Female,Regular,0
8771,76,4,365,3.135343711917329,718.837191557549,3,1,1,France,Male,Regular,0
8772,50,16,704,18.51530083579864,214.1383988170231,1,1,0,France,Female,Regular,0
8773,36,52,734,9.593031174077247,64.5082666317822,1,0,1,France,Male,Regular,0
8774,45,51,527,48.39728670349067,128.8239190583087,2,1,1,Spain,Male,Regular,0
8775,76,13,775,75.87625468961113,414.65423630794027,3,1,1,Germany,Male,Regular,0
8776,69,28,767,36.010193207769156,1077.777467511099,3,0,1,Germany,Female,Regular,0
8777,78,19,400,79.35278206260674,309.9663972754904,2,1,0,France,Female,Premium,1
8778,79,0,722,0.644804746563755,775.6079803882982,3,0,1,France,Male,Premium,0
8779,66,28,655,85.87242032570678,235.46539195431063,1,0,1,France,Female,Regular,0
8780,54,30,438,9.822660476250732,632.9828210946205,1,0,0,Germany,Female,Regular,1
8781,43,50,430,30.89603969083851,899.09204160696,1,1,1,Germany,Male,Premium,0
8782,52,47,848,29.222317928393775,221.1973765199646,1,1,1,Germany,Female,Regular,1
8783,51,72,767,103.23967910500296,348.655932769785,4,1,1,France,Male,Regular,1
8784,80,52,779,169.03908135947202,1111.9003815095348,2,1,1,France,Male,Premium,0
8785,52,51,410,14.726672248876241,164.88665180201986,4,1,0,France,Female,Regular,0
8786,57,11,452,3.489650964913876,205.1052844614028,4,1,0,Spain,Female,Regular,0
8787,33,51,541,52.56570219354898,873.4363158036194,3,0,1,Germany,Female,Regular,0
8788,55,0,578,34.94222766577662,111.3013576718102,2,1,1,Spain,Male,Regular,0
8789,30,7,662,41.701578952396574,255.1245218553624,4,1,1,France,Male,Regular,1
8790,79,16,707,2.3687444775843636,909.9788504257656,4,1,1,Spain,Female,Regular,0
8791,40,42,474,74.65164053306808,66.25758862902251,2,1,1,France,Female,Regular,0
8792,77,70,434,13.221291382140233,509.0316709981725,1,0,1,Germany,Male,Premium,0
8793,71,16,805,20.393658827298285,669.5075168740719,2,1,1,Germany,Male,Premium,0
8794,39,58,593,12.96145054149429,614.8575062983666,2,1,1,France,Male,Regular,0
8795,33,2,794,145.8872551682828,706.0739969656643,2,0,1,Germany,Male,Premium,0
8796,45,37,718,9.239539133662499,851.0656551714211,1,1,0,France,Female,Regular,1
8797,65,35,505,65.8979660478847,1494.9362960585322,2,1,0,Germany,Male,Regular,1
8798,52,37,617,14.101390659902124,567.5584166750334,1,1,1,Germany,Male,Regular,0
8799,77,53,372,27.662272754989154,176.35921287510467,4,1,1,Spain,Male,Regular,0
8800,62,49,558,250.0,570.6202001519517,4,1,0,Germany,Male,Premium,0
8801,63,68,657,5.3000774005449935,139.17494222387995,1,1,1,Germany,Female,Premium,0
8802,25,29,447,106.58275500547605,684.4161493907058,3,1,0,Germany,Male,Regular,0
8803,61,22,524,145.98478322764262,1656.6263791086706,2,1,1,France,Male,Regular,0
8804,72,46,404,59.90405885966206,524.6417864935818,4,1,1,France,Male,Regular,0
8805,72,20,655,0.5006072198131244,606.3772685984694,4,0,1,France,Female,Regular,0
8806,39,19,837,85.96224384320784,2000.0,1,0,1,France,Female,Premium,0
8807,38,22,560,106.96888925873205,1017.7526936236055,3,1,1,France,Female,Regular,0
8808,43,67,369,197.99284318102303,120.71173640794815,3,1,1,Germany,Male,Regular,0
8809,57,20,746,91.41570028758512,391.5358227197729,3,1,1,Spain,Male,Premium,0
8810,38,20,746,29.4922661819188,860.0627448197112,1,1,1,Germany,Female,Regular,0
8811,42,0,556,58.34182796317376,444.0055923250324,1,0,1,Germany,Female,Premium,0
8812,58,14,830,33.191897361968785,467.82226099552395,2,1,1,France,Male,Regular,0
8813,18,27,418,21.771867290748283,242.602081975533,4,1,0,Germany,Female,Premium,1
8814,23,50,365,49.23202441431172,68.06735729814392,4,0,1,France,Female,Regular,0
8815,40,62,544,73.44738560032975,751.1627840226029,1,1,1,France,Female,Regular,0
8816,68,13,356,50.51644422066682,630.0514454261987,4,1,1,Spain,Male,Premium,0
8817,40,58,343,87.60147341790395,448.30835585158525,2,0,1,Spain,Female,Regular,0
8818,60,49,823,9.701995945448251,473.97383227664443,1,1,1,France,Male,Regular,0
8819,60,33,723,23.395854507414597,59.435210662817205,4,0,1,France,Male,Premium,0
8820,40,5,835,18.740913787720352,1850.0697822865288,3,0,1,France,Female,Regular,0
8821,49,48,694,10.791464522066727,326.9727528666608,1,1,1,Germany,Male,Regular,0
8822,47,5,749,29.275153188934826,470.02863493637864,4,0,1,France,Female,Premium,0
8823,30,68,556,147.70348956720457,404.3761718905658,4,1,1,France,Female,Regular,0
8824,60,8,660,38.61041677397777,403.3462407836463,2,1,0,Germany,Male,Regular,1
8825,35,50,679,16.871976584269007,695.5972646860723,2,1,1,Germany,Female,Regular,0
8826,40,0,742,21.852480799242745,669.5353475441733,3,0,1,France,Female,Premium,0
8827,32,18,833,47.47631213019138,236.7169161690124,3,1,0,France,Male,Premium,1
8828,50,42,773,21.750881323533072,154.36580234144702,3,0,1,Germany,Female,Premium,0
8829,38,26,456,38.64705760828227,905.1396872450191,2,0,1,France,Male,Premium,0
8830,74,70,388,16.021276366461628,123.9132565211413,4,1,1,France,Female,Premium,0
8831,56,2,501,21.22714213399279,636.6892512179293,1,1,0,France,Male,Regular,0
8832,40,57,761,61.16251447884814,1650.8066153099066,1,0,1,France,Female,Regular,0
8833,44,16,780,43.92787733816071,728.38119327391,2,1,1,Spain,Female,Premium,0
8834,62,44,753,4.90748786178654,1100.6974521075897,2,0,1,Germany,Female,Regular,0
8835,61,57,769,180.9350654783094,313.91990958049126,2,1,1,France,Female,Regular,0
8836,35,55,679,2.5297781013322274,501.1947376426457,2,1,1,France,Female,Regular,0
8837,41,53,700,4.3290955856066535,296.81294952449815,1,1,1,Germany,Male,Premium,0
8838,68,28,378,60.43018363675935,823.1827544415862,3,1,1,Germany,Female,Regular,0
8839,64,56,850,61.55317999909505,591.412795279649,1,1,0,France,Male,Premium,1
8840,57,33,685,0.9558553105383856,1338.4225303639976,2,1,1,France,Female,Premium,1
8841,68,41,642,51.466518872761945,1222.7679001179552,3,1,0,Germany,Male,Regular,1
8842,59,30,744,1.691285388446354,206.65173550766443,1,1,1,Germany,Male,Regular,0
8843,24,40,351,161.91566815066128,1603.449445460822,2,1,0,France,Male,Regular,1
8844,67,60,550,59.55983731396566,819.5622172686941,2,1,1,Germany,Male,Premium,0
8845,65,36,628,10.325268173639028,865.0401351652343,4,1,1,France,Male,Regular,0
8846,37,72,793,8.604986199073759,350.8292783394736,4,1,1,France,Female,Premium,1
8847,44,32,649,42.159251800196,809.3594482726087,2,1,0,Germany,Male,Regular,1
8848,23,9,758,50.19039260514414,443.8676115643725,1,1,0,France,Male,Premium,1
8849,44,45,797,88.96318237261839,950.7591242102105,4,0,1,France,Male,Premium,0
8850,26,51,424,116.81803049970515,544.6427579793234,1,0,1,Spain,Male,Regular,0
8851,70,48,503,24.922907861525637,419.34571347203155,1,1,1,Germany,Male,Regular,0
8852,62,5,320,92.92216405172665,85.94233386352904,4,1,0,France,Female,Regular,0
8853,74,9,661,39.085810537637094,567.2103111183505,2,1,1,Germany,Male,Premium,0
8854,48,22,660,31.798862729503817,949.5956513979344,4,1,1,Germany,Female,Premium,0
8855,38,16,415,60.02737487927331,1254.8398942516278,1,0,1,Germany,Male,Regular,0
8856,43,43,354,5.4458394378601325,573.7348784238319,3,0,0,France,Male,Regular,0
8857,57,40,591,15.420538811032753,154.16846931813325,4,1,1,France,Male,Regular,0
8858,65,14,350,84.84865826151368,382.6700368151695,3,0,1,Germany,Male,Regular,0
8859,62,43,553,35.06691565758642,680.757661250392,2,0,1,Spain,Female,Regular,0
8860,30,57,791,119.32194745495863,741.362948583255,4,0,0,Germany,Female,Regular,0
8861,66,49,524,4.6443612401588545,1251.1209613955255,3,1,1,Spain,Male,Premium,0
8862,40,51,768,18.801102835559366,216.0120089419195,2,0,1,France,Male,Regular,0
8863,37,69,402,21.96789363971162,373.3200083610683,1,0,1,France,Male,Regular,0
8864,54,67,347,27.471421029451477,861.645215498544,2,1,1,Spain,Female,Regular,0
8865,71,62,641,216.45293311128108,398.51795141160267,2,1,1,Spain,Male,Regular,0
8866,70,57,532,18.601229904737572,299.5877206169818,1,1,0,Spain,Female,Regular,0
8867,45,22,527,36.5614022877454,308.6872708143264,2,1,1,France,Male,Regular,0
8868,34,41,821,38.401222690525394,851.0415203026774,4,0,0,Spain,Female,Regular,1
8869,45,43,312,73.65756501611699,276.6170493725437,2,0,1,France,Female,Premium,0
8870,58,51,798,36.47697026795207,852.042470592393,3,0,1,France,Female,Regular,0
8871,19,66,744,46.536904790345886,407.6390735833412,2,1,0,Spain,Male,Regular,0
8872,42,27,639,69.98479829236024,713.5203960416312,3,1,0,France,Female,Premium,0
8873,75,72,623,5.330954515422881,317.53007398381106,2,1,0,France,Male,Regular,1
8874,67,17,456,165.48397854260037,371.95236635998754,4,1,1,Germany,Male,Premium,0
8875,58,26,730,93.63898995674657,196.8086632673515,1,1,1,Germany,Female,Regular,0
8876,23,59,706,24.614311728991883,317.5213287189676,1,1,1,Germany,Female,Regular,1
8877,28,59,457,65.1744823171829,917.525553810945,3,0,1,Spain,Male,Regular,0
8878,74,56,484,71.8425762014613,595.7866433344668,2,1,0,France,Female,Regular,1
8879,78,14,790,94.93821660942858,1154.3453082475824,2,0,0,Germany,Female,Premium,0
8880,55,72,835,10.432259684825285,1182.4082416646008,4,0,1,France,Male,Regular,1
8881,23,67,656,60.819605725123914,561.1184550382386,2,1,1,France,Female,Premium,0
8882,62,22,661,1.6954498537707898,502.881245840858,3,1,0,France,Male,Premium,1
8883,28,60,523,6.141111281730064,754.7797865986873,3,0,1,Spain,Male,Regular,1
8884,31,47,503,74.820410123267,1403.1760875309085,4,1,1,Spain,Male,Regular,0
8885,19,71,307,83.83313628976956,361.3191686801317,3,1,1,France,Male,Regular,0
8886,57,0,771,44.87792063764488,777.2591323186814,3,1,1,Germany,Male,Regular,0
8887,20,6,471,43.57614352885537,231.2442274239736,4,1,0,France,Female,Regular,0
8888,72,52,395,69.21709908626035,1359.6232299124804,3,0,1,France,Male,Regular,0
8889,70,30,605,118.26816333660757,1192.3162621068502,3,0,1,Germany,Female,Regular,0
8890,52,17,557,27.332586730531723,761.8723687163337,1,1,1,Germany,Male,Regular,0
8891,50,11,773,6.098276426574268,307.3617861877152,4,0,1,Spain,Female,Premium,0
8892,41,47,599,91.3173545285995,289.3267551075195,1,1,0,Germany,Male,Premium,0
8893,36,36,764,20.900484112405316,292.4158827965298,2,1,1,Spain,Male,Premium,1
8894,35,6,627,7.181151298317788,446.08111031608024,4,1,1,Spain,Male,Premium,0
8895,66,2,409,47.67580387346972,417.02891231147834,2,1,1,France,Female,Premium,0
8896,69,62,428,43.14744298167897,354.76439574106865,3,0,1,Spain,Male,Regular,0
8897,78,5,436,32.146112451167006,535.3843018126167,1,1,1,France,Female,Premium,0
8898,41,27,838,98.23328243528844,513.3962685132069,3,1,1,France,Male,Regular,1
8899,62,70,463,15.88822461888831,491.1356367803067,1,1,1,Germany,Male,Regular,0
8900,52,42,648,0.6661815989234381,476.39839644234814,1,0,1,France,Female,Premium,0
8901,79,17,762,19.538829644351026,345.68000370945555,1,0,1,Germany,Female,Regular,0
8902,18,21,803,0.4876685128664921,1269.0899721985663,1,0,1,France,Female,Regular,0
8903,53,60,450,39.218320186155395,462.41278621308123,3,1,1,France,Male,Premium,0
8904,42,60,545,23.760722530024967,1210.8502251042125,3,0,1,Spain,Male,Regular,0
8905,62,52,409,84.0850403894532,1524.9050489553647,3,0,1,Germany,Male,Regular,0
8906,66,25,574,79.87184875354153,460.90975884985943,1,1,1,France,Male,Premium,0
8907,77,39,366,28.514495878656632,350.81490790873056,2,1,1,France,Male,Premium,0
8908,79,8,349,12.198271084205297,903.1441818917866,3,1,0,Germany,Male,Regular,1
8909,60,20,814,27.44626998520912,348.03973221117633,3,1,1,Germany,Female,Premium,0
8910,51,42,525,51.265916562444936,804.8095367554874,4,1,1,France,Female,Premium,0
8911,42,20,805,10.548768094654474,335.0413881044715,2,1,1,France,Male,Regular,0
8912,33,2,454,74.15053187621005,1439.445980674686,3,1,1,Germany,Male,Regular,0
8913,51,30,779,20.06570256654862,659.2036978328116,3,1,1,France,Male,Premium,0
8914,46,26,410,134.5426916792458,1071.5197586910126,4,1,1,Germany,Male,Regular,0
8915,36,33,782,35.85873007511456,774.800053868039,1,1,0,Germany,Male,Premium,1
8916,40,72,573,93.90723601077433,111.41673260092837,2,1,0,France,Male,Regular,0
8917,36,56,454,47.84165133515425,106.87082756639742,2,1,1,France,Female,Regular,0
8918,42,41,466,40.43933318847267,270.2540793196361,4,1,0,France,Female,Regular,1
8919,33,43,318,57.305660237661414,382.5298537343867,2,1,1,France,Male,Regular,0
8920,71,42,644,83.43050920596153,1304.4361121243974,3,1,1,France,Female,Premium,0
8921,68,30,593,51.7125569706192,832.67451444141,2,1,1,France,Male,Regular,0
8922,26,72,761,79.78678272857266,1018.8328703320274,4,0,0,France,Female,Regular,1
8923,18,16,637,10.56477366932103,742.4071275265143,1,1,0,France,Male,Premium,0
8924,59,14,751,16.253037625496212,488.01690986688857,4,1,1,Spain,Male,Regular,0
8925,36,33,643,13.050242847211713,246.59596739634586,2,1,1,Germany,Male,Regular,0
8926,50,15,384,80.04948194397592,1246.9377121869265,4,0,0,France,Female,Regular,1
8927,51,71,688,4.503268631276808,853.1527400310885,4,1,0,France,Male,Premium,0
8928,33,39,526,79.44824545571521,177.33865563735867,2,1,0,Germany,Female,Regular,1
8929,61,72,585,24.63637763363733,384.58337275953727,1,1,1,France,Female,Regular,0
8930,57,1,583,4.142302945610895,131.62508670711122,3,1,1,France,Male,Regular,0
8931,72,16,408,27.619396481070137,215.87753872994887,4,1,1,Germany,Female,Regular,0
8932,35,57,434,17.869638685405064,301.6750658674493,1,0,1,France,Female,Regular,0
8933,51,8,590,44.81854561915578,325.8062528712289,1,1,0,France,Male,Regular,0
8934,42,30,807,31.98284520919562,1614.7242172581348,4,0,1,Spain,Male,Regular,0
8935,78,65,328,17.60408908304691,604.3444259467859,2,1,1,Germany,Male,Premium,0
8936,62,61,693,99.12152932544481,550.1754089647455,2,1,1,Germany,Female,Regular,0
8937,23,18,326,26.112989338858256,1301.3410458135759,4,1,1,France,Female,Regular,0
8938,38,54,766,31.809049596538596,308.1903878931774,2,1,1,Germany,Female,Premium,0
8939,75,27,312,93.74461787431262,733.680083116723,2,1,1,Spain,Male,Regular,0
8940,23,49,744,4.663726117002364,114.93698734716222,1,0,0,Spain,Female,Premium,0
8941,49,69,523,24.706057987150913,109.25955823436591,3,0,1,France,Male,Regular,1
8942,58,2,762,25.779906916601664,1476.0264562881623,3,1,1,Germany,Female,Premium,0
8943,65,51,320,34.2416574209964,521.944595928887,2,1,0,Spain,Male,Regular,0
8944,60,9,686,5.609220184476762,300.9378308956453,2,1,1,France,Male,Premium,0
8945,56,20,625,5.416029130690593,479.0500326830947,4,1,1,Germany,Female,Regular,0
8946,48,37,766,26.92834014752154,548.6199434339712,2,1,0,Spain,Female,Regular,1
8947,59,14,821,1.679339113455422,372.755528326991,4,0,1,Spain,Female,Regular,0
8948,27,8,524,14.717503313606734,362.90248182863627,3,0,1,France,Male,Regular,0
8949,47,49,774,11.230778821310675,650.7195983925197,1,1,1,Germany,Female,Regular,1
8950,74,38,757,33.60709338053598,646.1926289879124,4,1,0,France,Male,Premium,0
8951,69,4,512,0.56111461217889,328.9034225870942,1,0,1,Germany,Male,Premium,0
8952,35,24,780,56.30947085193235,519.2911861496482,3,0,1,Spain,Female,Premium,0
8953,77,55,479,96.75400778148904,355.49224922528845,1,1,0,France,Male,Regular,0
8954,41,63,837,61.33504342783465,541.7889961375415,3,0,0,France,Male,Regular,0
8955,69,72,826,85.20890930783756,1147.2882761370493,1,1,1,Germany,Male,Regular,1
8956,78,51,321,51.54530876671881,1006.2486980176624,1,0,1,France,Female,Regular,0
8957,26,8,644,35.399543693626754,336.5074887615203,2,0,1,France,Male,Premium,0
8958,48,9,320,12.36038914651388,369.5885312093734,3,1,1,Spain,Female,Premium,0
8959,32,9,707,16.399262001721674,488.26257369579514,4,1,1,Spain,Male,Regular,0
8960,21,72,786,19.11487828643176,616.874485563228,3,0,1,Germany,Male,Regular,0
8961,80,61,827,1.937959795694558,247.98930383469303,2,1,1,Spain,Female,Regular,0
8962,57,59,715,122.14340211533019,461.292868786064,4,0,1,France,Male,Premium,0
8963,26,18,571,115.28083550192368,428.4069515409194,2,1,1,Spain,Female,Regular,0
8964,62,37,504,5.702006489858914,642.3113185266494,3,1,1,Spain,Male,Regular,0
8965,26,9,597,40.67470112241258,799.7766204822437,3,1,0,France,Male,Regular,1
8966,43,14,407,31.521887891781482,467.54747789510964,2,1,1,Germany,Female,Regular,0
8967,21,46,451,57.50801715026292,1161.5890525784148,4,1,1,France,Male,Regular,0
8968,34,40,312,46.19317421338216,320.71466761096156,3,0,1,France,Female,Regular,1
8969,33,4,378,6.637830424040457,1322.1455741136117,2,1,0,Spain,Male,Regular,0
8970,32,59,468,53.951902749322954,1690.7704161882157,3,1,0,Spain,Male,Regular,1
8971,52,65,548,46.93605919837037,108.1520552598642,2,0,1,France,Male,Regular,0
8972,74,61,420,37.88147321448272,306.7654461637131,3,1,1,Germany,Male,Regular,0
8973,69,22,686,25.742206572607813,914.8769296797382,3,1,1,Spain,Male,Regular,0
8974,22,43,738,154.96693204612296,203.3478072508049,1,0,0,France,Female,Regular,0
8975,72,51,571,94.66953447173098,606.4600058944463,4,1,1,Germany,Male,Regular,0
8976,22,45,599,43.984076928028706,114.61266965695853,3,0,1,France,Male,Regular,0
8977,37,18,772,0.31991252435788003,540.7480577956117,4,1,1,France,Female,Regular,0
8978,32,46,457,28.292542972730843,662.4647320113817,2,1,1,Germany,Male,Regular,0
8979,35,51,526,60.25529372539524,274.817857124398,1,1,1,France,Male,Regular,0
8980,64,23,720,6.238167780918578,773.7678382681556,2,1,1,Germany,Male,Premium,0
8981,19,21,323,26.090083418973652,60.16817281049791,4,0,1,France,Male,Regular,1
8982,46,45,837,10.642660445298775,473.533071649787,2,0,1,France,Female,Regular,0
8983,30,63,839,20.635286952341776,565.4327899538928,2,0,1,France,Male,Premium,0
8984,21,27,427,1.3515639630499228,494.1309558920269,2,1,1,France,Male,Regular,0
8985,59,44,393,6.775661029724859,455.04113781931096,4,1,0,France,Male,Premium,1
8986,62,63,720,30.32617186395996,550.5604210001316,3,1,0,France,Female,Regular,0
8987,27,27,571,114.23230861297824,645.5737903036687,2,1,1,France,Female,Premium,0
8988,78,54,783,33.72428192827653,434.9375855303037,4,1,0,France,Male,Regular,1
8989,48,58,304,30.17240556421832,1045.7062294252903,1,1,1,France,Female,Regular,0
8990,58,4,456,77.45699495541805,817.3350563591113,1,1,1,France,Male,Regular,0
8991,25,64,351,15.587132831333461,431.6507316039777,4,0,0,France,Male,Regular,1
8992,20,43,542,4.994815208104467,589.2263629955,2,0,1,France,Male,Regular,0
8993,65,41,719,11.759074644307017,238.2681966776687,3,1,1,France,Male,Regular,0
8994,80,71,724,78.34307376027269,974.0683035485257,1,1,1,France,Male,Regular,0
8995,63,62,379,56.512567083548404,782.6399663581086,3,1,0,Germany,Male,Premium,1
8996,26,46,653,4.799845801655964,83.42909681627268,4,1,1,France,Male,Regular,0
8997,47,24,592,54.994629437647646,550.4962983745088,1,1,0,Germany,Female,Regular,0
8998,70,43,415,134.08367102307142,546.5062028580357,2,1,1,France,Male,Regular,0
8999,28,12,828,2.299838656149209,235.2318219428829,1,1,0,France,Male,Premium,1
9000,52,50,779,47.91010555055572,403.2384064578831,2,0,1,France,Female,Regular,0
9001,54,52,587,23.8344619935678,1173.5901840241377,3,0,1,Spain,Female,Regular,0
9002,78,33,776,34.760611466661175,1978.6005299502162,1,1,1,France,Male,Premium,0
9003,59,7,324,37.557760629493316,247.0376712744181,4,1,1,Germany,Female,Premium,0
9004,30,72,730,73.71172973376676,215.7124599897518,1,1,0,France,Male,Regular,1
9005,53,31,577,40.71068853374115,525.3215222103704,2,1,0,Germany,Female,Premium,1
9006,73,6,616,44.95762520940467,756.7777708084296,3,0,0,France,Male,Premium,0
9007,30,64,657,20.241653677090568,1074.1994890558824,4,1,1,France,Male,Premium,1
9008,29,54,575,6.730615846882977,393.5451183709069,2,1,0,Germany,Male,Regular,1
9009,54,50,643,57.4004743662236,528.5284246576883,2,0,1,Spain,Male,Regular,1
9010,27,22,730,0.024112837277249777,310.6126645500985,4,0,1,France,Male,Regular,0
9011,77,51,738,19.92823624217698,906.6655962516173,4,1,1,France,Female,Regular,0
9012,73,52,761,12.297837386035345,720.3330440082734,3,0,1,Spain,Male,Regular,0
9013,26,15,569,24.59475058935537,926.5412904330412,2,0,0,France,Male,Regular,0
9014,69,36,730,18.64515462264692,167.74598476220146,2,1,1,Spain,Female,Regular,0
9015,24,17,320,60.906473562617734,110.68910184285183,3,1,1,Germany,Male,Premium,0
9016,19,30,442,15.069178914792,574.7919032088292,1,1,0,France,Male,Regular,1
9017,71,45,652,41.134366934118574,359.35207759563826,4,0,1,France,Female,Regular,0
9018,73,1,764,30.419205878734395,92.97626087650086,3,1,1,Germany,Female,Regular,0
9019,77,62,767,80.7369733776627,368.36476734594316,4,1,0,Germany,Male,Regular,0
9020,40,2,812,27.938899637131705,106.63949588918157,3,1,1,Spain,Female,Regular,0
9021,56,45,763,99.7094808224767,90.73341629117665,3,1,1,France,Male,Regular,0
9022,57,48,693,0.007288911619162618,366.5331040303665,2,1,1,Germany,Female,Regular,0
9023,56,0,357,46.42276546285352,233.7185593062468,4,1,1,France,Female,Premium,0
9024,38,21,425,0.4927699414430428,378.62186344590657,3,1,1,Germany,Female,Regular,0
9025,40,13,760,62.57669279330127,159.58443024175685,2,0,1,France,Female,Regular,0
9026,46,44,351,13.388900739057682,485.11845067782906,3,1,1,France,Female,Regular,0
9027,31,5,568,23.900278116229682,283.5553472810159,4,1,1,France,Male,Premium,0
9028,43,64,395,23.937085911352902,760.9873862180516,3,1,1,Germany,Female,Regular,0
9029,68,28,572,93.67747108922994,610.0518340861445,2,0,1,France,Female,Regular,1
9030,22,3,622,5.384425661182555,85.35482460613152,2,1,0,France,Female,Regular,0
9031,72,2,432,54.965169373633614,804.934879066281,1,1,0,France,Female,Regular,0
9032,48,30,388,198.84629083010745,463.7746910901564,4,1,0,Germany,Male,Regular,1
9033,42,30,304,1.1319381525044523,561.2481909065056,1,0,1,France,Female,Regular,0
9034,48,33,656,168.91438924376226,1296.8376874428704,2,1,1,Spain,Female,Regular,0
9035,67,28,642,0.9288101592091514,1097.4927762744917,1,1,0,France,Male,Regular,1
9036,37,53,503,91.98957545692066,775.4642577152889,4,1,1,Germany,Male,Premium,0
9037,61,30,770,162.52402623769356,736.8544041526065,2,0,1,France,Male,Regular,1
9038,72,14,763,248.288227698754,558.5043290960444,1,1,1,Germany,Male,Premium,0
9039,34,33,796,30.728015772067373,510.51170974614513,1,1,0,Germany,Female,Regular,1
9040,62,22,362,100.8543349956062,706.9038895646206,2,1,1,Spain,Male,Regular,0
9041,19,51,538,6.524774170604538,371.0573543622796,3,1,1,Germany,Female,Regular,0
9042,42,65,839,27.70269383274994,575.5495338160667,2,1,1,Spain,Female,Regular,0
9043,30,56,497,18.406658121653,513.633649333211,1,1,1,Spain,Female,Premium,0
9044,75,56,329,25.14097547059596,1421.4406056191076,4,0,1,Germany,Female,Regular,0
9045,56,51,508,60.52987701973035,1628.7260470336473,1,1,1,France,Female,Premium,0
9046,45,34,362,4.5772747588809715,704.8321606264903,2,1,1,France,Male,Regular,0
9047,59,13,356,250.0,1317.7041727883436,1,1,1,France,Female,Premium,0
9048,72,22,732,50.40209698453303,314.60110908303096,2,1,0,Spain,Female,Regular,1
9049,23,32,607,103.3826002382995,946.7699878525563,1,1,1,France,Male,Premium,0
9050,20,53,765,88.50838253881642,1968.1094975575331,1,0,0,Germany,Female,Premium,1
9051,75,0,406,72.62118340594286,242.39065347973414,3,0,1,Germany,Male,Regular,0
9052,52,33,600,2.0006749847274006,808.2986035976492,2,1,1,France,Female,Premium,0
9053,35,18,345,36.33179362371878,167.66409003587205,3,1,1,France,Male,Premium,0
9054,28,23,376,19.885888038834754,371.48983620134175,3,1,1,France,Female,Regular,0
9055,71,3,468,5.992082923329497,212.215900033828,1,1,1,France,Female,Premium,0
9056,37,35,428,21.002817704701023,487.7852891228844,2,0,1,Germany,Female,Regular,0
9057,22,57,567,51.75414094404624,1965.2823696316143,4,1,1,France,Male,Regular,0
9058,36,41,718,13.108931945288461,1445.085112622989,1,1,0,Germany,Male,Regular,1
9059,39,8,460,29.402923721978397,517.9440863751994,2,1,1,Germany,Male,Regular,0
9060,76,66,357,25.91721118914364,121.68405925465119,3,1,1,Spain,Male,Regular,0
9061,77,19,683,2.6944626701576175,643.6652554100606,1,0,1,Spain,Female,Regular,0
9062,36,61,809,49.45416512508097,1086.9652698927107,4,1,1,France,Male,Premium,0
9063,79,54,729,48.227707665740056,645.9912031756244,1,1,1,Spain,Male,Premium,1
9064,64,21,639,169.68305045018934,798.16794812136,3,1,1,Spain,Male,Regular,0
9065,79,72,325,17.691465304145343,231.770347522749,3,1,0,France,Male,Regular,1
9066,33,47,671,27.146011881533248,490.7850955495157,2,1,1,Spain,Male,Regular,0
9067,41,7,335,25.845339024574105,405.78612243952796,4,1,1,Germany,Male,Premium,0
9068,58,72,830,126.12662598413328,1676.9105551439989,1,1,1,France,Female,Regular,1
9069,21,14,566,26.267303128875376,456.92332448152104,3,1,1,Spain,Female,Premium,0
9070,32,31,731,29.238334459672178,247.69135541326872,2,1,1,France,Female,Premium,0
9071,42,52,318,14.540650716398137,132.68276507127123,4,1,0,France,Male,Premium,0
9072,61,66,638,0.058441461944266665,871.5989101482684,4,1,1,France,Male,Regular,0
9073,72,3,439,5.852015841879545,685.5471762851754,2,1,0,Germany,Female,Regular,0
9074,52,29,366,60.851070317005515,470.897309676024,3,1,1,France,Female,Premium,0
9075,72,12,829,57.36317908069355,1004.0123794014662,4,1,0,Germany,Female,Regular,0
9076,31,20,668,19.469542660838886,337.43542812732517,1,0,1,Germany,Female,Regular,0
9077,66,40,560,32.02832739336451,695.6461732786629,3,1,1,Spain,Male,Premium,0
9078,36,18,502,17.646839362340963,807.0102525285475,3,1,1,France,Male,Regular,0
9079,55,47,709,65.63665622354858,446.5027424779217,2,1,1,Spain,Female,Regular,0
9080,53,72,379,92.41628472082112,2256.8322592279856,4,0,0,Spain,Male,Regular,1
9081,24,19,412,114.68389037314641,264.7109548611134,2,1,1,Germany,Male,Regular,0
9082,47,63,436,9.550236619497982,1319.4451020550662,4,1,0,France,Male,Regular,0
9083,36,36,488,59.3749197571068,857.3169170461067,2,1,1,Spain,Male,Regular,0
9084,66,43,576,164.84818916315228,585.1972169322096,3,1,0,France,Female,Premium,1
9085,42,17,402,52.578568982159,100.98965799193773,2,1,1,France,Male,Regular,0
9086,33,19,406,21.614136135178136,1255.8577008109028,3,1,1,Germany,Female,Regular,0
9087,64,9,472,50.522703774923826,708.4673285170106,3,0,1,Spain,Female,Regular,1
9088,71,43,630,58.30592883497822,1299.6074096265602,2,1,1,Germany,Male,Regular,0
9089,57,72,490,25.295826311388815,459.6356371431204,4,0,1,France,Male,Premium,1
9090,68,33,524,5.490238311161651,50.0,3,1,0,Spain,Male,Premium,0
9091,25,64,622,46.65402821872014,850.946494282115,2,1,1,Germany,Male,Regular,0
9092,35,54,807,81.0099807484868,62.55798176425918,3,1,1,Spain,Male,Regular,0
9093,45,0,847,250.0,941.1532607503149,3,0,1,Germany,Female,Regular,0
9094,33,37,433,12.619498628328204,436.2634706256887,2,1,1,France,Female,Regular,0
9095,69,3,336,60.263511310981485,1097.0032244280155,3,1,0,France,Male,Regular,1
9096,36,65,392,1.422196006234563,1370.7659122692571,3,1,1,Germany,Male,Regular,1
9097,59,16,374,175.03753914443035,2000.0,2,1,1,France,Female,Regular,0
9098,34,51,482,0.6322030915285973,1244.9181756325795,1,1,1,France,Female,Regular,0
9099,80,17,758,22.22030002856484,393.35654422421976,2,0,1,France,Male,Regular,1
9100,62,66,708,3.9739601931276765,175.16653958516426,4,1,1,France,Male,Regular,1
9101,30,32,506,48.50672717284299,350.4026603050364,1,0,1,Spain,Female,Regular,0
9102,24,9,544,20.73789227847121,365.3258870871359,3,1,0,Germany,Male,Premium,1
9103,44,51,632,66.01483238053764,732.9790291003351,4,1,1,Spain,Male,Regular,0
9104,27,8,824,33.31339112163267,272.98183855289096,1,1,1,Germany,Female,Premium,0
9105,51,60,593,27.184955579192522,270.5168449341069,2,1,0,France,Male,Regular,1
9106,53,29,572,21.42514886529259,333.7277265279587,3,1,1,France,Male,Premium,0
9107,42,7,678,4.503301904982036,476.1047975428043,1,0,0,France,Male,Regular,0
9108,23,13,325,11.459643874870169,807.9115490441643,2,0,0,France,Female,Regular,1
9109,41,62,843,50.95806541532295,1414.4251138328957,1,1,1,Spain,Female,Regular,0
9110,35,0,390,34.3335764997167,305.64343667917433,2,1,0,France,Male,Regular,0
9111,40,14,775,3.633344099148514,443.6826033822465,4,1,1,France,Female,Regular,0
9112,23,40,487,39.2578296352077,1166.0028011800089,4,1,0,Germany,Male,Premium,1
9113,46,41,494,2.783176310846357,720.2796083490642,3,1,1,France,Male,Regular,0
9114,79,50,833,35.8440247919563,964.7122352687288,2,1,1,France,Male,Regular,1
9115,42,52,384,167.56531532715155,277.8663187228309,1,0,1,France,Female,Regular,0
9116,72,30,376,18.361129748154404,302.69868950574414,3,0,0,Germany,Female,Premium,1
9117,34,60,629,64.27779047060572,305.7248357691208,3,1,0,France,Male,Regular,1
9118,63,66,682,68.43294727990704,309.58267755147597,2,1,1,Germany,Male,Regular,0
9119,41,53,732,25.947891149899938,1297.5129311192647,4,0,0,France,Male,Regular,0
9120,28,21,676,44.98300832381342,400.88515756055466,3,1,1,Spain,Male,Regular,0
9121,43,25,640,31.93731460369453,77.88100180781221,1,0,1,France,Male,Regular,0
9122,80,59,476,16.65929351193881,375.07906235094504,3,1,0,Spain,Female,Regular,0
9123,68,36,725,70.27224747289425,871.1196974391524,2,0,1,Germany,Female,Regular,1
9124,79,48,723,60.67197624102065,305.4397057668214,4,1,0,France,Male,Regular,1
9125,51,20,473,115.40444283428992,535.4907209481817,2,1,0,Spain,Female,Premium,0
9126,45,40,705,48.13325190930156,1607.6962677856998,3,0,1,France,Female,Regular,1
9127,20,47,381,24.610019531366866,832.2260829056818,1,1,1,Germany,Male,Regular,0
9128,28,31,320,62.58949477219563,405.08995913013496,3,1,0,Spain,Female,Regular,1
9129,55,62,697,48.25254995409706,737.6303165621052,3,1,1,France,Male,Regular,0
9130,78,35,629,47.93567336575676,672.2565880622719,4,0,1,France,Male,Regular,0
9131,31,23,524,94.80194748016385,524.7795837996752,2,1,1,Spain,Female,Regular,0
9132,68,20,701,120.65825965452149,879.9198792254911,4,1,1,France,Female,Regular,0
9133,43,17,737,9.937284743476898,1371.2343987864465,3,1,1,Germany,Female,Regular,0
9134,65,14,571,18.84754335405761,510.19469523518234,1,1,1,Spain,Male,Regular,0
9135,38,5,579,52.534796874895676,116.9051882601426,1,0,1,France,Female,Premium,0
9136,71,42,522,40.73425162856069,549.9556908292067,4,0,1,France,Female,Premium,0
9137,73,31,808,52.8245253697602,354.0950019698822,1,0,0,Germany,Male,Regular,1
9138,56,27,641,28.37108619791733,1190.6136630539347,1,0,1,France,Female,Regular,0
9139,47,7,341,26.5887615955286,153.26317612864926,1,1,1,Germany,Male,Regular,0
9140,76,28,475,6.258545113923751,766.7973584488353,3,0,1,Spain,Female,Regular,0
9141,25,20,544,48.86155206461689,153.4198921383737,1,1,1,Germany,Male,Regular,0
9142,68,57,552,9.666232625918889,145.28098959857414,4,1,1,France,Female,Regular,0
9143,37,59,573,55.58815853040884,241.89552339385037,1,0,0,Spain,Female,Regular,0
9144,65,50,633,170.67196530398758,274.479971859948,3,1,0,Germany,Female,Regular,1
9145,49,37,310,14.813463689484266,138.97587246476684,3,1,0,Germany,Female,Premium,1
9146,39,46,451,7.666435365689105,1133.0993542666436,1,0,0,Germany,Male,Premium,0
9147,76,33,488,1.223613164101027,1127.8210243212238,4,0,0,France,Female,Premium,0
9148,24,1,510,23.80729764522018,213.49813215144084,1,1,1,Spain,Female,Premium,0
9149,26,66,396,12.078810873917458,1195.6934580193492,2,1,1,France,Male,Premium,0
9150,62,71,638,33.849857179532236,639.7714856519973,4,1,1,Spain,Female,Regular,0
9151,18,51,346,37.14902737304788,147.0083348956675,4,1,1,France,Female,Regular,0
9152,46,4,356,21.48746055648634,1551.8511824772233,4,1,1,Germany,Female,Regular,1
9153,80,19,374,69.29596602844806,2188.7908952491953,4,1,0,France,Female,Regular,1
9154,25,14,553,117.59227050731698,381.33383829887526,4,1,0,France,Female,Regular,0
9155,73,47,469,11.882608317068009,151.2453318432195,1,1,1,France,Male,Regular,0
9156,71,13,445,90.48530965122643,653.8735318426792,1,1,1,Germany,Female,Regular,0
9157,21,2,332,7.031420118095257,53.92086423345917,4,0,1,Germany,Female,Regular,0
9158,52,49,814,12.984035416694356,410.6163331227253,4,1,1,Germany,Male,Regular,0
9159,76,62,556,41.2101603982412,364.7583316066261,2,1,0,France,Male,Regular,1
9160,20,5,425,18.30607748721669,106.46207483036419,3,1,1,France,Female,Regular,0
9161,71,51,412,2.1302828916178016,1383.2371539160756,3,1,0,Germany,Female,Regular,1
9162,62,22,641,17.468806666828694,1631.3153400590463,4,1,1,Spain,Female,Regular,0
9163,57,19,347,117.62564421416863,658.3427880668877,4,1,1,Germany,Male,Regular,0
9164,24,59,663,9.571535689116242,388.0704362130898,3,1,1,Spain,Male,Regular,0
9165,44,44,697,72.1434218408723,148.23733075958108,1,1,1,France,Female,Regular,0
9166,18,60,494,64.05745451208463,759.2158128675244,2,1,1,Spain,Female,Regular,0
9167,44,55,620,5.615050377034428,742.6456442537001,2,1,1,France,Female,Regular,0
9168,33,1,437,19.982325793598836,166.52439323191075,4,1,0,Germany,Male,Premium,0
9169,55,44,654,10.496332107963038,881.7768557676567,1,0,0,Spain,Male,Regular,0
9170,24,39,369,1.1711177715905994,229.49832494779167,1,1,1,France,Male,Regular,0
9171,61,23,782,9.499988462506092,939.2569838869905,1,1,1,France,Female,Regular,0
9172,40,37,358,11.255896307613382,938.0083926808894,1,0,0,Germany,Male,Regular,1
9173,58,71,688,9.074909630830124,84.26657930194018,4,0,1,Germany,Male,Regular,1
9174,76,67,650,4.775856579921131,424.96743654358636,3,1,1,France,Female,Regular,0
9175,28,62,638,37.35959517196954,950.0886925858979,4,0,0,France,Female,Regular,1
9176,59,53,735,19.477548744798312,314.0142623637189,2,1,1,Spain,Male,Premium,0
9177,70,63,749,119.43404159710957,924.5449522515612,2,1,0,Germany,Male,Regular,1
9178,50,48,676,10.36433861005028,614.1241185899387,4,0,1,Germany,Female,Regular,0
9179,67,31,690,46.173651911891646,546.0269388409486,2,1,1,France,Male,Regular,0
9180,80,60,780,115.44041297224825,475.4450306205311,3,1,1,Germany,Male,Regular,0
9181,53,41,413,2.416969969915764,579.4561181536293,3,1,1,France,Male,Premium,0
9182,54,0,471,36.312191186068034,59.283356126425346,4,1,1,France,Male,Regular,0
9183,58,62,317,29.952688174761597,1752.2887433398541,2,0,1,France,Female,Regular,0
9184,76,34,534,132.09810286693883,582.2640335819269,3,1,1,France,Male,Premium,0
9185,80,50,609,54.497214161503436,1049.9096241071336,3,0,1,Spain,Female,Regular,0
9186,34,70,580,21.474680453537776,837.6084084326997,2,1,1,France,Female,Premium,0
9187,52,44,495,62.1566871713652,387.5166693488881,1,1,1,France,Female,Premium,0
9188,65,64,414,43.691985732271064,427.8824468431288,2,1,1,Germany,Female,Regular,0
9189,22,16,696,21.321918215816595,1297.2073873297522,4,1,1,France,Female,Regular,1
9190,65,2,717,76.91372806874269,653.1311459297328,1,0,1,Germany,Female,Premium,0
9191,49,23,583,55.15658827773382,1724.1066342753754,4,1,1,Germany,Male,Premium,0
9192,20,64,627,0.2715509833561757,316.9141485754186,3,0,1,France,Male,Regular,0
9193,69,47,640,100.17390397615358,293.44198660870444,1,0,0,Spain,Male,Regular,0
9194,64,9,520,25.299523451232286,369.2192158283309,4,0,1,France,Female,Regular,0
9195,79,12,308,51.844956588378544,1640.208580493503,4,1,1,France,Male,Regular,0
9196,52,72,381,25.27269726923994,266.6406475058737,4,1,1,Germany,Female,Regular,0
9197,69,13,593,106.58394059315575,845.5392849345196,1,1,1,Germany,Female,Regular,0
9198,31,9,674,52.610598350512795,278.71433420178613,4,1,0,France,Male,Regular,0
9199,80,35,833,43.30201138082395,610.1217737996785,1,1,1,Germany,Female,Regular,1
9200,65,22,714,196.26744536473683,972.4914549495562,1,1,1,France,Male,Premium,0
9201,78,62,398,16.469703705313133,1100.9669122308933,4,1,1,France,Male,Regular,1
9202,78,62,681,3.3740377626095217,1230.9313745556856,3,1,1,France,Male,Regular,0
9203,48,70,803,36.284596404451904,1196.8490795342582,2,0,1,Germany,Male,Regular,0
9204,48,41,746,27.58392901257843,50.0,2,0,1,France,Male,Premium,0
9205,34,65,643,30.283383490163864,748.0871837156733,1,0,1,France,Female,Regular,0
9206,77,72,724,48.3929977276016,614.8370766835801,4,1,1,France,Male,Regular,0
9207,41,59,605,47.741396692220874,1038.9696190323896,2,1,0,Germany,Male,Regular,1
9208,69,51,447,24.900759225092177,351.27794864482667,2,0,1,France,Male,Premium,0
9209,40,19,753,99.343856023892,1029.1917133098032,4,0,0,France,Male,Regular,1
9210,35,17,332,52.69990006558967,163.17287225671726,2,1,1,Spain,Male,Regular,0
9211,67,23,800,110.32361590806829,379.48555093774945,4,1,1,Spain,Female,Premium,0
9212,71,28,618,122.18088755323268,739.5372925175866,2,1,0,France,Female,Regular,1
9213,31,11,492,9.154817395005292,1730.3459421470563,3,1,1,Germany,Female,Regular,0
9214,67,22,479,57.059584120987374,1647.342536142111,4,1,1,Germany,Female,Regular,0
9215,32,20,817,19.100506749320196,165.61504322542228,2,1,1,Germany,Female,Regular,0
9216,32,63,690,90.52542328124802,742.3722630382979,1,1,0,France,Female,Premium,0
9217,23,71,820,65.99754467933435,51.89335115002502,4,1,1,France,Male,Regular,0
9218,44,33,656,11.078969233412163,638.1792985577024,2,1,1,France,Female,Premium,0
9219,32,1,763,139.62387312880708,445.95841426518047,3,1,1,France,Female,Regular,0
9220,67,68,398,57.51828554898082,101.62881503149752,2,1,1,France,Male,Regular,0
9221,53,30,447,148.43806729290912,640.0937294511716,1,1,1,Germany,Male,Premium,0
9222,72,67,615,11.276768734316182,1295.2726045197019,4,1,1,France,Male,Premium,0
9223,25,69,481,101.89774465362811,167.19859184117976,3,1,1,France,Male,Regular,0
9224,32,18,846,55.14198363625944,604.3618842876757,2,1,1,Germany,Female,Regular,0
9225,20,69,602,40.1800984769512,221.87112562730582,1,1,0,France,Male,Regular,1
9226,79,13,303,85.88259695786807,1406.340646343199,1,0,0,Germany,Male,Regular,1
9227,64,67,406,50.10113095786745,176.80066806382908,1,1,0,Spain,Male,Premium,1
9228,30,5,374,55.37258616339762,327.0618114967743,2,1,1,Germany,Male,Premium,0
9229,58,66,339,14.629410009008687,629.5904655086364,3,1,0,Spain,Male,Premium,1
9230,51,26,418,84.92812748420269,356.2223687847695,2,0,1,France,Male,Regular,0
9231,41,51,372,52.53436812507355,261.9775639332063,3,1,1,Germany,Male,Regular,0
9232,57,59,503,93.01985620156803,2058.7753925263028,4,1,0,France,Male,Regular,1
9233,49,67,395,21.656742874931258,1292.4548254495717,3,0,0,France,Male,Regular,0
9234,78,38,578,20.151662553974113,992.6763595409565,1,1,0,France,Female,Regular,1
9235,49,16,442,1.2096637996534554,1006.9814101798298,1,1,1,Germany,Male,Regular,0
9236,47,45,414,73.18152421714082,1710.7269333571862,1,1,0,Germany,Female,Regular,1
9237,69,9,775,20.04734555936845,718.0766715061153,2,1,1,Germany,Female,Regular,0
9238,66,53,432,19.816273336208504,273.1686345158612,4,1,0,Spain,Male,Regular,0
9239,30,5,467,58.3474230641795,176.5007424824397,3,1,0,Spain,Female,Regular,0
9240,18,5,544,14.575735499837982,774.8106299207541,1,1,1,Germany,Female,Regular,0
9241,51,62,576,119.85604626366563,1104.7997039515951,4,1,0,Spain,Female,Regular,1
9242,79,14,558,38.61666181587511,617.1132590937282,4,1,1,Germany,Female,Regular,0
9243,32,67,345,174.4641257293921,638.3932559086892,2,0,0,Spain,Male,Regular,0
9244,61,56,645,3.9883663616393097,465.47434385250114,3,1,1,Germany,Male,Regular,0
9245,31,55,536,20.535846313154842,1395.172121579803,4,1,1,Spain,Female,Regular,0
9246,74,2,352,24.02050695451918,691.9733735853355,3,1,0,France,Female,Regular,1
9247,46,50,447,65.54463788978836,54.7260254836924,2,1,1,Germany,Female,Regular,0
9248,51,57,832,11.973953741424802,341.7313144702429,3,0,1,France,Male,Regular,0
9249,35,63,389,23.52785739104975,701.8547698772211,2,0,0,Germany,Female,Regular,0
9250,71,25,532,120.75552966327751,531.0265780301374,1,1,1,Germany,Male,Regular,0
9251,24,57,350,6.083014331952025,837.5783911158446,3,0,0,Spain,Male,Premium,0
9252,46,30,693,68.38815662634613,480.58493289903294,2,1,1,Germany,Male,Premium,0
9253,72,72,513,60.61455051494883,1005.7143811065512,4,1,1,France,Male,Premium,1
9254,48,26,750,6.992139186297902,1430.4034191535166,1,0,0,Spain,Male,Premium,1
9255,78,17,638,58.31630225567343,582.6790912319833,4,1,1,France,Female,Premium,0
9256,42,12,650,42.17336905516197,1240.1446690618927,1,1,1,Germany,Male,Premium,0
9257,55,23,584,16.950335885421385,910.6940176146645,1,1,1,Spain,Female,Regular,0
9258,31,57,544,18.635947823816142,1164.9711849477344,3,0,0,Germany,Female,Regular,1
9259,25,28,849,89.48576060803279,971.780310390182,4,1,1,Germany,Male,Premium,0
9260,44,55,525,13.134189882943625,415.2612460001452,4,0,0,France,Male,Regular,0
9261,71,63,740,35.95202995780435,777.4246642441203,1,0,1,France,Male,Premium,1
9262,19,2,773,57.15168411664185,1045.7965543810446,1,1,0,France,Male,Premium,1
9263,34,34,743,6.957453935092668,364.8268892180923,1,0,1,Germany,Female,Regular,0
9264,54,18,711,134.6732575095325,136.98746598656265,2,0,1,Spain,Male,Regular,0
9265,31,63,545,15.098132142284184,467.13163057959815,3,1,0,France,Female,Regular,1
9266,42,68,799,19.19752991972464,1834.1473734636695,1,1,1,Spain,Female,Regular,0
9267,73,43,849,54.84804336715061,951.7256766950271,3,1,0,Germany,Male,Premium,0
9268,47,37,416,4.070896863294695,367.0312017318234,1,1,1,Germany,Male,Regular,0
9269,46,61,663,49.391040510168644,1483.2810564663118,2,0,1,France,Female,Premium,0
9270,37,21,503,123.86476063191387,617.5971275552431,1,1,1,Germany,Male,Regular,0
9271,38,72,650,14.323510705868559,805.1478399036303,3,1,0,France,Female,Regular,1
9272,78,39,618,22.463618861541697,820.7931305181919,1,1,1,France,Female,Premium,0
9273,70,29,658,13.220024046374615,753.4973063986242,3,1,0,Germany,Female,Premium,1
9274,39,4,816,85.39907164380655,286.66434729848794,4,0,1,Germany,Female,Regular,0
9275,52,53,788,9.172579161938271,169.10198692313273,3,1,1,France,Male,Premium,0
9276,54,48,406,21.280449692162158,1034.273274911692,2,1,1,France,Female,Regular,0
9277,33,2,471,45.94242769382024,405.23639894083635,1,1,1,France,Male,Regular,0
9278,67,37,818,25.922265051228692,706.1868544042259,4,1,1,Germany,Male,Regular,0
9279,75,17,827,3.3855408178554343,1371.786843461064,3,1,0,Germany,Male,Regular,1
9280,66,46,619,147.55770801489743,251.54462325059646,4,1,1,Germany,Male,Regular,0
9281,60,13,336,20.616967212989255,50.0,2,0,1,Germany,Female,Premium,0
9282,34,72,798,29.498060524506524,88.94712786855959,4,1,1,France,Female,Regular,0
9283,33,37,564,9.16882576555489,322.04506508834965,4,1,1,Spain,Female,Regular,0
9284,75,72,701,100.25391175196556,305.14117123109185,3,1,0,France,Female,Regular,1
9285,72,44,517,17.22523568863064,1397.393149706215,2,1,0,Spain,Female,Premium,1
9286,19,69,629,1.0011077829109465,445.7282828848384,1,1,1,France,Male,Regular,0
9287,21,64,485,19.019305283523906,304.22027638857975,1,1,0,France,Male,Premium,0
9288,38,24,680,206.94519074529984,721.1508703700129,1,1,1,Germany,Female,Premium,0
9289,56,15,508,7.940577153951635,1420.8727936404143,1,1,1,France,Female,Regular,0
9290,51,14,587,1.5849827430113113,269.029846397482,1,1,1,France,Female,Premium,0
9291,47,2,387,43.15830710629207,840.5456655827558,4,1,0,Germany,Female,Premium,0
9292,23,66,435,23.234213823487913,473.7787417544546,1,1,0,Germany,Female,Regular,0
9293,34,36,457,79.23124077229656,546.5078885443434,4,0,1,Germany,Female,Regular,0
9294,56,56,454,65.81747972840373,1448.8413278304456,3,1,1,Spain,Male,Premium,1
9295,42,37,762,10.254072143342572,1626.118925260637,3,1,1,France,Male,Regular,0
9296,22,62,519,41.57821647160445,338.8883236672265,2,1,1,France,Female,Premium,0
9297,22,0,758,1.6486857050621664,293.7781016214257,1,0,1,France,Female,Regular,0
9298,37,70,466,28.944359678742813,1065.0192538082583,4,1,1,France,Male,Regular,0
9299,33,18,621,62.59747881388892,1695.1409908615574,1,1,0,Spain,Female,Regular,0
9300,68,51,811,26.80364966777579,1100.866455930957,4,0,1,France,Male,Regular,0
9301,58,29,386,6.275561886407255,892.8795662033,3,1,1,Germany,Male,Premium,0
9302,54,54,844,3.175410577207187,556.75523559973,2,1,1,Spain,Female,Regular,0
9303,57,13,574,96.09094188335484,767.9862494955584,2,1,0,Germany,Male,Premium,0
9304,26,12,440,110.97057686141991,745.654538507615,2,1,1,France,Male,Regular,0
9305,22,26,652,21.010601664706794,578.1009621630106,1,1,1,Spain,Female,Regular,0
9306,59,8,304,8.966640854311184,729.8075599730261,4,1,1,France,Female,Regular,0
9307,74,40,681,192.25611333612733,522.8483097462711,1,0,1,France,Female,Premium,0
9308,19,47,633,39.467906693079705,186.1646431534969,2,1,1,Germany,Male,Regular,0
9309,26,11,774,32.37572300471558,279.56057381563414,1,1,1,France,Male,Premium,0
9310,60,22,329,67.66382448476486,716.706923744123,1,1,1,Germany,Male,Premium,1
9311,53,5,646,9.248413176993823,642.688726495045,1,1,1,France,Male,Regular,0
9312,39,33,792,43.37380499590676,438.10115679107406,1,1,1,Spain,Male,Premium,0
9313,39,51,794,110.43759854221055,504.5931657227975,4,1,1,France,Male,Premium,0
9314,39,40,687,1.1669363796361463,81.76069886521748,4,0,1,Germany,Male,Regular,0
9315,51,10,552,55.88053711829962,837.764793530922,2,1,0,France,Female,Regular,1
9316,72,1,329,40.0838529730962,1309.297091793334,2,1,1,France,Female,Premium,0
9317,46,14,641,150.5938800106827,668.6008016703835,3,1,1,France,Male,Regular,0
9318,55,23,586,14.967393361704396,1130.1695438820157,4,1,0,Spain,Female,Premium,1
9319,76,15,696,97.9113593385245,668.76929492321,1,1,0,Spain,Female,Regular,0
9320,63,27,808,18.479738175427453,323.7411525235516,4,0,1,France,Male,Regular,0
9321,50,71,543,28.093980327516732,462.2270741392326,1,0,1,France,Male,Regular,0
9322,35,9,520,11.994624546944372,184.04185557147318,1,1,1,France,Female,Regular,0
9323,24,9,455,99.6048834533369,410.4243599215514,3,1,1,France,Female,Premium,0
9324,18,9,682,10.871101315828488,144.36937893831907,3,1,0,France,Male,Regular,0
9325,80,72,619,97.95437718312476,711.4045690035462,3,1,1,Germany,Female,Regular,0
9326,50,27,672,30.40477953726528,323.80690749239045,3,1,0,France,Male,Regular,0
9327,18,23,830,90.11640418545464,1655.1071404802624,1,1,0,France,Female,Regular,0
9328,41,18,514,15.359459190325722,181.65783065106984,1,1,1,Germany,Male,Regular,0
9329,21,67,666,7.120254750218301,368.2936845677346,4,1,0,Germany,Female,Regular,0
9330,21,56,413,40.47969777850838,182.31086656461233,1,1,1,Spain,Male,Regular,1
9331,78,66,499,35.61008522744297,785.0882169828891,4,1,0,France,Female,Regular,0
9332,35,41,324,22.050006572696073,379.1899332308777,4,1,1,France,Female,Regular,0
9333,44,18,420,54.357128683451826,498.78276685508735,3,1,0,Spain,Female,Regular,1
9334,60,17,302,4.998908478444558,525.7684381108181,4,0,1,Germany,Female,Regular,0
9335,76,22,744,48.64319635287057,609.6510800569678,2,1,1,France,Female,Regular,0
9336,49,9,553,11.89738555013123,222.92773269892587,2,1,0,France,Male,Regular,1
9337,50,52,319,6.903056450153587,386.2832342448461,1,1,1,Germany,Female,Premium,0
9338,45,41,503,120.18007518953236,1110.3763188775072,2,1,1,Germany,Female,Premium,0
9339,59,65,656,30.790399542275615,523.8130539225228,3,0,1,Germany,Female,Premium,0
9340,58,29,427,72.07278192337114,623.6363871905685,3,0,0,Germany,Male,Regular,0
9341,72,8,657,4.667037085732706,251.63856911843504,4,0,0,Germany,Male,Regular,0
9342,53,42,591,2.959104781962627,560.8888323529645,1,1,1,Spain,Female,Premium,1
9343,77,33,473,34.14521224193488,585.7106330895083,2,1,1,Spain,Female,Regular,0
9344,23,39,654,18.957068269033822,424.41580186525607,1,1,1,Germany,Female,Regular,0
9345,79,16,336,0.2459686403304023,418.52352965363167,4,1,1,Germany,Male,Regular,0
9346,33,28,609,10.123844582017156,1184.3161931286131,3,0,1,France,Male,Regular,0
9347,51,49,383,12.344636914632787,958.5791486047278,4,1,1,France,Male,Regular,0
9348,40,48,809,17.019439633361376,2000.0,2,1,1,Germany,Female,Premium,0
9349,67,72,743,104.99673580112503,847.376850712679,3,1,1,Spain,Male,Regular,0
9350,59,60,719,27.288328109812195,658.0434891942857,2,1,1,France,Male,Regular,0
9351,41,45,504,56.883103735938555,369.7245264835455,1,0,1,Germany,Male,Regular,0
9352,73,45,787,0.9283702506098741,337.96123677935,3,1,1,Germany,Female,Regular,0
9353,66,16,387,84.08045519026844,436.21098308710367,1,0,1,Spain,Female,Premium,0
9354,30,65,551,13.743488035350776,531.71098645675,3,1,0,Germany,Female,Regular,0
9355,73,2,330,18.48361863841496,402.5579043589949,2,0,0,Spain,Female,Regular,1
9356,35,53,720,2.3156244863866746,109.77918208042277,2,0,1,Germany,Male,Regular,0
9357,71,15,360,26.35561895724239,845.1049229289756,4,1,1,Germany,Female,Regular,0
9358,30,6,525,95.72238659293464,959.7456890246987,4,0,1,France,Male,Premium,0
9359,66,7,634,23.79981814252693,378.17527270573544,3,1,1,Germany,Male,Regular,0
9360,54,71,410,119.62837345518938,925.9438887977991,3,1,1,Germany,Male,Regular,0
9361,60,37,790,101.03886320611278,975.5362354726848,3,0,1,Spain,Male,Regular,0
9362,56,53,571,3.1981846121987583,725.843727539319,4,1,0,France,Female,Premium,0
9363,78,14,333,18.211739800334513,466.30636174042735,2,1,1,France,Male,Regular,0
9364,59,49,511,120.62965709586217,661.3677964191346,1,0,0,Germany,Male,Regular,0
9365,34,65,599,1.5131130179553995,1245.5512307755532,1,1,0,France,Male,Regular,1
9366,32,8,672,72.5807601260441,476.82031040440137,3,1,0,France,Female,Regular,0
9367,35,7,424,118.45119313705577,663.7161764388718,1,0,1,Germany,Female,Regular,0
9368,40,18,402,73.59073850828558,1132.8038294681946,1,1,1,Germany,Male,Regular,0
9369,71,50,419,68.09263866136843,448.8393603316115,1,0,0,France,Male,Regular,0
9370,68,71,846,92.68890659136557,232.77795899239516,4,1,0,Spain,Female,Regular,0
9371,47,62,630,54.79922138087493,1991.0193386272817,4,1,1,France,Female,Regular,1
9372,75,67,608,27.50398656836722,435.7020273648005,1,0,1,France,Male,Regular,0
9373,51,44,711,3.240557319359158,956.8138424478198,2,1,0,Germany,Male,Regular,1
9374,75,2,698,77.55077274234166,681.4442870393663,2,0,1,France,Male,Regular,0
9375,21,42,605,117.82759212605933,932.4836765660507,4,0,1,Germany,Female,Premium,0
9376,20,28,462,35.829640856611846,246.7641919652279,2,1,1,France,Female,Regular,0
9377,24,9,364,38.018916787871184,1195.933708931126,3,0,1,Spain,Male,Regular,0
9378,73,8,515,25.815949581513774,119.34791344554819,3,0,1,France,Male,Regular,1
9379,35,46,325,97.20450411096496,170.4980730143105,2,1,1,France,Male,Regular,1
9380,59,29,343,0.7456983169095224,362.7619977994703,1,0,1,France,Male,Premium,0
9381,24,31,389,48.981305469326735,739.7178416146046,2,1,1,France,Female,Regular,0
9382,57,72,432,118.98037959065135,444.2316990123817,1,1,1,France,Female,Regular,0
9383,23,46,460,5.4473651097689615,192.41422774281082,1,0,0,France,Male,Premium,0
9384,39,62,679,159.91021968347943,512.951412899307,2,1,1,Spain,Female,Regular,0
9385,75,25,560,171.60061205491954,710.6230820780835,3,0,1,Germany,Male,Premium,0
9386,18,2,682,132.81248943979426,315.32339705087395,1,0,1,Germany,Female,Regular,0
9387,21,17,668,31.045614130283834,1364.69435221078,1,1,0,Germany,Male,Premium,1
9388,63,49,410,24.141881940341655,787.9068552220281,4,1,1,France,Male,Regular,0
9389,66,35,376,61.19988802551391,571.1973921298032,2,1,1,Germany,Female,Regular,0
9390,69,12,508,19.186909168911583,1100.5239573953409,4,1,1,France,Female,Regular,0
9391,67,28,312,3.5395897734396677,569.5970865979914,1,1,1,France,Male,Regular,0
9392,60,37,847,115.84544115942323,519.2728131547751,1,1,1,Germany,Female,Premium,0
9393,46,4,324,50.373182339315846,903.1265883551424,4,1,1,France,Female,Regular,0
9394,38,19,845,11.60634519671433,137.6796394621539,2,1,0,Spain,Female,Regular,0
9395,43,13,439,0.9290053726713163,403.3150770912796,4,1,0,France,Male,Regular,0
9396,31,7,574,64.28011031370774,113.5222374405233,4,1,1,France,Male,Premium,0
9397,26,47,669,95.79812739945494,612.2245502783001,1,1,1,Spain,Female,Regular,0
9398,76,12,521,26.014141428357462,358.792511430763,3,0,1,France,Male,Regular,0
9399,64,23,336,4.217920099540724,400.4560097799291,3,1,0,France,Male,Regular,0
9400,29,64,428,52.294527122491644,67.95325163536725,3,0,0,France,Male,Regular,0
9401,59,33,615,17.614873541698266,670.7564371359882,2,0,1,France,Female,Regular,0
9402,68,50,622,7.77113337847146,417.44807921551734,4,1,1,France,Male,Premium,0
9403,73,2,732,35.7079755936897,207.50568188796018,2,1,1,Germany,Male,Premium,0
9404,68,57,517,32.87391964122819,752.5271700539454,3,1,1,France,Male,Premium,0
9405,23,71,547,36.36316973721871,593.9338923426491,2,1,1,Germany,Male,Premium,0
9406,37,54,410,86.84434163115212,1094.0267351242107,2,1,1,France,Female,Regular,0
9407,41,51,446,33.13534926313387,524.5550685477237,2,1,0,Spain,Female,Regular,1
9408,44,20,643,115.4002777323706,659.3892689734325,3,1,1,Spain,Male,Regular,0
9409,55,9,808,92.19811768641709,305.70454273712164,2,0,1,France,Female,Regular,0
9410,25,56,804,52.65078224422227,202.15760380008817,2,1,1,France,Male,Regular,0
9411,18,24,433,2.9265955884013333,152.38178051164576,3,1,1,Germany,Female,Regular,0
9412,71,62,763,100.10343277293077,584.3316715362155,3,1,0,Germany,Male,Regular,1
9413,66,37,490,117.99589757423293,983.3891133735292,2,0,1,Spain,Female,Regular,0
9414,66,60,462,23.503952365303725,1101.7297005243518,4,1,1,Germany,Male,Regular,0
9415,41,46,755,37.3434088301855,732.789865937076,2,1,1,Spain,Male,Regular,0
9416,64,51,360,16.496133541195306,1002.6223312939984,1,1,1,Germany,Male,Premium,1
9417,24,45,304,0.7412846745347719,467.9237656926199,3,0,1,Germany,Female,Regular,0
9418,36,67,336,32.643568645265745,1415.5690156717599,4,1,1,Spain,Male,Regular,0
9419,39,-1,759,6.926276321837081,494.4388601920376,1,0,0,Germany,Male,Regular,1
9420,80,65,516,10.125685263049675,642.4449120941674,1,1,1,France,Female,Regular,0
9421,74,50,438,32.7647173978131,657.2828962118516,1,1,0,Germany,Male,Regular,1
9422,72,61,398,100.8847235182883,1357.816699398212,4,1,1,France,Male,Regular,0
9423,77,0,563,93.09815530508938,1074.7652709386998,1,0,1,France,Male,Regular,1
9424,52,64,523,167.71820144003712,908.0797025621503,3,0,1,Germany,Female,Premium,0
9425,79,61,310,32.954741803302625,607.6834003413909,4,1,0,France,Female,Premium,0
9426,47,1,626,40.1490967260206,1143.7798728189623,3,1,1,France,Female,Regular,0
9427,46,8,649,86.33124718650865,454.55921992987476,4,1,1,Germany,Male,Regular,0
9428,39,56,678,60.144238222747944,819.5705403153643,3,1,1,Germany,Male,Regular,0
9429,28,44,530,10.094923420714872,984.6050470878344,4,1,1,France,Female,Regular,1
9430,37,17,440,25.38940808390638,1020.1869700937982,1,0,0,France,Female,Premium,0
9431,79,47,348,132.36607364218585,94.61404601701597,3,1,1,France,Male,Regular,0
9432,46,41,750,7.898648800559627,83.32385348726139,3,1,1,France,Male,Regular,0
9433,68,40,790,11.745397440003341,224.3604910531502,3,1,1,Germany,Male,Regular,0
9434,58,57,504,25.5963149577698,619.6735297365283,2,1,1,Germany,Female,Regular,0
9435,59,41,708,140.56575634058223,572.9898649628595,1,1,1,Germany,Male,Premium,0
9436,51,41,706,6.0416545835659,304.01390211513626,3,1,1,France,Male,Regular,1
9437,18,37,350,55.88094374848897,649.5523549593233,3,1,0,France,Female,Premium,0
9438,48,66,474,7.085236543301774,1106.1133167479893,4,0,1,Spain,Male,Regular,0
9439,47,40,560,37.16952874414739,1156.5339939161627,1,1,1,Germany,Male,Regular,0
9440,65,45,779,38.45429665049729,875.2650602195432,1,1,0,France,Male,Premium,1
9441,35,71,522,2.1780635276612235,422.59862448165893,3,1,1,France,Male,Regular,0
9442,72,44,568,154.0838917780284,416.5821184545526,2,1,1,Germany,Male,Regular,0
9443,75,70,617,82.155585770217,196.10725209768373,3,0,1,Germany,Female,Regular,0
9444,34,18,684,18.03803550384921,1223.019718609738,2,1,1,Germany,Female,Regular,0
9445,55,16,518,6.998995085388201,516.4217972181666,1,0,1,France,Female,Regular,0
9446,31,64,353,21.20386575812779,727.2649879306192,1,1,1,Germany,Female,Premium,0
9447,40,55,499,112.34642604414482,371.81170955640806,2,1,1,France,Male,Regular,0
9448,42,40,638,7.1175714286134255,607.3764755032188,1,0,1,Germany,Female,Regular,0
9449,32,41,604,21.486642482168484,179.4965803073198,4,0,1,Germany,Male,Regular,0
9450,63,5,544,34.091021025943675,796.5281806862826,2,0,1,France,Male,Regular,0
9451,73,68,507,1.671857982324038,742.8751106939379,4,1,1,France,Male,Regular,0
9452,39,72,810,15.60104108079896,1635.3800560648774,3,0,1,Germany,Female,Regular,1
9453,20,39,558,45.27173036678373,460.7349461759356,3,1,1,Germany,Female,Regular,0
9454,73,40,679,19.57549048303093,1062.3240869719195,4,1,1,Spain,Female,Regular,0
9455,72,10,462,102.21354338729056,495.2766110259646,1,1,0,France,Male,Premium,1
9456,36,10,640,138.04519776545575,410.2741045221756,4,0,0,France,Male,Regular,1
9457,74,43,829,29.12887072237207,267.9924533549039,1,0,1,Spain,Male,Regular,0
9458,61,57,333,37.96653674554761,121.52730753515345,4,0,1,France,Female,Regular,0
9459,51,66,622,49.82195859064011,1076.504179325893,4,0,1,France,Male,Premium,0
9460,52,12,480,54.61187744253112,806.0352877504806,1,1,1,France,Female,Premium,0
9461,67,18,646,3.2673661078067817,73.6365556669151,4,1,1,Germany,Female,Regular,0
9462,78,52,491,2.7586949346422736,393.16204248345974,2,1,1,Spain,Male,Regular,1
9463,18,26,545,100.34215728160139,1287.1855489339746,1,1,1,Germany,Male,Regular,1
9464,69,72,544,12.41486650892677,396.5732457998933,3,1,0,France,Male,Regular,1
9465,38,58,432,43.86618318658714,933.9429684703248,3,1,1,Spain,Female,Regular,0
9466,46,52,496,48.9977237222523,1605.321898084129,4,0,1,Germany,Female,Premium,0
9467,23,51,646,8.984108795323413,566.212592515182,3,1,1,Spain,Male,Premium,0
9468,54,30,348,71.6895597217439,396.0296906110146,2,0,1,France,Female,Premium,0
9469,18,18,363,100.47548638799684,1498.5484515877956,3,1,1,France,Male,Premium,1
9470,68,19,403,16.8000550733794,468.1037397589873,3,1,1,France,Male,Premium,0
9471,18,4,512,105.12125495547535,904.7000934414511,1,0,1,Germany,Female,Premium,0
9472,44,6,816,4.225480111857121,230.58024517620905,4,0,0,France,Male,Regular,0
9473,38,17,418,80.5880118991006,682.2543867360931,3,1,1,Spain,Female,Regular,0
9474,70,55,541,51.09800378068064,200.57780572168517,4,0,1,France,Male,Regular,0
9475,33,44,579,43.74673872311117,165.3993560920244,1,0,1,France,Male,Regular,0
9476,61,27,723,13.076858743642042,209.73708238923,3,1,1,France,Male,Premium,0
9477,76,49,662,22.45845341743777,562.9025460706249,3,1,1,France,Male,Regular,0
9478,78,1,605,120.56666940743999,666.6015374506777,1,1,0,France,Male,Premium,0
9479,71,67,785,31.34373503232212,575.0160932603976,1,1,1,France,Female,Regular,0
9480,57,23,613,45.11693631204872,611.8856920221839,3,1,1,France,Male,Regular,0
9481,43,47,812,137.3277541071192,656.8334310735253,2,1,1,France,Male,Premium,0
9482,33,44,466,31.41372704261398,517.2077575618912,4,0,1,Germany,Female,Regular,0
9483,45,57,693,24.573151264183235,228.21009335790924,4,0,1,Germany,Female,Regular,0
9484,18,49,362,111.84085595097864,1369.8316637947398,4,1,0,France,Female,Regular,1
9485,53,1,571,120.8930381454467,869.5135957741722,2,1,1,Spain,Female,Regular,1
9486,27,17,336,21.89721405529457,134.25362981575066,4,1,1,France,Female,Regular,0
9487,60,48,315,44.8231408515284,404.50787039522083,1,0,0,Germany,Female,Regular,0
9488,34,4,642,165.83514611840954,763.202906851439,1,0,1,Spain,Male,Regular,1
9489,74,57,645,2.853428283553556,316.0663623687165,3,0,1,France,Male,Regular,0
9490,76,14,838,2.030810134872654,420.72655125283677,2,1,1,France,Male,Regular,0
9491,40,16,532,36.343524530457785,545.4552100490798,2,1,1,Spain,Male,Premium,0
9492,24,21,715,17.21192586685868,1198.885286399126,3,0,1,France,Male,Regular,1
9493,61,65,566,43.59573919881179,1240.237516192178,2,0,0,Germany,Male,Regular,0
9494,70,69,625,64.42125527880512,90.59856931677898,4,0,1,Spain,Female,Premium,0
9495,24,26,742,3.5787925927155255,727.4607053654217,3,0,1,Germany,Male,Regular,0
9496,61,38,375,107.00948577235776,784.3631921493832,4,1,0,France,Female,Regular,1
9497,32,48,546,16.20948887619004,387.74648115504476,4,1,0,Spain,Male,Regular,0
9498,51,72,612,24.010576223447615,1435.0585345099341,3,0,0,France,Male,Premium,1
9499,63,33,642,20.551786157967612,562.0513531549157,1,0,1,Germany,Female,Regular,0
9500,62,17,481,91.5774929546453,252.17724252417585,3,1,1,Germany,Male,Premium,0
9501,21,63,698,9.35578352044345,381.21219653193634,2,1,1,Germany,Female,Regular,0
9502,31,43,540,1.4546162959770053,638.8386916291048,4,0,1,France,Male,Premium,0
9503,31,13,591,178.42452279177644,130.842774430426,4,1,0,Spain,Female,Regular,1
9504,33,58,353,197.2078798026512,581.8975489749632,2,0,1,France,Male,Regular,0
9505,24,24,444,14.899607278821245,424.4689000311455,3,1,0,France,Male,Regular,1
9506,49,51,655,0.46983228102143276,202.93536972782863,1,0,1,Germany,Male,Regular,0
9507,36,59,776,51.911210933392525,647.1965539524069,2,0,1,Spain,Male,Regular,0
9508,19,41,321,52.27205572403224,234.66379322595816,1,0,0,France,Female,Regular,0
9509,27,63,630,140.9686850580828,1360.9843797950446,4,1,1,France,Male,Premium,0
9510,67,71,591,17.724617144637463,643.2875369883188,3,0,0,Germany,Male,Premium,1
9511,78,33,535,10.505454626733354,790.7966143639932,3,1,1,Spain,Male,Regular,0
9512,34,70,328,47.90544591089846,136.34456239214023,4,1,1,France,Female,Premium,0
9513,54,63,459,41.4679441642446,50.0,2,1,1,Germany,Male,Premium,0
9514,29,32,829,63.245764384963465,618.0152234560842,4,0,0,France,Male,Regular,0
9515,23,11,849,108.19658097215232,295.5848712379108,2,1,0,France,Male,Premium,0
9516,39,18,400,41.020080016553756,521.9953962635437,4,0,0,France,Female,Regular,0
9517,49,8,589,8.130373717581373,1298.6483059872908,1,1,1,Germany,Female,Regular,0
9518,58,16,676,45.581199822341894,794.3983269007844,3,0,1,France,Female,Regular,0
9519,37,49,472,23.42835846692305,561.1824959836844,1,1,0,Spain,Female,Regular,0
9520,18,46,642,30.141109272758115,121.90169578693643,2,1,1,Spain,Male,Regular,1
9521,71,40,490,160.30339844885034,863.7081830370291,2,1,1,France,Male,Premium,0
9522,64,12,738,40.47810123315558,1290.6741525226876,4,1,1,France,Male,Premium,1
9523,70,13,642,8.105195421484474,2498.2344908428786,1,0,1,France,Male,Premium,1
9524,75,14,424,29.273741603612386,560.5237378717558,3,1,0,Germany,Male,Regular,0
9525,23,27,659,12.966426518775437,287.25963494989435,2,0,1,France,Male,Regular,0
9526,36,3,802,7.279186229675734,850.5508232128155,4,1,1,France,Male,Regular,0
9527,35,48,472,62.280400973633334,2517.751004847733,3,0,0,France,Female,Regular,1
9528,23,64,693,49.51961758648533,390.4534369375834,4,1,1,Germany,Male,Regular,0
9529,62,42,760,34.43673315426787,651.3814448613294,2,1,0,France,Female,Premium,1
9530,50,48,419,27.516304437515014,171.646764714498,3,0,1,Germany,Male,Regular,1
9531,40,37,572,19.44645897605946,1027.2648646750754,4,0,0,France,Female,Premium,0
9532,40,43,657,4.606242091229969,440.06295301566183,2,1,1,France,Male,Regular,0
9533,43,50,685,17.781606359500998,344.46541346542847,4,1,1,Spain,Male,Regular,0
9534,30,25,618,91.12989298486877,780.2877735651693,4,0,1,Germany,Female,Regular,0
9535,24,35,560,76.54875982697958,230.0291068964655,4,0,0,Germany,Female,Regular,0
9536,32,68,580,179.348146202843,506.18308382581256,3,0,1,France,Female,Regular,0
9537,61,0,628,53.36543670230572,50.0,3,1,0,France,Female,Premium,0
9538,44,52,423,40.33144672672797,205.60107792717207,2,1,1,Spain,Male,Regular,0
9539,43,3,775,17.552005562248606,1131.53560736941,4,1,1,France,Female,Regular,1
9540,50,36,577,3.9987319689962733,83.28553110092551,3,0,0,France,Male,Regular,0
9541,32,1,392,48.119133901811985,678.190478611698,3,0,1,France,Female,Regular,0
9542,53,72,846,33.487374237247494,591.4763220219489,4,1,1,France,Female,Regular,1
9543,62,40,427,71.16337887606146,228.11495428584297,2,0,1,Germany,Female,Regular,0
9544,72,50,831,26.539337096388273,426.60580733809496,1,0,1,Germany,Female,Premium,0
9545,44,46,466,211.85774193458667,544.9791973755425,4,1,1,Spain,Male,Regular,0
9546,74,25,535,25.342680704508318,239.36122250182672,2,1,0,Spain,Male,Premium,1
9547,22,68,331,20.253631875110017,260.8869487220422,1,1,1,France,Female,Regular,0
9548,78,65,530,102.39186368058999,136.99356920385821,2,0,1,France,Female,Regular,0
9549,19,58,490,25.16821171626182,287.26567341875534,1,1,0,Germany,Male,Regular,0
9550,72,67,807,102.35736077162625,316.5007971846873,1,1,1,Germany,Female,Regular,0
9551,75,58,756,1.3867689939783057,687.9308223921712,2,1,1,Germany,Male,Regular,0
9552,50,9,554,58.979184420290885,912.8585976427926,3,0,1,Spain,Male,Premium,0
9553,33,12,578,3.7282508637134155,1498.5047488762793,2,0,1,France,Male,Premium,0
9554,40,1,355,8.02208166889694,551.4445075396886,1,0,0,France,Female,Premium,0
9555,55,14,405,60.21114509148402,397.82419796687367,4,0,1,France,Female,Premium,0
9556,72,45,491,17.105036229098964,282.97009988757407,1,1,1,Spain,Male,Premium,0
9557,33,56,577,11.8135546638298,271.4656595363214,1,1,1,France,Female,Regular,0
9558,31,21,843,80.85489316197402,1642.406701456005,2,1,0,France,Male,Premium,1
9559,46,21,474,146.16766363608295,888.2473368627507,1,1,1,France,Male,Regular,0
9560,43,7,384,13.223065241011275,1306.4517961380814,4,1,1,France,Female,Regular,0
9561,52,20,515,19.077368287660494,721.4008089615924,3,1,1,Germany,Female,Regular,0
9562,32,21,313,62.600990786212066,488.08151948947364,4,0,1,France,Male,Regular,0
9563,20,44,336,84.44918961956489,520.3597661041116,3,0,1,Germany,Female,Premium,0
9564,40,39,326,250.0,426.1090711430592,4,1,1,France,Female,Premium,0
9565,46,21,369,15.966943360481501,115.34717005985455,3,0,1,Germany,Female,Regular,0
9566,51,29,453,40.66624529468523,153.46751596289818,2,0,1,Spain,Male,Regular,0
9567,50,61,737,7.194612150422401,1501.4510624694421,3,0,0,Germany,Male,Premium,0
9568,58,72,570,20.08661207897049,618.6893806702508,2,0,1,France,Male,Regular,0
9569,58,44,840,2.300551466523088,50.0,4,0,1,France,Male,Regular,0
9570,40,45,373,11.83921719413923,1246.8291174476783,1,0,0,Germany,Female,Regular,1
9571,24,41,448,35.31617813149614,407.9824249088858,2,1,1,France,Female,Regular,0
9572,20,4,805,8.941928841666853,781.8710878363466,3,1,1,France,Female,Premium,0
9573,75,26,309,110.0842149340042,190.28737767740148,2,1,1,France,Female,Regular,0
9574,49,69,801,61.947024038233565,393.0712748616892,2,1,1,Germany,Male,Regular,0
9575,48,61,361,1.4063954536622159,510.5167272366659,2,0,0,Germany,Male,Regular,0
9576,35,31,687,104.65737431448832,517.5329389251676,2,1,1,France,Female,Regular,0
9577,60,7,531,189.31578184312247,457.4481801397843,1,0,1,Germany,Female,Premium,0
9578,24,17,827,34.84386341146134,547.7894762861923,2,0,1,Spain,Female,Regular,0
9579,58,14,849,18.88841241148098,183.77140420738192,4,1,1,Spain,Female,Regular,0
9580,18,33,744,15.289888729534674,457.4654896613323,2,1,0,France,Male,Regular,1
9581,78,52,620,4.5739485951606484,732.0928762818322,2,0,1,France,Female,Regular,0
9582,31,43,382,33.825259303909085,484.6053216527605,1,1,1,Germany,Male,Regular,0
9583,69,31,733,2.5720348468931635,608.9618063741141,4,0,1,France,Female,Regular,0
9584,49,27,316,35.04255814129797,290.74360772983323,1,1,1,Spain,Female,Regular,0
9585,23,38,668,14.5542889731376,147.2500093289268,1,1,1,France,Female,Premium,0
9586,56,31,554,32.35441386624206,774.2924526027383,4,0,0,Germany,Female,Regular,0
9587,27,26,755,27.097253002745074,653.2205729124718,4,1,0,France,Male,Regular,1
9588,24,72,832,18.20039191520915,625.1999636898287,2,1,1,Germany,Male,Premium,1
9589,43,10,691,29.768206633213524,1138.7899760907535,4,1,1,France,Male,Regular,0
9590,51,31,619,32.125924827184406,216.87003137748505,2,1,1,Spain,Female,Regular,0
9591,47,19,519,89.69561772373754,1638.7274173247756,1,1,1,France,Female,Regular,0
9592,53,39,713,54.798291197197045,283.7302929824316,2,0,0,Spain,Male,Regular,1
9593,38,7,331,28.383609989386656,446.0869468100187,2,1,1,France,Male,Regular,0
9594,79,34,315,117.82141735453627,266.4755834340477,4,0,1,France,Male,Regular,0
9595,77,68,708,70.47626131236963,237.49865588001197,1,1,1,Germany,Female,Regular,0
9596,34,20,472,3.9368432928427595,372.0494289680252,4,0,0,France,Female,Premium,0
9597,50,23,478,8.346776313922526,511.77320932171193,1,0,1,Spain,Male,Premium,0
9598,27,16,796,4.259808561510938,662.563308596885,3,0,1,France,Female,Regular,0
9599,68,17,403,19.199617326310523,469.21646832992377,1,0,1,Germany,Male,Regular,0
9600,80,11,616,28.60373324152533,987.2326774460821,1,1,1,France,Female,Regular,0
9601,64,15,480,35.08376436142532,152.89701756767866,1,1,1,Germany,Male,Premium,0
9602,59,3,431,95.32896204471764,469.1568947904394,1,1,1,France,Female,Premium,0
9603,68,33,454,0.9059728061323398,1089.788296265819,2,1,1,Germany,Male,Regular,0
9604,29,45,658,27.956031030248447,1157.548253542675,4,1,1,Spain,Female,Regular,0
9605,73,30,534,26.4663167091768,367.76497925346666,1,1,1,France,Female,Premium,0
9606,33,24,464,147.32419325239547,80.8669552994679,2,1,1,France,Female,Regular,0
9607,58,23,726,13.79010712952663,416.23705289893076,4,1,1,Germany,Male,Regular,0
9608,49,64,787,6.528549627122014,722.0947543585315,2,1,1,France,Male,Premium,1
9609,32,24,512,7.6727251547914594,52.51831187718355,1,1,1,France,Female,Regular,0
9610,79,27,456,36.713328040563205,506.77813198743473,4,1,1,France,Male,Regular,0
9611,44,35,374,24.788953281360367,1860.628854649063,1,0,1,France,Male,Regular,0
9612,45,5,734,70.15006304271056,162.62443015649924,3,1,0,Spain,Male,Regular,0
9613,34,65,477,19.517671257844324,613.6930377873022,2,1,1,Spain,Male,Regular,0
9614,63,66,611,6.84609968262315,182.5822697115957,1,1,1,Germany,Male,Regular,0
9615,76,72,426,24.459386834474515,135.51214618247022,4,1,0,Germany,Male,Regular,1
9616,67,47,676,107.29429060451649,556.5208097266894,4,1,1,France,Female,Premium,0
9617,75,69,644,26.003961449048322,92.25025772122201,2,0,1,France,Male,Regular,0
9618,19,66,524,89.67636829438672,1260.3223612103488,3,1,1,Spain,Female,Regular,0
9619,80,53,316,23.223356069763454,317.06128531482796,1,0,0,Germany,Female,Regular,1
9620,53,64,796,16.521519941009473,409.3225007276699,4,1,1,France,Female,Regular,0
9621,67,43,772,74.5522486748483,1265.971653740087,3,1,1,France,Female,Regular,0
9622,24,69,610,11.73769251688157,598.1758420487314,4,1,0,Spain,Male,Regular,1
9623,30,45,436,13.187256772594669,1229.9514455018277,2,1,0,France,Male,Premium,1
9624,32,18,774,2.5548150620180183,986.7371591453299,4,1,1,France,Male,Regular,0
9625,42,63,516,10.403247306687632,50.0,3,1,1,Germany,Female,Regular,0
9626,40,72,495,23.806348422770146,50.0,4,0,1,Spain,Male,Regular,0
9627,77,70,500,25.50568542146834,56.69901237038213,3,1,1,France,Male,Regular,0
9628,39,52,665,27.290533535672346,491.24912498150877,2,0,1,Spain,Male,Regular,1
9629,80,62,827,32.66680768336068,295.3002848628747,2,1,1,Spain,Female,Regular,0
9630,43,40,699,42.42116317602511,849.7838057103364,2,1,1,France,Female,Regular,0
9631,50,6,824,10.500818586984737,338.75338764441227,4,0,1,Spain,Male,Regular,0
9632,28,8,513,47.58866582707465,1124.5788342928895,2,0,1,Spain,Male,Regular,0
9633,27,3,640,20.51543502951573,1588.0394432630458,2,1,1,France,Female,Premium,0
9634,42,48,628,66.21496643403634,578.8239411804811,2,1,0,Spain,Female,Regular,0
9635,54,5,418,40.73235641513796,155.66038214376684,3,1,1,Germany,Female,Regular,0
9636,65,20,724,40.40194053732885,377.70745610042457,2,1,1,France,Male,Premium,0
9637,60,14,672,57.83649159868271,717.2947984359449,4,1,1,Spain,Male,Regular,0
9638,70,66,478,20.249685283305393,98.16934956499627,4,1,1,France,Female,Regular,0
9639,55,65,731,28.038705225385108,417.93299746356575,2,0,1,France,Male,Premium,0
9640,58,63,701,43.721208367303824,366.8362700187253,4,1,0,France,Male,Regular,1
9641,62,64,693,27.37064415326685,509.95868552889806,2,0,0,Spain,Male,Regular,1
9642,41,31,378,29.37250877508918,143.3447805250448,2,1,1,France,Female,Regular,0
9643,57,65,723,15.906175536611137,183.6545267561224,4,1,1,France,Female,Premium,0
9644,63,28,417,16.94070066000463,531.46701947915,1,1,0,France,Female,Regular,0
9645,73,65,667,60.025175963832844,243.093387045008,4,0,0,Germany,Female,Regular,0
9646,50,33,405,0.21451661773890543,897.80465873754,3,0,1,France,Male,Premium,0
9647,34,26,404,5.007064765093448,1770.1157388638578,3,0,1,Spain,Male,Regular,0
9648,41,59,602,148.61044599891315,141.78205276552228,1,1,1,Germany,Male,Regular,0
9649,54,38,447,10.352320529778341,1262.3622442743203,3,0,1,Germany,Female,Regular,0
9650,74,43,449,27.07462854125679,1138.5439057293884,4,1,1,Spain,Female,Premium,0
9651,19,35,555,94.75115461945485,600.902106103777,4,0,0,France,Female,Regular,0
9652,49,18,381,0.0051188883135780405,483.6125638574507,3,0,1,Germany,Female,Regular,0
9653,74,44,315,129.6329608533073,334.35207274914313,2,0,0,Spain,Male,Regular,0
9654,77,20,492,2.74861446390335,823.5333333920931,3,0,1,Germany,Female,Regular,0
9655,79,22,373,9.368858717403592,235.2711901173975,1,0,0,France,Female,Premium,0
9656,41,26,576,1.476772607327083,1824.351449399414,3,1,1,France,Female,Regular,0
9657,26,71,360,36.648488548648785,176.12582224278424,1,0,1,France,Male,Regular,0
9658,21,18,835,143.3179972176022,2000.0,1,0,1,Spain,Female,Premium,0
9659,34,36,834,91.32891705312221,1317.064930360334,4,1,0,Spain,Male,Premium,1
9660,34,23,642,51.047650437965245,667.9994755124598,3,1,0,France,Male,Regular,1
9661,70,27,694,10.25834504257278,159.08992621440987,2,1,1,Spain,Male,Regular,0
9662,67,59,557,101.85631895885936,693.3961405774893,1,0,0,France,Female,Regular,1
9663,65,67,497,70.27903587723135,863.298003623857,3,0,1,France,Female,Regular,0
9664,47,50,352,15.52009545465532,306.4167749410088,3,1,0,France,Female,Regular,0
9665,57,47,570,81.76065365860494,603.1203758272513,4,1,1,Spain,Female,Premium,0
9666,75,9,500,104.8401035832202,351.0462885900188,2,1,1,Spain,Male,Regular,0
9667,28,70,695,59.903846365811376,306.8465377027312,2,0,0,France,Female,Regular,1
9668,38,38,677,5.289372059463072,559.0842311191179,3,0,1,France,Male,Regular,0
9669,38,18,834,207.53572551439254,957.3998535039423,2,1,0,Spain,Female,Premium,0
9670,35,63,387,3.9522138825267317,583.9071532737761,1,1,1,France,Male,Premium,0
9671,72,25,697,53.13436755273927,1396.858635059294,4,1,0,France,Male,Regular,1
9672,46,60,481,5.856208243297091,1751.885310956138,3,0,0,Spain,Female,Premium,1
9673,41,12,582,117.91195122661004,972.5723271508002,2,0,1,Germany,Male,Regular,0
9674,27,24,832,21.53742917427423,1396.9265370191565,3,1,1,Germany,Female,Regular,0
9675,62,41,489,35.821099729842736,1410.8789300584547,2,0,0,France,Male,Regular,0
9676,34,38,504,9.84709075266444,187.7720530648273,1,1,1,France,Male,Premium,0
9677,35,32,343,39.54485758795822,685.6489302839124,3,1,0,France,Male,Regular,1
9678,59,4,599,139.71301742636356,1018.3062695306804,4,0,1,Germany,Female,Regular,0
9679,65,19,578,115.95253075414978,205.3720412142297,2,1,0,Spain,Male,Regular,1
9680,37,20,684,3.301430616063498,1016.302971629477,4,1,0,Germany,Male,Regular,0
9681,54,49,610,23.761543894748485,242.02611265558892,4,0,0,France,Male,Regular,0
9682,62,5,827,15.559912007459516,691.0193344521401,1,0,1,Germany,Male,Regular,0
9683,35,49,573,32.82740630851474,443.70661931950957,1,1,1,France,Male,Premium,0
9684,34,72,781,89.70686339812829,1538.7686927962186,2,1,1,France,Male,Regular,1
9685,26,-5,750,67.13335808811142,1334.9999798811193,3,0,0,Spain,Male,Regular,1
9686,31,56,831,21.07806234689672,732.7526349802004,2,1,1,France,Female,Premium,0
9687,66,29,830,24.117239822214028,689.5489646803679,2,1,1,Germany,Female,Regular,0
9688,46,57,824,53.10268733716042,2000.0,1,1,1,France,Male,Regular,0
9689,48,51,316,10.79754706513661,515.0524215999523,2,1,1,France,Male,Premium,0
9690,21,31,329,5.419812617055445,2026.428187941995,2,1,0,France,Male,Premium,1
9691,35,47,769,13.892426642765363,286.9448705932544,3,1,1,France,Male,Regular,0
9692,76,0,603,6.621310541144751,595.6470532271719,2,1,1,France,Male,Premium,0
9693,37,18,392,21.692013347457134,1202.4789607625282,3,0,1,Spain,Female,Regular,0
9694,73,45,461,138.68209107525163,1078.946654947155,2,0,1,France,Female,Premium,0
9695,73,66,627,6.408687154734228,500.4996318565654,1,0,1,Germany,Female,Regular,0
9696,64,1,553,85.27600900357044,828.8469356976195,2,0,1,Germany,Female,Regular,0
9697,60,55,739,38.248061903855515,82.95823956583219,3,1,0,France,Male,Regular,0
9698,61,27,843,50.10646845334479,798.6576754853734,4,1,0,France,Male,Regular,1
9699,26,18,419,9.321441084598455,1071.0785281101685,3,1,0,France,Female,Regular,1
9700,30,26,813,8.20679483199917,803.2704609626511,2,1,1,France,Male,Premium,0
9701,32,54,848,8.881250750323243,1325.7811900134143,2,0,1,France,Female,Regular,0
9702,44,38,396,54.99008124116458,697.8379578584471,2,0,0,France,Female,Premium,1
9703,32,59,669,68.8743166454163,457.65503674757656,3,1,1,France,Female,Premium,0
9704,45,27,716,126.43975737354003,1219.2708651206435,3,1,0,Germany,Male,Premium,0
9705,54,37,556,25.390870371722706,881.6093271628748,1,1,0,France,Female,Regular,1
9706,72,24,427,30.99199067812123,735.9848827849263,2,0,1,Germany,Female,Regular,0
9707,36,25,658,31.705722173249406,204.56227584961906,4,1,1,France,Female,Premium,0
9708,43,70,455,15.728544771130121,590.4657610386023,3,1,1,France,Female,Regular,0
9709,69,16,356,19.892160533607157,275.34454699914363,3,1,1,Spain,Female,Regular,0
9710,43,6,375,93.8071559837034,387.27839476239075,3,1,1,France,Male,Regular,0
9711,42,53,457,21.05855402908288,183.6081646733422,3,0,0,Spain,Male,Regular,1
9712,43,63,384,101.66459137341519,1151.412767426196,4,1,0,Germany,Male,Regular,0
9713,43,32,621,18.211435200151023,724.6824502844364,1,1,1,France,Female,Regular,1
9714,63,40,608,20.76692165892345,787.3117596636088,4,1,0,Germany,Male,Regular,1
9715,45,71,829,41.080955042539344,646.0120107264,4,1,0,France,Female,Regular,1
9716,66,15,583,5.442041978439429,458.3051507497075,3,0,1,Germany,Male,Regular,0
9717,35,50,341,127.59225340519787,50.0,3,1,1,France,Female,Regular,0
9718,49,23,433,85.85111123326085,93.84397590835734,2,0,1,France,Female,Regular,1
9719,70,60,703,55.50952706075082,2608.5381925903607,1,1,0,France,Male,Premium,1
9720,20,15,792,221.6660541294286,936.9411454937443,1,1,1,Germany,Female,Premium,0
9721,19,59,521,0.8064366446196544,285.90234823614486,1,0,1,Spain,Male,Regular,0
9722,50,39,528,26.471575269148918,988.1684968117985,2,0,0,Germany,Male,Regular,0
9723,59,66,751,97.71735240646294,167.3388705676971,1,0,0,Spain,Male,Premium,0
9724,36,1,605,28.371322575532666,739.5520021624745,4,1,1,France,Male,Regular,0
9725,34,47,418,0.2627560400250648,426.94592366270103,3,0,1,France,Male,Regular,0
9726,61,51,623,8.58416415688768,1251.6477399582745,4,1,1,Germany,Male,Regular,0
9727,50,23,458,28.46445730213341,364.1408165236447,4,0,1,France,Male,Premium,0
9728,29,1,538,55.12316385364262,122.86061742741924,1,0,1,Germany,Male,Regular,0
9729,66,64,695,8.875911665325916,99.21265661592066,3,0,1,France,Male,Premium,0
9730,73,19,619,29.714262176735463,197.7215814199039,1,1,1,France,Female,Regular,0
9731,80,33,488,0.6435507507325734,884.1547562961225,1,0,0,Germany,Male,Premium,1
9732,20,40,608,32.456564731757425,331.7777967666721,3,1,0,Germany,Male,Regular,0
9733,60,40,548,113.131922669061,239.26079846725347,2,1,1,France,Male,Premium,0
9734,66,22,837,45.412163923608,838.7780810203212,2,1,1,France,Female,Regular,0
9735,72,37,805,29.04949755940538,609.3201248780751,2,1,1,France,Female,Regular,0
9736,43,43,693,8.852334809900572,1274.8135914457055,3,0,1,France,Male,Premium,0
9737,52,66,705,11.308566741182588,1021.5867922238009,4,1,1,Spain,Female,Regular,0
9738,25,61,480,3.9797626852624246,309.1636063783334,4,0,0,France,Male,Regular,0
9739,69,21,320,67.81950783179933,246.45758320042466,3,1,0,Spain,Male,Premium,1
9740,53,29,454,4.013630907014852,309.3969033532468,1,0,0,France,Male,Regular,0
9741,70,64,493,24.221262433103636,805.3929423533734,1,0,1,France,Female,Regular,0
9742,71,40,523,69.28366640259361,597.4424077510946,3,1,1,France,Male,Regular,0
9743,24,19,698,62.38277409433596,303.0382668801727,1,1,1,Germany,Male,Regular,0
9744,63,5,579,43.08209845064441,867.3086637359603,1,1,0,France,Male,Regular,0
9745,63,3,309,42.350797321141926,666.34245652176,2,1,1,Germany,Female,Regular,0
9746,53,9,675,4.733563613515716,413.9507560558912,3,1,1,France,Female,Regular,0
9747,33,50,771,9.613459850859215,159.54450943832106,2,0,1,France,Female,Regular,0
9748,41,38,451,38.25842348682324,889.4468127556391,4,1,0,France,Male,Regular,1
9749,78,0,423,21.391696374577972,409.9505140713426,4,0,0,Germany,Female,Regular,0
9750,71,7,723,0.9559352170008586,245.1017943372091,4,0,1,France,Male,Regular,0
9751,79,62,822,80.0156666356232,244.38217684250148,4,1,1,France,Male,Regular,0
9752,18,46,812,53.03884795320805,819.7634882435893,1,1,0,France,Female,Premium,1
9753,66,14,470,19.710346000278935,460.82460810125366,1,1,1,France,Male,Regular,0
9754,42,30,424,5.1684138127289785,1180.868665197463,2,1,1,Germany,Male,Premium,0
9755,27,20,474,44.72655503823565,203.5731713168322,3,0,0,Germany,Female,Regular,0
9756,71,2,803,21.427698453357802,127.15708696907116,1,1,1,Germany,Female,Regular,0
9757,33,72,684,14.744689860824373,1183.706882763183,3,1,0,Spain,Male,Regular,1
9758,33,34,405,63.91134118061418,320.7382565575903,2,0,1,France,Female,Regular,0
9759,75,52,827,19.886013426419,337.0743619847096,4,1,0,France,Male,Premium,1
9760,25,58,337,7.311931814329293,378.15183793964195,1,1,1,France,Male,Regular,0
9761,46,20,694,32.85559097730388,1375.0961048355593,4,1,1,Spain,Male,Premium,1
9762,56,55,776,88.14862734225493,428.6298754894215,2,1,1,Germany,Female,Regular,0
9763,45,44,766,94.74238981301208,172.14172089793055,3,1,1,France,Male,Regular,0
9764,23,58,804,94.63753215233751,727.3536912896566,1,1,1,France,Male,Premium,0
9765,33,49,614,27.315718218121333,2009.633853834878,3,1,1,Germany,Female,Regular,1
9766,37,11,584,78.255314889554,676.3210207616677,3,0,1,Germany,Male,Regular,0
9767,33,11,763,94.93298113115411,1460.3498695108524,4,1,0,Germany,Female,Regular,0
9768,24,32,563,30.76656692801409,387.3509390738722,1,1,1,France,Male,Regular,0
9769,58,48,728,19.190517861464777,118.75482957035871,2,0,1,France,Female,Regular,0
9770,31,20,664,60.52714145594521,335.6677410864944,1,0,1,Germany,Male,Regular,0
9771,60,59,480,117.41536639065117,942.3467794759722,3,1,1,France,Female,Premium,0
9772,43,51,543,179.0505774534148,822.4395884176706,4,1,1,France,Male,Premium,0
9773,43,53,612,17.14034933991088,410.02392131239674,3,0,1,France,Female,Premium,0
9774,31,38,375,156.37304304669232,1629.409899901633,3,0,1,France,Female,Regular,0
9775,24,48,561,34.58563516647653,372.66328119096437,1,1,1,Spain,Male,Regular,0
9776,50,63,530,18.266666296153115,225.52014852178732,3,1,1,France,Male,Regular,0
9777,43,25,679,222.8293641186882,402.48491080273254,1,0,1,France,Female,Premium,0
9778,74,70,608,105.10807486268014,708.5329262209549,1,1,1,Germany,Female,Premium,0
9779,62,6,687,58.95044870645428,1727.2971798014212,3,0,1,France,Female,Regular,0
9780,37,71,624,112.66224454027729,282.9631457837636,4,1,0,Spain,Female,Regular,0
9781,80,61,755,57.204736420755296,696.1981549288932,3,1,1,Spain,Male,Regular,0
9782,20,23,811,29.02699119972876,335.5604945588735,4,1,1,France,Female,Regular,0
9783,69,39,642,147.87325175412934,227.93196795438024,3,1,1,Germany,Male,Premium,0
9784,21,46,815,165.17769319604767,540.7851282338341,2,0,1,Germany,Male,Regular,0
9785,78,7,741,18.856646384955148,538.8769384049954,2,1,1,France,Male,Premium,0
9786,43,53,848,21.878396776985014,609.346382335802,2,1,0,France,Female,Premium,0
9787,28,8,561,24.12166316547765,237.8026752213124,3,1,0,France,Male,Regular,0
9788,19,2,762,86.33960092517079,193.98667859700512,3,0,1,France,Female,Regular,0
9789,31,53,526,78.30590819734765,166.66705921053145,4,0,0,Germany,Female,Regular,0
9790,61,20,822,204.06679146289517,823.4753896927884,2,0,1,France,Female,Regular,0
9791,47,47,488,31.29440040941266,87.57558437829019,1,1,1,Germany,Female,Regular,0
9792,66,46,508,66.73580324030543,509.3281566081237,2,0,1,France,Female,Regular,0
9793,29,67,312,97.14789002234568,303.89917235773385,2,1,1,Germany,Female,Regular,0
9794,43,62,461,12.502004481241391,865.4774289652289,1,1,1,France,Male,Regular,0
9795,61,15,792,48.45233734312405,749.1847539902606,2,1,1,Germany,Female,Regular,0
9796,50,4,734,39.67132872787311,485.69564210779157,2,1,0,France,Male,Premium,0
9797,30,19,304,67.90031441223404,1519.0869240711418,4,0,0,France,Female,Premium,1
9798,31,35,501,59.44238547547668,198.0418870080484,2,1,0,France,Male,Regular,1
9799,41,69,715,83.77691218856302,507.6142309748852,1,1,1,France,Female,Regular,0
9800,79,47,311,18.636237818693797,288.56951731168687,1,0,0,Spain,Female,Regular,0
9801,51,14,696,12.190047160070609,492.39010171812953,2,0,1,France,Male,Premium,0
9802,61,33,640,81.78876864729884,258.9992602286502,3,1,1,France,Female,Regular,0
9803,43,59,672,22.358392567689062,598.1384605348248,2,0,1,France,Male,Premium,0
9804,38,61,677,16.95393056820309,163.90996454036286,1,1,1,France,Female,Regular,0
9805,45,1,524,20.535330454796874,205.92068342896033,1,1,1,France,Male,Regular,0
9806,65,18,481,3.4328959000974475,220.8103670194982,1,0,0,Germany,Male,Regular,0
9807,53,48,596,74.17206749587237,505.89517291187514,3,1,0,France,Male,Regular,0
9808,57,27,606,62.79132305454753,50.0,3,0,0,Germany,Female,Regular,0
9809,19,47,730,40.22544490966093,315.1242791430034,3,1,1,Germany,Female,Regular,0
9810,59,36,417,62.95401553115282,1234.217224381304,2,0,1,Germany,Male,Regular,0
9811,26,48,651,23.351057403246422,542.191501150964,1,1,1,Spain,Female,Regular,0
9812,40,48,345,17.504056273176786,861.6667266147531,2,1,1,France,Female,Regular,1
9813,32,72,526,99.13425290409752,579.4561871641021,2,1,1,Spain,Female,Premium,1
9814,30,28,655,27.448408675716614,231.59307862937237,3,1,1,France,Female,Regular,0
9815,40,59,593,10.902338834777765,1210.491726385245,2,1,1,France,Female,Regular,0
9816,34,28,539,69.1238658878532,1191.3717988934727,4,1,1,France,Male,Regular,0
9817,79,57,647,20.464007879656897,585.157744876494,3,0,1,Germany,Male,Regular,0
9818,65,47,440,11.903425124236547,483.9292108332773,3,1,1,France,Female,Premium,0
9819,77,22,503,1.3795722403142303,107.89880407251886,1,1,1,France,Male,Regular,0
9820,19,39,568,176.3410205958841,512.0747200004132,4,1,0,France,Male,Premium,1
9821,37,6,612,31.488846824720778,441.1373092171463,4,0,1,France,Female,Regular,0
9822,37,48,717,8.822414294966961,160.59309500911016,4,1,1,Germany,Male,Premium,0
9823,76,53,436,70.90187623457548,396.92009570648594,1,1,1,Spain,Male,Regular,0
9824,63,72,650,109.30731604333417,1386.9706243550725,2,1,0,France,Male,Regular,1
9825,20,41,460,37.53542417025914,558.7010820954199,2,1,1,France,Female,Regular,0
9826,72,58,472,1.4384678241970723,370.0851257902355,1,1,1,Germany,Male,Regular,0
9827,29,43,429,22.717772075066367,492.1113792218434,2,1,1,Germany,Male,Premium,0
9828,57,25,378,13.926314781542576,577.0666484337921,4,1,1,Germany,Female,Premium,0
9829,19,22,356,50.58469790555337,77.45161568492802,1,1,1,Germany,Female,Regular,0
9830,53,72,699,36.57962110563038,801.9107438846714,4,1,1,Germany,Female,Regular,0
9831,31,13,662,21.98240042995313,1551.1409659709957,4,1,0,Spain,Male,Regular,1
9832,33,52,634,52.27800926979859,1032.3922860148382,1,1,1,Germany,Male,Regular,0
9833,36,13,433,43.905123982321506,815.6489849411877,3,0,1,France,Male,Regular,0
9834,51,70,313,118.48441137595564,312.8422868683715,1,1,1,Spain,Female,Regular,0
9835,61,6,582,45.416494218750344,186.6324911734516,1,1,1,France,Female,Premium,0
9836,78,8,720,35.43455668535469,919.8386564240723,3,1,1,France,Female,Regular,0
9837,63,2,426,86.76992584078252,279.7714107047498,3,0,1,France,Male,Regular,0
9838,23,16,517,11.308636059803076,554.5604235341597,4,1,1,France,Female,Premium,0
9839,30,43,788,13.95690831207134,174.35252215899018,3,1,0,France,Female,Premium,0
9840,53,45,559,76.52512975562412,50.0,3,1,1,France,Male,Regular,0
9841,39,57,517,29.20120803325141,1117.8300554058428,4,1,1,Germany,Female,Premium,0
9842,35,27,788,26.316921553430255,1567.3628238663457,4,1,1,France,Female,Premium,0
9843,29,13,742,109.05287804849802,96.44142582951662,4,1,1,Spain,Female,Premium,0
9844,69,8,398,47.094407702864146,222.87146698821317,4,1,1,France,Male,Regular,0
9845,76,34,481,81.20452201635457,1773.0332173209563,1,0,0,Germany,Female,Premium,1
9846,71,1,468,82.99417583948431,231.54950182118552,4,1,0,Germany,Female,Regular,0
9847,47,33,532,6.393183275242202,304.1052256161096,1,1,1,France,Male,Premium,0
9848,70,18,392,53.02283739052687,385.5631890789552,4,1,1,Germany,Male,Regular,0
9849,68,38,771,152.36847999366725,884.0040308719172,1,1,0,Germany,Male,Premium,0
9850,57,12,815,32.69892821011442,1149.955055354375,1,1,1,Germany,Female,Regular,0
9851,24,4,384,65.87246112474762,1149.5166394355037,1,1,1,Spain,Female,Regular,0
9852,49,49,818,41.82004409542808,675.9295276706492,1,1,1,France,Male,Regular,0
9853,65,34,680,11.460972000022842,1014.1193458804754,3,1,1,Spain,Female,Regular,1
9854,36,28,706,10.857679209466923,758.6159779327152,1,1,1,France,Female,Regular,0
9855,23,71,531,28.443324152848152,232.75737767968374,3,1,1,France,Male,Regular,0
9856,37,25,550,32.98470860814904,617.6062057910955,3,1,1,Spain,Female,Premium,0
9857,44,56,384,34.97158862984314,191.00755703422666,1,0,1,Germany,Female,Regular,0
9858,70,0,618,155.05548113717785,559.5292316146706,4,1,1,Germany,Female,Premium,0
9859,60,27,492,5.282169124014615,125.46166525592697,3,1,0,Germany,Female,Premium,0
9860,54,61,599,23.94428667407312,201.01424625456082,1,1,1,Germany,Male,Premium,0
9861,65,46,657,36.133684983594854,179.3648017944036,2,1,1,Germany,Female,Regular,0
9862,24,58,752,164.9944514380991,117.87771809302784,3,1,1,France,Female,Regular,0
9863,76,30,805,35.09071327398489,136.7956532128755,4,1,1,France,Male,Premium,0
9864,22,69,364,74.64405254908351,559.7671764376314,2,0,0,France,Female,Regular,0
9865,28,48,521,69.17054771522689,588.762537471135,3,0,1,France,Male,Regular,0
9866,32,4,765,41.78672120138145,383.1073055675216,1,1,1,Germany,Female,Regular,0
9867,20,30,371,7.003527863785972,288.0503185266488,1,1,1,Spain,Female,Premium,0
9868,75,36,773,12.343561337012336,266.4672062803947,1,1,1,Spain,Male,Regular,0
9869,22,14,318,13.731070677556136,236.123992972482,1,1,1,France,Male,Premium,0
9870,40,51,821,1.971338397122526,534.0089483309314,4,1,1,Germany,Male,Regular,0
9871,70,68,714,23.838766062924066,2000.0,4,1,0,Germany,Female,Premium,0
9872,54,10,663,47.146332251983296,764.3748680551129,3,0,1,France,Male,Regular,0
9873,26,42,827,7.789802394934224,560.0285966907596,1,1,1,France,Female,Premium,0
9874,32,69,379,9.620777092043578,394.97384887968366,2,1,1,Spain,Male,Regular,0
9875,20,22,489,61.376800515590524,468.3564548993416,3,0,1,Spain,Male,Premium,0
9876,46,39,447,9.271522548820696,452.6065727040322,2,1,1,Spain,Male,Regular,0
9877,23,62,742,7.270689916364568,677.0698015383886,1,1,0,France,Female,Regular,0
9878,34,1,564,190.47757748134524,402.6812602599116,1,1,1,Spain,Male,Regular,0
9879,43,72,808,0.7422461701406865,99.29759839213754,1,0,1,Germany,Male,Regular,0
9880,38,46,600,19.6823733175684,323.4633423675873,3,0,0,Germany,Female,Regular,0
9881,25,37,765,1.7780771966235331,759.7970990159176,2,0,0,Germany,Male,Regular,1
9882,38,15,664,91.02282396668392,571.6871950121632,1,1,1,France,Female,Regular,0
9883,74,58,698,43.797728479672145,626.1276662596108,1,1,1,France,Female,Premium,0
9884,28,46,792,2.4569835389132777,1032.3138942869264,1,1,1,Spain,Female,Premium,0
9885,55,29,841,47.772652360167164,274.1687782883248,3,1,1,France,Male,Premium,0
9886,25,8,779,6.5679102216617835,341.81435552072855,3,0,1,France,Male,Regular,0
9887,59,64,467,34.23243056817322,62.18141833651124,1,0,1,France,Female,Regular,0
9888,41,66,390,55.344257915508585,710.8101560289764,2,1,0,France,Male,Regular,1
9889,78,63,599,8.038201913028686,149.97109606294933,1,1,0,Spain,Female,Regular,0
9890,52,7,473,34.363266405543754,202.0007395558813,3,1,1,Spain,Female,Premium,0
9891,72,51,672,30.570151050573855,781.9179184692725,1,1,1,France,Male,Regular,0
9892,31,17,323,123.69861852880604,404.0638302657275,4,1,1,France,Female,Premium,0
9893,72,57,500,250.0,438.1980491845967,2,1,1,France,Male,Regular,0
9894,31,60,306,53.13443389822275,801.2540439684378,4,1,0,Spain,Female,Regular,1
9895,27,31,305,96.50253337293739,1112.1645768126932,3,0,1,France,Female,Regular,0
9896,29,42,460,52.04764398759,220.06471091250347,4,1,0,Spain,Male,Regular,1
9897,55,44,547,104.48924468190275,329.6251141741957,2,1,1,France,Male,Regular,0
9898,61,62,465,28.393794987208114,478.78880816842263,2,0,1,France,Male,Regular,1
9899,72,45,727,46.82337833264968,1093.9117826504114,4,1,0,France,Female,Regular,0
9900,63,30,444,93.27122291754533,309.02334393143474,1,1,1,France,Male,Regular,0
9901,51,36,810,125.10409735222242,849.1732526211077,4,1,1,Germany,Female,Regular,0
9902,58,15,842,1.249622959499163,996.6087786994786,3,1,1,Germany,Male,Regular,0
9903,27,45,808,5.488103430739542,319.2990010582471,4,0,1,Spain,Female,Regular,0
9904,75,45,519,133.8072765635738,158.4944682037103,4,1,1,Germany,Male,Regular,0
9905,34,60,375,42.025404624977895,231.22135598980722,3,1,1,France,Female,Regular,0
9906,34,45,618,231.22832385520118,313.4694693564451,4,1,1,Spain,Female,Premium,0
9907,20,55,337,78.66326573342651,287.9196866729327,4,1,1,France,Female,Premium,1
9908,79,61,813,85.22595645198965,685.7341486344744,3,1,1,France,Male,Regular,0
9909,48,34,545,24.397994730205177,1095.2346626520555,4,1,1,Germany,Male,Regular,0
9910,68,41,439,14.88940755253991,630.3638186341734,4,0,0,France,Male,Regular,0
9911,18,44,557,45.59740548382948,444.38513126272755,2,0,1,France,Female,Regular,0
9912,29,67,680,105.61150232765107,416.66234856885393,3,1,1,France,Male,Regular,0
9913,56,46,777,64.67637221677911,671.1456957976786,2,1,1,France,Male,Regular,0
9914,21,29,484,31.949537758850106,218.14474183007158,3,1,1,Spain,Male,Regular,0
9915,59,35,602,69.95894579031213,1119.6892712108845,1,1,0,France,Male,Regular,1
9916,30,65,793,58.62332301589899,673.9676172522715,2,0,1,Germany,Male,Premium,0
9917,51,42,463,122.12192129759411,420.15666436840235,1,1,1,France,Male,Premium,0
9918,59,30,502,15.296187106764448,1224.4251064298653,4,0,0,France,Female,Regular,1
9919,38,36,707,6.352562239412829,926.2825413936722,1,1,0,France,Male,Premium,1
9920,39,60,509,31.748740550279948,449.89370010294897,4,1,1,France,Male,Regular,0
9921,74,32,400,22.398864858746357,367.11139454544957,1,0,0,France,Male,Regular,1
9922,21,12,745,184.16703520139927,1259.8053056533424,4,0,1,Germany,Female,Regular,0
9923,35,70,667,0.3766242870389823,480.88843571539826,4,0,1,Germany,Male,Premium,0
9924,22,20,538,135.4398204571567,1666.5127276133192,1,1,0,Germany,Male,Regular,1
9925,36,46,590,155.14274203561772,330.4171004608798,2,1,0,France,Male,Regular,1
9926,19,33,671,2.615131061878575,393.4001986359265,3,1,0,Germany,Female,Regular,1
9927,29,51,730,110.1686047486032,484.8671036063539,2,0,1,Spain,Male,Premium,0
9928,34,43,579,31.81744309807271,815.4967603159184,1,0,1,Spain,Male,Regular,0
9929,27,63,766,72.65392720363502,244.33024880689126,4,1,1,France,Female,Regular,0
9930,51,12,615,4.12863654405153,123.50342984858675,1,1,1,Germany,Male,Regular,0
9931,23,27,376,155.28360080325484,64.07362038752524,3,0,0,Spain,Male,Regular,0
9932,25,0,450,46.767112635464706,230.34403792344526,1,1,1,France,Female,Premium,0
9933,78,42,695,114.48063167843634,299.05195538972447,2,1,1,Spain,Male,Regular,0
9934,68,41,795,55.88411263550051,701.6596599813082,4,1,1,Germany,Male,Regular,0
9935,28,49,596,38.48092883767841,462.66550848438396,2,0,1,France,Male,Regular,0
9936,80,59,706,9.467047821451482,592.286883596009,4,1,1,Germany,Male,Premium,0
9937,74,0,586,9.797954140858756,204.14513438745055,2,1,1,Germany,Female,Premium,0
9938,80,50,792,31.9869838699198,509.65241342405005,2,1,1,Spain,Female,Premium,0
9939,29,15,835,102.1814143050845,851.198078541513,1,1,1,France,Male,Regular,0
9940,26,38,755,6.12073790793443,307.03996120160195,3,1,0,France,Male,Regular,0
9941,19,14,791,250.0,1403.4683204678865,2,1,0,Spain,Male,Regular,0
9942,25,32,308,104.33831773776667,50.0,1,1,0,Spain,Female,Regular,0
9943,75,52,431,24.924992514102364,192.0517962048241,4,1,0,Germany,Female,Regular,0
9944,28,16,376,14.592425718638872,497.87196183901995,4,1,1,Germany,Male,Regular,0
9945,77,2,430,127.54981957834059,616.637357967134,2,1,0,France,Male,Regular,1
9946,70,25,711,6.574480737139683,482.1461337853687,4,1,0,Spain,Male,Premium,1
9947,53,68,389,21.331112677065214,144.7959078380442,3,0,1,Spain,Female,Premium,0
9948,27,39,797,4.382161473445476,1034.0079921887227,1,1,1,Spain,Female,Regular,0
9949,38,29,653,153.37460533241688,82.44741430619591,2,1,0,France,Male,Regular,0
9950,37,68,570,48.067405591606395,304.57518639945675,3,0,0,Spain,Male,Regular,0
9951,65,6,691,20.48718576588642,248.31368095846497,1,1,1,France,Female,Regular,0
9952,25,12,731,16.112514064381084,934.8604353773145,1,1,1,Germany,Female,Regular,0
9953,53,3,771,29.357829590865265,119.10315665815207,2,1,1,Spain,Female,Regular,0
9954,46,49,607,4.791331892691258,300.4343939803989,4,1,0,France,Male,Regular,0
9955,59,-1,807,110.06867722491067,663.8708051346972,1,1,0,France,Male,Regular,1
9956,29,11,354,35.76354342069115,337.6354263781438,1,1,1,France,Female,Premium,0
9957,78,64,336,64.56705310100533,415.96605606652014,4,1,1,Germany,Male,Regular,0
9958,31,26,354,13.312068246012569,652.541042860093,4,1,0,France,Female,Premium,0
9959,65,49,823,35.033697878229624,543.9739205893916,2,1,1,France,Female,Regular,0
9960,71,16,762,11.854906780648045,557.6018762259142,2,0,1,France,Male,Regular,0
9961,67,71,777,84.66669317594734,419.4792689875753,1,1,0,Spain,Female,Regular,0
9962,38,26,510,74.64389451570749,409.65545819810836,4,0,0,France,Male,Regular,1
9963,39,50,525,8.020312503365115,436.1242942940507,2,1,0,France,Male,Regular,0
9964,38,16,306,3.8714301610598802,285.9462601407111,2,0,0,Spain,Female,Premium,0
9965,61,33,839,86.91948652529294,151.74704376467386,4,1,1,Germany,Female,Premium,0
9966,67,40,511,5.806914091874572,348.7988185856767,4,0,1,France,Female,Premium,1
9967,47,23,488,39.75722132724189,661.3057516981582,1,1,1,France,Male,Premium,0
9968,56,63,374,38.230794785077194,560.3481366903079,4,1,0,Spain,Female,Premium,1
9969,37,17,413,11.34152123259846,144.49451542710696,2,1,0,Germany,Female,Premium,0
9970,41,49,450,44.745602884725194,436.0196312621556,4,1,1,France,Male,Premium,0
9971,40,45,735,34.93364169155019,709.9914615986347,3,1,1,France,Female,Regular,0
9972,24,47,383,35.58483035407748,665.6774297749754,1,1,1,France,Female,Regular,0
9973,26,32,511,22.290921281909284,80.0808079624021,4,1,1,Germany,Male,Regular,0
9974,18,26,760,91.14039310783375,779.9906876343799,1,1,1,Germany,Male,Regular,0
9975,43,0,476,4.40717703871241,1183.6722627394356,4,0,1,France,Male,Regular,0
9976,55,57,611,28.868133506706723,379.07699441826156,3,1,0,Germany,Male,Premium,1
9977,55,9,458,15.0428479464566,108.09683319892204,2,0,0,Spain,Female,Regular,0
9978,71,24,485,94.33645849761788,1030.9741532249832,2,1,1,France,Male,Regular,0
9979,78,64,770,12.749805270600344,271.96684511115063,2,1,0,Spain,Male,Regular,1
9980,61,72,608,72.84116850005611,943.9554685168729,1,1,1,Germany,Female,Premium,1
9981,39,14,545,47.27507749145884,85.7288408050832,2,1,1,France,Male,Premium,0
9982,61,27,683,103.88824954585225,328.7743906196806,2,0,0,Germany,Female,Regular,0
9983,27,12,341,45.04473591895128,105.82043120614657,1,0,1,France,Male,Regular,0
9984,72,13,584,40.65111136771911,1035.2645059879453,1,1,1,France,Female,Regular,0
9985,79,72,599,80.7551815125909,306.71623653390265,2,1,0,Germany,Female,Premium,1
9986,75,33,735,41.33238199722873,50.0,4,1,1,France,Male,Regular,0
9987,23,24,668,93.06900298519423,258.77063428101513,3,1,1,France,Female,Premium,0
9988,34,53,785,2.5287844284691308,465.1698061770148,1,1,1,France,Female,Regular,0
9989,68,11,735,34.174681683230475,1052.7568930157597,3,0,1,Germany,Female,Regular,0
9990,67,8,727,83.74991801210999,413.1175042711485,3,0,0,France,Male,Regular,0
9991,55,30,480,94.31399652923118,1170.3043984213373,1,0,1,Germany,Female,Premium,0
9992,41,58,639,89.80505725668392,469.02377337555214,3,1,1,France,Male,Regular,1
9993,68,51,790,46.36522299764936,870.9032580562659,4,0,0,Germany,Female,Premium,1
9994,27,37,794,250.0,883.9527434720452,2,1,1,France,Male,Regular,0
9995,73,41,462,10.007149435428845,752.9182030277734,4,0,1,Germany,Female,Premium,0
9996,25,71,755,9.585731458108494,606.7535824635765,3,1,1,Germany,Male,Regular,0
9997,38,47,391,1.668671171334592,382.02557364919556,2,1,1,France,Female,Regular,0
9998,73,66,404,227.0496001864696,456.2056584294292,1,1,0,France,Male,Regular,0
9999,23,65,738,21.387108542819668,370.8290091290309,4,0,1,Germany,Male,Regular,0
10000,38,15,797,71.78561381733141,357.51708734591483,2,1,1,Germany,Female,Premium,0
